Respondent_ID,Segment,Anket_Adi,Anket_Tarihi,G1_Acente_Adi,Acente_Adi,Sehir,Bolge,G6_Ad_Soyad,G7_Bolum,G5_Sorumlu_Segment,G4_Gorev_Satis,G4X_Gorev_Sigorta,G3_Calisma_Suresi,Acente_Satis_Basarisi_Endeks_100,M7_Oneri_Duzeyi_Kod,M7_Oneri_Duzeyi,M1c_Baska_Kurumla_Calisiyor_mu,M1a_Yogun_Calisilan_Kurumlar,M1b_Tercih_Nedeni,M4a_Genel_Memnuniyet_Finans,M3_Brand_Retention,M6_Recommendation_NPS,M6x_Brand_Importance,M10_Sadakat_Unsuru_mu,M11_Neden,M8_Mutlu_Eden_Etkenler,M9_Iyilestirilecek_Konular,S1_1_Ziyaret_Genel_Memnuniyet,S1_2_Ziyaret_Sikligi_Memnuniyet,S3a_Kredilendirme_Sureci,S3b_Stenos_CRM_Memnuniyeti,S3bx_Stenos_CRM_Memnuniyeti_Sigorta,S3b_1_CRM_Sistem_Hizi,S3c_CRM_Memnuniyetsizlik_Nedeni,S5c_Egitim_Memnuniyeti,S6_Mobil_App_Bahsediyor_mu,S7_Mobil_App_Oneriyor_mu,S8_Onermeme_Nedeni,Q1_En_Basarili_Sigorta_Sirketleri,M4aX_Kasko_Genel_Memnuniyet,M6x_Kasko_Tavsiye,Q3_Kasko_Onerme_Egilimi,Q5_Onermeme_Nedeni,Q6_Onerme_Nedeni,M1_Veri_Paylasim_Izni,CRM_Memnuniyeti_Birlesik,CRM_Endeks_100,NPS_Kategori,Genel_Memnuniyet_Birlesik
DSI-00001,Bayi Çalışanı / DSI,Stenos Auto_2025_DSI_Soru_Formu_Stenos CRM_v6Final,2026-02-16,Stenos İstanbul Maslak,Stenos İstanbul Maslak,İstanbul,Marmara Bölgesi,Selaheddin Kırat Seven,Sigorta,,,Sigorta Danışmanı,3 yıldan fazla,67.2,,,,,,,,,,,,,,,,,,9.0,9,,,,,,Axa; Anadolu Anonim Türk; Aksigorta,9.0,10.0,8,,"Teminat kapsamı geniş, müşteri memnun kalıyor",1,9.0,88.9,,9.0
DSI-00002,Bayi Çalışanı / DSI,Stenos Auto_2025_DSI_Soru_Formu_Stenos CRM_v6Final,2026-04-16,Stenos Trabzon Ortahisar,Stenos Trabzon Ortahisar,Trabzon,Karadeniz Bölgesi,Kerman Yüksel,Satış,Tüm segmentler,Satış Danışmanı / 2.El Satış Danışmanı / Satış Pazarlama Sorumlusu,,3 yıldan fazla,78.1,5.0,Kredi için önerdiğim tek finans kurumudur,1.0,Stenos Auto Finans; Anadolubank; AlBaraka,Evrak süreci daha basit,7.0,8.0,5.0,10.0,1.0,,Çözüm odaklı olmaları; Finansal açıdan güçlü bir kurum olması,Evrakların sık sık kaybolması; Kolay ulaşılır olmaması; Faizlerin yüksek olması; Telefonların hep meşgul olması ya da cevap verilmemesi,5.0,99.0,6.0,10.0,,9,,7.0,1.0,2.0,Uygulamayı yeterince tanımıyorum,,,,7,,"Teminat kapsamı geniş, müşteri memnun kalıyor",1,10.0,100.0,Detractor,7.0
DSI-00003,Bayi Çalışanı / DSI,Stenos Auto_2025_DSI_Soru_Formu_Stenos CRM_v6Final,2025-02-05,Stenos Adana Seyhan,Stenos Adana Seyhan,Adana,Akdeniz Bölgesi,Gülseren Şama,Sigorta,,,Sigorta Danışmanı,1 yıl – 3 yıl arası,54.9,,,,,,,,,,,,,,,,,,6.0,6,"Ekranlar arası geçiş yavaş, rapor almak zor",,,,,Türkiye Sigorta; Hepiyi; Allianz,6.0,3.0,8,,"Teminat kapsamı geniş, müşteri memnun kalıyor",2,6.0,55.6,,6.0
DSI-00004,Bayi Çalışanı / DSI,Stenos Auto_2025_DSI_Soru_Formu_Stenos CRM_v6Final,2025-01-21,Stenos Antalya Muratpaşa,Stenos Antalya Muratpaşa,Antalya,Akdeniz Bölgesi,Muktedir Akdeniz,Satış,Tüm segmentler,Filo Satış Danışmanı,,1 yıldan daha az bir süredir,80.5,2.0,Nadiren önerdiğim finans kurumudur,2.0,Stenos Auto Finans; Kuveyt Türk,Uzun süredir çalışıyoruz,8.0,10.0,6.0,8.0,1.0,,Bankalar gibi şube limitinin olmaması; Yeniden borcu yapılandırması,"Evrakların yavaş kontrol edilmesi; Telefonlara geri dönülmemesi; Sürecin hiçbir aşamasında geri bildirim yapılmaması; Prim sisteminde acenteye ödeme yapılması, paranın kesintiye uğraması",5.0,9.0,8.0,10.0,,9,,6.0,1.0,1.0,,,,,7,,"Teminat kapsamı geniş, müşteri memnun kalıyor",1,10.0,100.0,Detractor,8.0
DSI-00005,Bayi Çalışanı / DSI,Stenos Auto_2025_DSI_Soru_Formu_Stenos CRM_v6Final,2025-01-02,Stenos Bursa Nilüfer,Stenos Bursa Nilüfer,Bursa,Marmara Bölgesi,Büreyre Zebirce Gül Karadeniz,Satış,Otomobil,Satış Danışmanı / 2.El Satış Danışmanı / Satış Pazarlama Sorumlusu,,3 yıldan fazla,75.4,3.0,Önerdiğim birkaç finans kurumundan biridir,1.0,Stenos Auto Finans; Ziraat Bankası; Türkiye Finans,Faiz avantajı,6.0,6.0,3.0,6.0,2.0,Rakip kurumların koşulları daha esnek kalıyor,Kolay ulaşılabilirlik; Yeniden borcu yapılandırması; Kontaktaki kişilerin olumlu sıcak yaklaşımları; Güvenilir bir kurum olması,Kolay ulaşılır olmaması; Telefonların hep meşgul olması ya da cevap verilmemesi,5.0,5.0,7.0,5.0,,7,"Ekranlar arası geçiş yavaş, rapor almak zor",7.0,1.0,1.0,,,,,4,Fiyat rekabetçi değil / hasar süreci yavaş,,1,5.0,44.4,Detractor,6.0
DSI-00006,Bayi Çalışanı / DSI,Stenos Auto_2025_DSI_Soru_Formu_Stenos CRM_v6Final,2026-02-13,Stenos Diyarbakır Kayapınar,Stenos Diyarbakır Kayapınar,Diyarbakır,Güney Doğu Anadolu Bölgesi,Aliseydi Aslan,Satış,Tüm segmentler,Filo Satış Müdürü,,1 yıldan daha az bir süredir,74.2,4.0,Kredi için en sık önerdiğim finans kurumudur,1.0,Stenos Auto Finans; Akbank,Onay süreleri kısa,7.0,8.0,10.0,10.0,1.0,,Kontaktaki kişilerin olumlu sıcak yaklaşımları; Bankalar gibi şube limitinin olmaması; Düşük faiz uygulaması; Stenos CRM üzerinden takip yapılabilmesi,Satış danışmanlarının inisiyatif almaması; Banka kadar esnek olunmaması; Evrakların yavaş kontrol edilmesi,5.0,6.0,8.0,9.0,,10,,7.0,1.0,2.0,Müşteriler dijital kullanmak istemiyor,,,,3,Fiyat rekabetçi değil / hasar süreci yavaş,,1,9.0,88.9,Promoter,7.0
DSI-00007,Bayi Çalışanı / DSI,Stenos Auto_2025_DSI_Soru_Formu_Stenos CRM_v6Final,2026-05-26,Stenos Ankara Çankaya,Stenos Ankara Çankaya,Ankara,İç Anadolu Bölgesi,Şehza Tevetoğlu Türk,Satış,Tüm segmentler,Satış Danışmanı / 2.El Satış Danışmanı / Satış Pazarlama Sorumlusu,,3 yıldan fazla,90.8,4.0,Kredi için en sık önerdiğim finans kurumudur,1.0,Stenos Auto Finans; ING,Müşteri temsilcisi desteği iyi,9.0,8.0,9.0,6.0,1.0,,Stenos CRM üzerinden takip yapılabilmesi; Sabit faiz uygulaması,Evrakların sık sık kaybolması; İşlemlerin hallolması için kişisel bazda çaba harcanma ihtiyacı,7.0,9.0,9.0,9.0,,9,,10.0,1.0,1.0,,,,,8,,"Teminat kapsamı geniş, müşteri memnun kalıyor",1,9.0,88.9,Promoter,9.0
DSI-00008,Bayi Çalışanı / DSI,Stenos Auto_2025_DSI_Soru_Formu_Stenos CRM_v6Final,2025-06-30,Stenos Kayseri Melikgazi,Stenos Kayseri Melikgazi,Kayseri,İç Anadolu Bölgesi,Coşkun Sezgin,Satış,Otomobil,Acente Operasyon Sorumlusu (S.O.S.),,1 yıldan daha az bir süredir,63.1,,,,,,7.0,,,5.0,1.0,,Toplam paket sunması (sigorta gibi); Sabit faiz uygulaması; Çözüm odaklı olmaları,"Sürecin hiçbir aşamasında geri bildirim yapılmaması; Tecrübesiz çalışanlarının olması; Telefonların hep meşgul olması ya da cevap verilmemesi; Prim sisteminde acenteye ödeme yapılması, paranın kesintiye uğraması",,,6.0,6.0,,5,"Ekranlar arası geçiş yavaş, rapor almak zor",7.0,1.0,1.0,,,,,5,Fiyat rekabetçi değil / hasar süreci yavaş,,1,6.0,55.6,,7.0
DSI-00009,Bayi Çalışanı / DSI,Stenos Auto_2025_DSI_Soru_Formu_Stenos CRM_v6Final,2026-03-09,Stenos Ankara Çankaya,Stenos Ankara Çankaya,Ankara,İç Anadolu Bölgesi,Nihai Bilir,Satış,Hafif ticari araçlar,Acente Operasyon Sorumlusu (S.O.S.),,3 yıldan fazla,98.8,,,,,,8.0,,,10.0,2.0,Rakip kurumların koşulları daha esnek kalıyor,Kontaktaki kişilerin olumlu sıcak yaklaşımları; Çözüm odaklı olmaları; Yeniden borcu yapılandırması; Toplam paket sunması (sigorta gibi),Telefonlara geri dönülmemesi,,,9.0,8.0,,7,,6.0,1.0,1.0,,,,,9,,"Teminat kapsamı geniş, müşteri memnun kalıyor",1,8.0,77.8,,8.0
DSI-00010,Bayi Çalışanı / DSI,Stenos Auto_2025_DSI_Soru_Formu_Stenos CRM_v6Final,2026-02-05,Stenos İstanbul Kadıköy,Stenos İstanbul Kadıköy,İstanbul,Marmara Bölgesi,Merba Çamurcuoğlu,Satış,Otomobil,Satış müdürü,,3 yıldan fazla,77.5,5.0,Kredi için önerdiğim tek finans kurumudur,1.0,Stenos Auto Finans; Vakıflar Bankası; Denizbank,Onay süreleri kısa,7.0,5.0,9.0,7.0,1.0,,Esnek ödeme planı sunması; Sabit faiz uygulaması; Stenos CRM üzerinden takip yapılabilmesi,Tecrübesiz çalışanlarının olması; Yoğun olmalarından dolayı işlerin ilerlememesi; Evrakların sık sık kaybolması,7.0,7.0,6.0,8.0,,7,,10.0,1.0,1.0,,,,,8,,"Teminat kapsamı geniş, müşteri memnun kalıyor",2,8.0,77.8,Promoter,7.0
DSI-00011,Bayi Çalışanı / DSI,Stenos Auto_2025_DSI_Soru_Formu_Stenos CRM_v6Final,2026-06-18,Stenos Ankara Çankaya,Stenos Ankara Çankaya,Ankara,İç Anadolu Bölgesi,Dirlik İhsanoğlu,Satış,Otomobil,Showroom Müdürü/ 2. El Showroom Müdürü,,1 yıl – 3 yıl arası,86.6,4.0,Kredi için en sık önerdiğim finans kurumudur,1.0,Stenos Auto Finans; Garanti Bankası; Türkiye Finans,Evrak süreci daha basit,9.0,9.0,9.0,7.0,1.0,,Bankalar gibi şube limitinin olmaması; Yeniden borcu yapılandırması; Finansal açıdan güçlü bir kurum olması,Banka kadar esnek olunmaması; Evrakların sık sık kaybolması,9.0,7.0,7.0,10.0,,6,,8.0,1.0,1.0,,,,,9,,"Teminat kapsamı geniş, müşteri memnun kalıyor",1,10.0,100.0,Promoter,9.0
DSI-00012,Bayi Çalışanı / DSI,Stenos Auto_2025_DSI_Soru_Formu_Stenos CRM_v6Final,2025-09-05,Stenos Erzurum Yakutiye,Stenos Erzurum Yakutiye,Erzurum,Doğu Anadolu Bölgesi,Ziyaettin Demir,Satış,Hafif ticari araçlar,Acente Operasyon Sorumlusu (S.O.S.),,3 yıldan fazla,45.7,,,,,,6.0,,,4.0,1.0,,Finansal açıdan güçlü bir kurum olması; Stenos CRM üzerinden takip yapılabilmesi; Esnek ödeme planı sunması,Kolay ulaşılır olmaması,,,5.0,7.0,,8,,5.0,1.0,1.0,,,,,5,Fiyat rekabetçi değil / hasar süreci yavaş,,1,7.0,66.7,,6.0
DSI-00013,Bayi Çalışanı / DSI,Stenos Auto_2025_DSI_Soru_Formu_Stenos CRM_v6Final,2025-03-31,Stenos İzmir Bornova,Stenos İzmir Bornova,İzmir,Ege Bölgesi,Öğr. Şehreban Demirel Bilir,Sigorta,,,Sigorta Danışmanı,1 yıl – 3 yıl arası,68.3,,,,,,,,,,,,,,,,,,8.0,7,,,,,,Allianz; Axa; Zurich,8.0,8.0,7,,"Teminat kapsamı geniş, müşteri memnun kalıyor",2,8.0,77.8,,8.0
DSI-00014,Bayi Çalışanı / DSI,Stenos Auto_2025_DSI_Soru_Formu_Stenos CRM_v6Final,2026-03-11,Stenos İstanbul Kadıköy,Stenos İstanbul Kadıköy,İstanbul,Marmara Bölgesi,Hayrünnisa Durmuş Hayrioğlu,Satış,Hafif ticari araçlar,Satış Danışmanı / 2.El Satış Danışmanı / Satış Pazarlama Sorumlusu,,1 yıldan daha az bir süredir,71.8,3.0,Önerdiğim birkaç finans kurumundan biridir,1.0,Stenos Auto Finans; QNB Fibabank,Faiz avantajı,8.0,9.0,6.0,7.0,1.0,,Sabit faiz uygulaması; Kontaktaki kişilerin olumlu sıcak yaklaşımları,Yoğun olmalarından dolayı işlerin ilerlememesi; Telefonlara geri dönülmemesi,99.0,9.0,7.0,5.0,,4,"Ekranlar arası geçiş yavaş, rapor almak zor",8.0,1.0,1.0,,,,,9,,"Teminat kapsamı geniş, müşteri memnun kalıyor",1,5.0,44.4,Detractor,8.0
DSI-00015,Bayi Çalışanı / DSI,Stenos Auto_2025_DSI_Soru_Formu_Stenos CRM_v6Final,2026-04-06,Stenos Malatya Battalgazi,Stenos Malatya Battalgazi,Malatya,Doğu Anadolu Bölgesi,Nurseda Sidar Duran,Satış,Otomobil,Satış müdürü,,3 yıldan fazla,41.9,5.0,Kredi için önerdiğim tek finans kurumudur,2.0,Stenos Auto Finans; Halk Bankası,Faiz avantajı,5.0,3.0,4.0,1.0,2.0,Rakip kurumların koşulları daha esnek kalıyor,Güvenilir bir kurum olması; Düşük faiz uygulaması,Fazla evrak istenmesi; Yeterince eğitim verilmemesi,5.0,99.0,3.0,5.0,,6,"Ekranlar arası geçiş yavaş, rapor almak zor",5.0,1.0,2.0,Süreçte hatırlamıyorum,,,,7,,"Teminat kapsamı geniş, müşteri memnun kalıyor",1,5.0,44.4,Detractor,5.0
DSI-00016,Bayi Çalışanı / DSI,Stenos Auto_2025_DSI_Soru_Formu_Stenos CRM_v6Final,2026-02-07,Stenos Erzurum Yakutiye,Stenos Erzurum Yakutiye,Erzurum,Doğu Anadolu Bölgesi,Meveddet Kader Arsoy Zorlu,Satış,Tüm segmentler,Satış müdürü,,1 yıl – 3 yıl arası,43.7,2.0,Nadiren önerdiğim finans kurumudur,1.0,Stenos Auto Finans; ING,Faiz avantajı,8.0,9.0,7.0,8.0,1.0,,Güvenilir bir kurum olması; Finansal açıdan güçlü bir kurum olması; Toplam paket sunması (sigorta gibi),Telefonların hep meşgul olması ya da cevap verilmemesi; Yoğun olmalarından dolayı işlerin ilerlememesi; Sürecin hiçbir aşamasında geri bildirim yapılmaması; Eksik evrak bildiriminin geç haber verilmesi,10.0,8.0,5.0,7.0,,8,,8.0,2.0,1.0,,,,,8,,"Teminat kapsamı geniş, müşteri memnun kalıyor",2,7.0,66.7,Passive,8.0
DSI-00017,Bayi Çalışanı / DSI,Stenos Auto_2025_DSI_Soru_Formu_Stenos CRM_v6Final,2026-04-12,Stenos Bursa Nilüfer,Stenos Bursa Nilüfer,Bursa,Marmara Bölgesi,Öğr. Canur Sezgin Gül,Satış,Hafif ticari araçlar,Satış Danışmanı / 2.El Satış Danışmanı / Satış Pazarlama Sorumlusu,,3 yıldan fazla,83.9,5.0,Kredi için önerdiğim tek finans kurumudur,1.0,Stenos Auto Finans; Şekerbank; Ziraat Bankası,Onay süreleri kısa,8.0,7.0,10.0,9.0,1.0,,Çözüm odaklı olmaları; Güvenilir bir kurum olması,Satış danışmanlarının inisiyatif almaması; Banka kadar esnek olunmaması; Sürecin hiçbir aşamasında geri bildirim yapılmaması; Tecrübesiz çalışanlarının olması,10.0,6.0,7.0,9.0,,5,,7.0,1.0,1.0,,,,,8,,"Teminat kapsamı geniş, müşteri memnun kalıyor",1,9.0,88.9,Promoter,8.0
DSI-00018,Bayi Çalışanı / DSI,Stenos Auto_2025_DSI_Soru_Formu_Stenos CRM_v6Final,2025-07-23,Stenos Bursa Nilüfer,Stenos Bursa Nilüfer,Bursa,Marmara Bölgesi,Prof. Muhiye Çamurcuoğlu Bilir,Sigorta,,,Sigorta Danışmanı,3 yıldan fazla,75.0,,,,,,,,,,,,,,,,,,8.0,8,,,,,,Ray; Sompo; Axa,9.0,9.0,10,,"Teminat kapsamı geniş, müşteri memnun kalıyor",1,8.0,77.8,,9.0
DSI-00019,Bayi Çalışanı / DSI,Stenos Auto_2025_DSI_Soru_Formu_Stenos CRM_v6Final,2026-02-25,Stenos Erzurum Yakutiye,Stenos Erzurum Yakutiye,Erzurum,Doğu Anadolu Bölgesi,Mihriye Rojnu Türk Durdu,Satış,Tüm segmentler,Satış Danışmanı / 2.El Satış Danışmanı / Satış Pazarlama Sorumlusu,,3 yıldan fazla,40.0,2.0,Nadiren önerdiğim finans kurumudur,1.0,Stenos Auto Finans; Finans Bank; İş Bankası,Onay süreleri kısa,3.0,2.0,3.0,1.0,2.0,Rakip kurumların koşulları daha esnek kalıyor,Stenos CRM üzerinden takip yapılabilmesi; Kolay ulaşılabilirlik; Eski müşteriyi takip edebilme olanağı; Stenos CRM sisteminin iyi olması,Kolay ulaşılır olmaması; Telefonlara geri dönülmemesi; Teknolojik alt yapılarının olmaması,2.0,2.0,1.0,3.0,,2,"Ekranlar arası geçiş yavaş, rapor almak zor",3.0,2.0,2.0,Uygulamayı yeterince tanımıyorum,,,,4,Fiyat rekabetçi değil / hasar süreci yavaş,,1,3.0,22.2,Detractor,3.0
DSI-00020,Bayi Çalışanı / DSI,Stenos Auto_2025_DSI_Soru_Formu_Stenos CRM_v6Final,2025-05-23,Stenos Ankara Çankaya,Stenos Ankara Çankaya,Ankara,İç Anadolu Bölgesi,Doç. Bican Aclan Eraslan,Satış,Tüm segmentler,Acente Operasyon Sorumlusu (S.O.S.),,1 yıl – 3 yıl arası,86.0,,,,,,6.0,,,2.0,2.0,Rakip kurumların koşulları daha esnek kalıyor,Stenos CRM üzerinden takip yapılabilmesi; Sabit faiz uygulaması,Satış danışmanlarının inisiyatif almaması,,,6.0,8.0,,8,,7.0,1.0,1.0,,,,,9,,"Teminat kapsamı geniş, müşteri memnun kalıyor",1,8.0,77.8,,6.0
DSI-00021,Bayi Çalışanı / DSI,Stenos Auto_2025_DSI_Soru_Formu_Stenos CRM_v6Final,2025-08-21,Stenos İstanbul Maslak,Stenos İstanbul Maslak,İstanbul,Marmara Bölgesi,Çev. Fayize Gülinaz Şama,Satış,Hafif ticari araçlar,Satış Danışmanı / 2.El Satış Danışmanı / Satış Pazarlama Sorumlusu,,1 yıl – 3 yıl arası,69.0,1.0,Genelde önermediğim finans kurumudur,2.0,Stenos Auto Finans; Anadolubank,Faiz avantajı,8.0,10.0,8.0,10.0,1.0,,Esnek ödeme planı sunması; Eski müşteriyi takip edebilme olanağı; Çözüm odaklı olmaları; Stenos CRM üzerinden takip yapılabilmesi,Eksik evrak bildiriminin geç haber verilmesi; Sürecin hiçbir aşamasında geri bildirim yapılmaması,10.0,6.0,5.0,8.0,,7,,8.0,1.0,1.0,,,,,8,,"Teminat kapsamı geniş, müşteri memnun kalıyor",2,8.0,77.8,Passive,8.0
DSI-00022,Bayi Çalışanı / DSI,Stenos Auto_2025_DSI_Soru_Formu_Stenos CRM_v6Final,2025-05-09,Stenos Kayseri Melikgazi,Stenos Kayseri Melikgazi,Kayseri,İç Anadolu Bölgesi,Öğr. Serda İvecen Yüksel,Satış,Hafif ticari araçlar,Satış Danışmanı / 2.El Satış Danışmanı / Satış Pazarlama Sorumlusu,,3 yıldan fazla,67.1,5.0,Kredi için önerdiğim tek finans kurumudur,2.0,Stenos Auto Finans; AlBaraka,Onay süreleri kısa,5.0,6.0,4.0,6.0,2.0,Rakip kurumların koşulları daha esnek kalıyor,Çözüm odaklı olmaları; Bankalar gibi şube limitinin olmaması; Kontaktaki kişilerin olumlu sıcak yaklaşımları,Evrakların sık sık kaybolması; Telefonlara geri dönülmemesi,6.0,99.0,6.0,4.0,,2,"Ekranlar arası geçiş yavaş, rapor almak zor",6.0,1.0,1.0,,,,,5,Fiyat rekabetçi değil / hasar süreci yavaş,,1,4.0,33.3,Detractor,5.0
DSI-00023,Bayi Çalışanı / DSI,Stenos Auto_2025_DSI_Soru_Formu_Stenos CRM_v6Final,2025-03-30,Stenos Adana Seyhan,Stenos Adana Seyhan,Adana,Akdeniz Bölgesi,Arş. Gör. Nafile Eraslan İnönü,Satış,Tüm segmentler,Showroom Müdürü/ 2. El Showroom Müdürü,,3 yıldan fazla,64.2,2.0,Nadiren önerdiğim finans kurumudur,2.0,Stenos Auto Finans; Denizbank,Faiz avantajı,6.0,7.0,5.0,7.0,1.0,,Kontaktaki kişilerin olumlu sıcak yaklaşımları; Stenos CRM sisteminin iyi olması; Eski müşteriyi takip edebilme olanağı,Telefonlara geri dönülmemesi; Eksik evrak bildiriminin geç haber verilmesi,5.0,7.0,4.0,6.0,,6,"Ekranlar arası geçiş yavaş, rapor almak zor",5.0,1.0,1.0,,,,,5,Fiyat rekabetçi değil / hasar süreci yavaş,,2,6.0,55.6,Detractor,6.0
DSI-00024,Bayi Çalışanı / DSI,Stenos Auto_2025_DSI_Soru_Formu_Stenos CRM_v6Final,2025-01-31,Stenos Malatya Battalgazi,Stenos Malatya Battalgazi,Malatya,Doğu Anadolu Bölgesi,Doç. Tanses Ertaş Aksu,Satış,Otomobil,Satış Danışmanı / 2.El Satış Danışmanı / Satış Pazarlama Sorumlusu,,1 yıl – 3 yıl arası,46.6,3.0,Önerdiğim birkaç finans kurumundan biridir,1.0,Stenos Auto Finans; Alternatifbank; Garanti Bankası,Uzun süredir çalışıyoruz,8.0,7.0,4.0,7.0,2.0,Rakip kurumların koşulları daha esnek kalıyor,Sabit faiz uygulaması; Düşük faiz uygulaması; Bankalar gibi şube limitinin olmaması,Faizlerin yüksek olması; Kolay ulaşılır olmaması; Satış danışmanlarının inisiyatif almaması,10.0,6.0,9.0,7.0,,8,,6.0,1.0,2.0,Uygulamayı yeterince tanımıyorum,,,,7,,"Teminat kapsamı geniş, müşteri memnun kalıyor",2,7.0,66.7,Detractor,8.0
DSI-00025,Bayi Çalışanı / DSI,Stenos Auto_2025_DSI_Soru_Formu_Stenos CRM_v6Final,2026-01-20,Stenos İzmir Bornova,Stenos İzmir Bornova,İzmir,Ege Bölgesi,Ganiye Esengün Gül Duran,Satış,Tüm segmentler,Showroom Müdürü/ 2. El Showroom Müdürü,,3 yıldan fazla,62.4,3.0,Önerdiğim birkaç finans kurumundan biridir,1.0,Stenos Auto Finans; Vakıflar Bankası; İş Bankası,Evrak süreci daha basit,6.0,3.0,3.0,6.0,1.0,,Finansal açıdan güçlü bir kurum olması; Kontaktaki kişilerin olumlu sıcak yaklaşımları; Esnek ödeme planı sunması; Düşük faiz uygulaması,Eksik evrak bildiriminin geç haber verilmesi,6.0,2.0,4.0,8.0,,7,,5.0,1.0,1.0,,,,,3,Fiyat rekabetçi değil / hasar süreci yavaş,,1,8.0,77.8,Detractor,6.0
DSI-00026,Bayi Çalışanı / DSI,Stenos Auto_2025_DSI_Soru_Formu_Stenos CRM_v6Final,2026-05-25,Stenos Trabzon Ortahisar,Stenos Trabzon Ortahisar,Trabzon,Karadeniz Bölgesi,Uz. Zeyno Şensoy Yorulmaz,Satış,Otomobil,Satış müdürü,,3 yıldan fazla,77.0,4.0,Kredi için en sık önerdiğim finans kurumudur,2.0,Stenos Auto Finans; OdeaBank; Akbank,Müşteri temsilcisi desteği iyi,10.0,9.0,7.0,8.0,2.0,Rakip kurumların koşulları daha esnek kalıyor,Finansal açıdan güçlü bir kurum olması; Esnek ödeme planı sunması; Stenos CRM sisteminin iyi olması; Yeniden borcu yapılandırması,Tecrübesiz çalışanlarının olması,10.0,9.0,10.0,7.0,,9,,10.0,1.0,2.0,Müşteriler dijital kullanmak istemiyor,,,,9,,"Teminat kapsamı geniş, müşteri memnun kalıyor",1,7.0,66.7,Passive,10.0
DSI-00027,Bayi Çalışanı / DSI,Stenos Auto_2025_DSI_Soru_Formu_Stenos CRM_v6Final,2025-06-10,Stenos Erzurum Yakutiye,Stenos Erzurum Yakutiye,Erzurum,Doğu Anadolu Bölgesi,Şahat Şekim Erdoğan,Satış,Tüm segmentler,Satış Danışmanı / 2.El Satış Danışmanı / Satış Pazarlama Sorumlusu,,1 yıldan daha az bir süredir,47.3,2.0,Nadiren önerdiğim finans kurumudur,2.0,Stenos Auto Finans; TEB (Türk Ekonomi Bankası),Uzun süredir çalışıyoruz,6.0,4.0,5.0,6.0,2.0,Rakip kurumların koşulları daha esnek kalıyor,Düşük faiz uygulaması; Çözüm odaklı olmaları,Faizlerin yüksek olması,5.0,4.0,4.0,5.0,,3,"Ekranlar arası geçiş yavaş, rapor almak zor",8.0,1.0,1.0,,,,,5,Fiyat rekabetçi değil / hasar süreci yavaş,,1,5.0,44.4,Detractor,6.0
DSI-00028,Bayi Çalışanı / DSI,Stenos Auto_2025_DSI_Soru_Formu_Stenos CRM_v6Final,2025-08-14,Stenos Denizli Merkezefendi,Stenos Denizli Merkezefendi,Denizli,Ege Bölgesi,Çopur Abdurrahman Seven,Sigorta,,,Sigorta Danışmanı,1 yıl – 3 yıl arası,99.9,,,,,,,,,,,,,,,,,,8.0,10,,,,,,Zurich; Quick; Axa,10.0,9.0,10,,"Teminat kapsamı geniş, müşteri memnun kalıyor",1,8.0,77.8,,10.0
DSI-00029,Bayi Çalışanı / DSI,Stenos Auto_2025_DSI_Soru_Formu_Stenos CRM_v6Final,2025-01-25,Stenos İzmir Bornova,Stenos İzmir Bornova,İzmir,Ege Bölgesi,Şali Şener,Satış,Hafif ticari araçlar,2.El Satış Müdürü,,3 yıldan fazla,79.6,4.0,Kredi için en sık önerdiğim finans kurumudur,1.0,Stenos Auto Finans; Türkiye Finans,Evrak süreci daha basit,7.0,9.0,7.0,7.0,2.0,Rakip kurumların koşulları daha esnek kalıyor,Bankalar gibi şube limitinin olmaması; Kontaktaki kişilerin olumlu sıcak yaklaşımları; Sabit faiz uygulaması,Satış danışmanlarının inisiyatif almaması; Eksik evrak bildiriminin geç haber verilmesi; Tecrübesiz çalışanlarının olması,6.0,5.0,5.0,7.0,,5,,7.0,1.0,1.0,,,,,8,,"Teminat kapsamı geniş, müşteri memnun kalıyor",1,7.0,66.7,Passive,7.0
DSI-00030,Bayi Çalışanı / DSI,Stenos Auto_2025_DSI_Soru_Formu_Stenos CRM_v6Final,2025-07-14,Stenos Adana Seyhan,Stenos Adana Seyhan,Adana,Akdeniz Bölgesi,Dr. Yalın Binbaşar Yılmaz,Satış,Otomobil,Filo Satış Müdürü,,1 yıldan daha az bir süredir,59.8,3.0,Önerdiğim birkaç finans kurumundan biridir,1.0,Stenos Auto Finans; OdeaBank; Garanti Bankası,Uzun süredir çalışıyoruz,8.0,7.0,7.0,8.0,1.0,,Stenos CRM üzerinden takip yapılabilmesi; Kolay ulaşılabilirlik; Çözüm odaklı olmaları; Bankalar gibi şube limitinin olmaması,Tecrübesiz çalışanlarının olması,6.0,8.0,9.0,9.0,,10,,9.0,1.0,1.0,,,,,9,,"Teminat kapsamı geniş, müşteri memnun kalıyor",1,9.0,88.9,Passive,8.0
DSI-00031,Bayi Çalışanı / DSI,Stenos Auto_2025_DSI_Soru_Formu_Stenos CRM_v6Final,2025-05-24,Stenos Gaziantep Şahinbey,Stenos Gaziantep Şahinbey,Gaziantep,Güney Doğu Anadolu Bölgesi,Oranlı Ertaş,Satış,Otomobil,Acente Operasyon Sorumlusu (S.O.S.),,3 yıldan fazla,57.2,,,,,,6.0,,,7.0,1.0,,Güvenilir bir kurum olması; Toplam paket sunması (sigorta gibi),Telefonlara geri dönülmemesi,,,5.0,6.0,,4,"Ekranlar arası geçiş yavaş, rapor almak zor",6.0,1.0,1.0,,,,,3,Fiyat rekabetçi değil / hasar süreci yavaş,,2,6.0,55.6,,6.0
DSI-00032,Bayi Çalışanı / DSI,Stenos Auto_2025_DSI_Soru_Formu_Stenos CRM_v6Final,2025-11-26,Stenos Trabzon Ortahisar,Stenos Trabzon Ortahisar,Trabzon,Karadeniz Bölgesi,Badegül Şüküfe Çamurcuoğlu Güçlü,Satış,Otomobil,Satış Danışmanı / 2.El Satış Danışmanı / Satış Pazarlama Sorumlusu,,1 yıl – 3 yıl arası,78.0,3.0,Önerdiğim birkaç finans kurumundan biridir,2.0,Stenos Auto Finans; Alternatifbank; AlBaraka,Müşteri temsilcisi desteği iyi,8.0,10.0,6.0,8.0,1.0,,Toplam paket sunması (sigorta gibi); Çözüm odaklı olmaları; Sabit faiz uygulaması; Düşük faiz uygulaması,Eksik evrak bildiriminin geç haber verilmesi; Satış danışmanlarının inisiyatif almaması; Faizlerin yüksek olması; Telefonlara geri dönülmemesi,8.0,9.0,7.0,8.0,,7,,5.0,1.0,2.0,Müşteriler dijital kullanmak istemiyor,,,,10,,"Teminat kapsamı geniş, müşteri memnun kalıyor",1,8.0,77.8,Detractor,8.0
DSI-00033,Bayi Çalışanı / DSI,Stenos Auto_2025_DSI_Soru_Formu_Stenos CRM_v6Final,2026-05-29,Stenos Adana Seyhan,Stenos Adana Seyhan,Adana,Akdeniz Bölgesi,Bayan Ahter Duran Durmuş,Satış,Otomobil,Filo Satış Müdürü,,3 yıldan fazla,57.7,3.0,Önerdiğim birkaç finans kurumundan biridir,1.0,Stenos Auto Finans; Ziraat Bankası; İş Bankası,Evrak süreci daha basit,6.0,4.0,7.0,5.0,1.0,,Bankalar gibi şube limitinin olmaması; Kontaktaki kişilerin olumlu sıcak yaklaşımları; Yeniden borcu yapılandırması,Telefonların hep meşgul olması ya da cevap verilmemesi; Tecrübesiz çalışanlarının olması; Yeterince eğitim verilmemesi,6.0,6.0,4.0,7.0,,6,,6.0,2.0,1.0,,,,,5,Fiyat rekabetçi değil / hasar süreci yavaş,,2,7.0,66.7,Passive,6.0
DSI-00034,Bayi Çalışanı / DSI,Stenos Auto_2025_DSI_Soru_Formu_Stenos CRM_v6Final,2025-10-10,Stenos İstanbul Maslak,Stenos İstanbul Maslak,İstanbul,Marmara Bölgesi,Bayan Almast Yurdaser Gül,Sigorta,,,Sigorta Danışmanı,1 yıldan daha az bir süredir,66.4,,,,,,,,,,,,,,,,,,7.0,5,,,,,,Ray; Mapfre; Türkiye Sigorta,7.0,5.0,5,Fiyat rekabetçi değil / hasar süreci yavaş,,1,7.0,66.7,,7.0
DSI-00035,Bayi Çalışanı / DSI,Stenos Auto_2025_DSI_Soru_Formu_Stenos CRM_v6Final,2026-01-15,Stenos Adana Seyhan,Stenos Adana Seyhan,Adana,Akdeniz Bölgesi,Zebirce Arslan,Sigorta,,,Sigorta Danışmanı,1 yıl – 3 yıl arası,53.3,,,,,,,,,,,,,,,,,,8.0,7,,,,,,Zurich; Doğa; Ray,9.0,10.0,7,,"Teminat kapsamı geniş, müşteri memnun kalıyor",1,8.0,77.8,,9.0
DSI-00036,Bayi Çalışanı / DSI,Stenos Auto_2025_DSI_Soru_Formu_Stenos CRM_v6Final,2026-02-11,Stenos Ankara Çankaya,Stenos Ankara Çankaya,Ankara,İç Anadolu Bölgesi,Onuker Alemdar,Sigorta,,,Sigorta müdürü,1 yıldan daha az bir süredir,84.4,,,,,,,,,,,,,,,,,,10.0,10,,,,,,Aksigorta; Quick; Ray,9.0,9.0,8,,"Teminat kapsamı geniş, müşteri memnun kalıyor",1,10.0,100.0,,9.0
DSI-00037,Bayi Çalışanı / DSI,Stenos Auto_2025_DSI_Soru_Formu_Stenos CRM_v6Final,2025-03-16,Stenos Gaziantep Şahinbey,Stenos Gaziantep Şahinbey,Gaziantep,Güney Doğu Anadolu Bölgesi,Prof. Gül Deniz Çamurcuoğlu,Satış,Otomobil,Satış Danışmanı / 2.El Satış Danışmanı / Satış Pazarlama Sorumlusu,,3 yıldan fazla,66.1,2.0,Nadiren önerdiğim finans kurumudur,1.0,Stenos Auto Finans; TEB (Türk Ekonomi Bankası); Kuveyt Türk,Faiz avantajı,5.0,4.0,3.0,5.0,1.0,,Eski müşteriyi takip edebilme olanağı; Güvenilir bir kurum olması; Stenos CRM üzerinden takip yapılabilmesi; Toplam paket sunması (sigorta gibi),Evrakların sık sık kaybolması,6.0,4.0,3.0,6.0,,3,"Ekranlar arası geçiş yavaş, rapor almak zor",5.0,2.0,2.0,Süreçte hatırlamıyorum,,,,5,Fiyat rekabetçi değil / hasar süreci yavaş,,1,6.0,55.6,Detractor,5.0
DSI-00038,Bayi Çalışanı / DSI,Stenos Auto_2025_DSI_Soru_Formu_Stenos CRM_v6Final,2025-06-23,Stenos Bursa Nilüfer,Stenos Bursa Nilüfer,Bursa,Marmara Bölgesi,Recepali Bilgütay Yüksel Akar,Satış,Otomobil,Satış Danışmanı / 2.El Satış Danışmanı / Satış Pazarlama Sorumlusu,,3 yıldan fazla,82.8,5.0,Kredi için önerdiğim tek finans kurumudur,1.0,Stenos Auto Finans; HSBC Bank; Akbank,Uzun süredir çalışıyoruz,8.0,9.0,9.0,7.0,1.0,,Kontaktaki kişilerin olumlu sıcak yaklaşımları; Esnek ödeme planı sunması,Faizlerin yüksek olması; Telefonlara geri dönülmemesi,9.0,4.0,6.0,9.0,,10,,7.0,1.0,1.0,,,,,9,,"Teminat kapsamı geniş, müşteri memnun kalıyor",1,9.0,88.9,Promoter,8.0
DSI-00039,Bayi Çalışanı / DSI,Stenos Auto_2025_DSI_Soru_Formu_Stenos CRM_v6Final,2025-02-10,Stenos Denizli Merkezefendi,Stenos Denizli Merkezefendi,Denizli,Ege Bölgesi,Nejdet Aslan,Satış,Tüm segmentler,Satış müdürü,,3 yıldan fazla,81.3,3.0,Önerdiğim birkaç finans kurumundan biridir,1.0,Stenos Auto Finans; QNB Fibabank; Akbank,Uzun süredir çalışıyoruz,10.0,9.0,8.0,8.0,1.0,,Stenos CRM sisteminin iyi olması; Eski müşteriyi takip edebilme olanağı; Güvenilir bir kurum olması,Faizlerin yüksek olması,7.0,9.0,10.0,9.0,,8,,6.0,1.0,1.0,,,,,10,,"Teminat kapsamı geniş, müşteri memnun kalıyor",1,9.0,88.9,Passive,10.0
DSI-00040,Bayi Çalışanı / DSI,Stenos Auto_2025_DSI_Soru_Formu_Stenos CRM_v6Final,2025-08-08,Stenos Gaziantep Şahinbey,Stenos Gaziantep Şahinbey,Gaziantep,Güney Doğu Anadolu Bölgesi,Beste Arsoy Gülen,Satış,Tüm segmentler,Filo Satış Müdürü,,1 yıl – 3 yıl arası,77.3,3.0,Önerdiğim birkaç finans kurumundan biridir,1.0,Stenos Auto Finans; OdeaBank,Faiz avantajı,9.0,10.0,8.0,9.0,1.0,,Çözüm odaklı olmaları; Stenos CRM üzerinden takip yapılabilmesi,Telefonlara geri dönülmemesi; Telefonların hep meşgul olması ya da cevap verilmemesi,9.0,8.0,8.0,8.0,,9,,8.0,1.0,1.0,,,,,10,,"Teminat kapsamı geniş, müşteri memnun kalıyor",1,8.0,77.8,Passive,9.0
DSI-00041,Bayi Çalışanı / DSI,Stenos Auto_2025_DSI_Soru_Formu_Stenos CRM_v6Final,2026-05-09,Stenos Samsun İlkadım,Stenos Samsun İlkadım,Samsun,Karadeniz Bölgesi,Yrd. Doç. Heva Hafıza Hançer Tarhan,Satış,Hafif ticari araçlar,2.El Satış Müdürü,,1 yıldan daha az bir süredir,58.6,3.0,Önerdiğim birkaç finans kurumundan biridir,2.0,Stenos Auto Finans; TEB (Türk Ekonomi Bankası); Şekerbank,Evrak süreci daha basit,8.0,9.0,10.0,10.0,1.0,,Bankalar gibi şube limitinin olmaması; Stenos CRM sisteminin iyi olması,Kolay ulaşılır olmaması; İşlemlerin hallolması için kişisel bazda çaba harcanma ihtiyacı,5.0,5.0,8.0,7.0,,9,,8.0,2.0,1.0,,,,,10,,"Teminat kapsamı geniş, müşteri memnun kalıyor",2,7.0,66.7,Promoter,8.0
DSI-00042,Bayi Çalışanı / DSI,Stenos Auto_2025_DSI_Soru_Formu_Stenos CRM_v6Final,2025-09-23,Stenos Erzurum Yakutiye,Stenos Erzurum Yakutiye,Erzurum,Doğu Anadolu Bölgesi,Tunçboğa Akdeniz,Sigorta,,,Sigorta Danışmanı,1 yıl – 3 yıl arası,43.7,,,,,,,,,,,,,,,,,,5.0,3,"Ekranlar arası geçiş yavaş, rapor almak zor",,,,,Doğa; Aksigorta; Mapfre,5.0,2.0,8,,"Teminat kapsamı geniş, müşteri memnun kalıyor",1,5.0,44.4,,5.0
DSI-00043,Bayi Çalışanı / DSI,Stenos Auto_2025_DSI_Soru_Formu_Stenos CRM_v6Final,2025-08-31,Stenos Diyarbakır Kayapınar,Stenos Diyarbakır Kayapınar,Diyarbakır,Güney Doğu Anadolu Bölgesi,Aygutalp Kâmil Kısakürek,Satış,Otomobil,Satış Danışmanı / 2.El Satış Danışmanı / Satış Pazarlama Sorumlusu,,3 yıldan fazla,73.0,5.0,Kredi için önerdiğim tek finans kurumudur,1.0,Stenos Auto Finans; Türkiye Finans; QNB Fibabank,Evrak süreci daha basit,9.0,9.0,10.0,10.0,1.0,,Güvenilir bir kurum olması; Düşük faiz uygulaması; Toplam paket sunması (sigorta gibi); Esnek ödeme planı sunması,Telefonlara geri dönülmemesi; İşlemlerin hallolması için kişisel bazda çaba harcanma ihtiyacı; Faizlerin yüksek olması; Banka kadar esnek olunmaması,8.0,8.0,10.0,7.0,,7,,7.0,1.0,1.0,,,,,9,,"Teminat kapsamı geniş, müşteri memnun kalıyor",1,7.0,66.7,Promoter,9.0
DSI-00044,Bayi Çalışanı / DSI,Stenos Auto_2025_DSI_Soru_Formu_Stenos CRM_v6Final,2025-04-04,Stenos İzmir Bornova,Stenos İzmir Bornova,İzmir,Ege Bölgesi,Çalım Güçlü Yorulmaz,Sigorta,,,Sigorta Danışmanı,1 yıl – 3 yıl arası,70.9,,,,,,,,,,,,,,,,,,5.0,5,"Ekranlar arası geçiş yavaş, rapor almak zor",,,,,Allianz; Anadolu Anonim Türk; Eureko,7.0,7.0,8,,"Teminat kapsamı geniş, müşteri memnun kalıyor",1,5.0,44.4,,7.0
DSI-00045,Bayi Çalışanı / DSI,Stenos Auto_2025_DSI_Soru_Formu_Stenos CRM_v6Final,2025-06-30,Stenos Diyarbakır Kayapınar,Stenos Diyarbakır Kayapınar,Diyarbakır,Güney Doğu Anadolu Bölgesi,Yadigar Aksu,Sigorta,,,Sigorta Danışmanı,3 yıldan fazla,81.2,,,,,,,,,,,,,,,,,,10.0,10,,,,,,Mapfre; Eureko; Ray,10.0,10.0,10,,"Teminat kapsamı geniş, müşteri memnun kalıyor",1,10.0,100.0,,10.0
DSI-00046,Bayi Çalışanı / DSI,Stenos Auto_2025_DSI_Soru_Formu_Stenos CRM_v6Final,2026-05-01,Stenos Kayseri Melikgazi,Stenos Kayseri Melikgazi,Kayseri,İç Anadolu Bölgesi,Omaca Akdeniz,Satış,Hafif ticari araçlar,Satış Danışmanı / 2.El Satış Danışmanı / Satış Pazarlama Sorumlusu,,1 yıl – 3 yıl arası,71.3,4.0,Kredi için en sık önerdiğim finans kurumudur,1.0,Stenos Auto Finans; Akbank,Müşteri temsilcisi desteği iyi,8.0,8.0,10.0,8.0,1.0,,Stenos CRM sisteminin iyi olması; Güvenilir bir kurum olması; Sabit faiz uygulaması; Kontaktaki kişilerin olumlu sıcak yaklaşımları,Telefonların hep meşgul olması ya da cevap verilmemesi; Tecrübesiz çalışanlarının olması,5.0,6.0,7.0,8.0,,7,,9.0,1.0,1.0,,,,,8,,"Teminat kapsamı geniş, müşteri memnun kalıyor",1,8.0,77.8,Promoter,8.0
DSI-00047,Bayi Çalışanı / DSI,Stenos Auto_2025_DSI_Soru_Formu_Stenos CRM_v6Final,2025-06-16,Stenos Malatya Battalgazi,Stenos Malatya Battalgazi,Malatya,Doğu Anadolu Bölgesi,Dr. Müret Özgün Akdeniz,Sigorta,,,Sigorta Danışmanı,1 yıl – 3 yıl arası,53.3,,,,,,,,,,,,,,,,,,6.0,6,"Ekranlar arası geçiş yavaş, rapor almak zor",,,,,Neova; Zurich; Doğa,5.0,2.0,5,Fiyat rekabetçi değil / hasar süreci yavaş,,2,6.0,55.6,,5.0
DSI-00048,Bayi Çalışanı / DSI,Stenos Auto_2025_DSI_Soru_Formu_Stenos CRM_v6Final,2026-02-04,Stenos Diyarbakır Kayapınar,Stenos Diyarbakır Kayapınar,Diyarbakır,Güney Doğu Anadolu Bölgesi,Rezzak Akınal Bilgin Bilir,Satış,Tüm segmentler,Filo Satış Danışmanı,,3 yıldan fazla,66.3,1.0,Genelde önermediğim finans kurumudur,1.0,Stenos Auto Finans; Anadolubank; Yapı ve Kredi Bankası,Müşteri temsilcisi desteği iyi,6.0,5.0,2.0,8.0,2.0,Rakip kurumların koşulları daha esnek kalıyor,Sabit faiz uygulaması; Esnek ödeme planı sunması,Banka kadar esnek olunmaması; Evrakların yavaş kontrol edilmesi; Teknolojik alt yapılarının olmaması,5.0,6.0,7.0,6.0,,6,"Ekranlar arası geçiş yavaş, rapor almak zor",4.0,1.0,1.0,,,,,5,Fiyat rekabetçi değil / hasar süreci yavaş,,1,6.0,55.6,Detractor,6.0
DSI-00049,Bayi Çalışanı / DSI,Stenos Auto_2025_DSI_Soru_Formu_Stenos CRM_v6Final,2025-01-30,Stenos Trabzon Ortahisar,Stenos Trabzon Ortahisar,Trabzon,Karadeniz Bölgesi,Çev. Aysevim İhsanoğlu Erdoğan,Satış,Otomobil,Satış Danışmanı / 2.El Satış Danışmanı / Satış Pazarlama Sorumlusu,,1 yıl – 3 yıl arası,79.4,1.0,Genelde önermediğim finans kurumudur,1.0,Stenos Auto Finans; TEB (Türk Ekonomi Bankası); Burgan Bank,Müşteri temsilcisi desteği iyi,7.0,5.0,8.0,7.0,2.0,Rakip kurumların koşulları daha esnek kalıyor,Güvenilir bir kurum olması; Kontaktaki kişilerin olumlu sıcak yaklaşımları; Finansal açıdan güçlü bir kurum olması; Yeniden borcu yapılandırması,Sürecin hiçbir aşamasında geri bildirim yapılmaması; Yeterince eğitim verilmemesi; Satış danışmanlarının inisiyatif almaması,7.0,8.0,7.0,6.0,,7,"Ekranlar arası geçiş yavaş, rapor almak zor",5.0,1.0,1.0,,,,,7,,"Teminat kapsamı geniş, müşteri memnun kalıyor",1,6.0,55.6,Passive,7.0
DSI-00050,Bayi Çalışanı / DSI,Stenos Auto_2025_DSI_Soru_Formu_Stenos CRM_v6Final,2025-03-24,Stenos Denizli Merkezefendi,Stenos Denizli Merkezefendi,Denizli,Ege Bölgesi,Zilfa Durdu,Satış,Tüm segmentler,Satış müdürü,,3 yıldan fazla,91.2,4.0,Kredi için en sık önerdiğim finans kurumudur,1.0,Stenos Auto Finans; TEB (Türk Ekonomi Bankası),Uzun süredir çalışıyoruz,8.0,9.0,6.0,10.0,1.0,,Güvenilir bir kurum olması; Sabit faiz uygulaması,İşlemlerin hallolması için kişisel bazda çaba harcanma ihtiyacı,8.0,7.0,9.0,6.0,,5,"Ekranlar arası geçiş yavaş, rapor almak zor",10.0,1.0,1.0,,,,,6,Fiyat rekabetçi değil / hasar süreci yavaş,,1,6.0,55.6,Detractor,8.0
DSI-00051,Bayi Çalışanı / DSI,Stenos Auto_2025_DSI_Soru_Formu_Stenos CRM_v6Final,2025-06-11,Stenos Antalya Muratpaşa,Stenos Antalya Muratpaşa,Antalya,Akdeniz Bölgesi,Cebesoy Şenkal Hayrioğlu,Sigorta,,,Sigorta Danışmanı,1 yıl – 3 yıl arası,78.1,,,,,,,,,,,,,,,,,,7.0,9,,,,,,Hepiyi; Zurich; Axa,5.0,6.0,3,Fiyat rekabetçi değil / hasar süreci yavaş,,1,7.0,66.7,,5.0
DSI-00052,Bayi Çalışanı / DSI,Stenos Auto_2025_DSI_Soru_Formu_Stenos CRM_v6Final,2026-05-22,Stenos Denizli Merkezefendi,Stenos Denizli Merkezefendi,Denizli,Ege Bölgesi,Dincer Zengin,Satış,Hafif ticari araçlar,Satış Danışmanı / 2.El Satış Danışmanı / Satış Pazarlama Sorumlusu,,3 yıldan fazla,83.7,3.0,Önerdiğim birkaç finans kurumundan biridir,2.0,Stenos Auto Finans; Şekerbank,Onay süreleri kısa,10.0,10.0,10.0,10.0,1.0,,Yeniden borcu yapılandırması; Esnek ödeme planı sunması,Sürecin hiçbir aşamasında geri bildirim yapılmaması,10.0,8.0,10.0,10.0,,10,,9.0,1.0,1.0,,,,,9,,"Teminat kapsamı geniş, müşteri memnun kalıyor",1,10.0,100.0,Promoter,10.0
DSI-00053,Bayi Çalışanı / DSI,Stenos Auto_2025_DSI_Soru_Formu_Stenos CRM_v6Final,2025-04-26,Stenos Samsun İlkadım,Stenos Samsun İlkadım,Samsun,Karadeniz Bölgesi,Çağa Alemdar,Satış,Hafif ticari araçlar,Satış müdürü,,1 yıl – 3 yıl arası,62.4,2.0,Nadiren önerdiğim finans kurumudur,2.0,Stenos Auto Finans; OdeaBank; Burgan Bank,Uzun süredir çalışıyoruz,4.0,6.0,1.0,4.0,2.0,Rakip kurumların koşulları daha esnek kalıyor,Eski müşteriyi takip edebilme olanağı; Stenos CRM sisteminin iyi olması; Çözüm odaklı olmaları; Toplam paket sunması (sigorta gibi),Banka kadar esnek olunmaması; Telefonlara geri dönülmemesi; Eksik evrak bildiriminin geç haber verilmesi; Faizlerin yüksek olması,5.0,4.0,5.0,4.0,,4,"Ekranlar arası geçiş yavaş, rapor almak zor",4.0,1.0,1.0,,,,,1,Fiyat rekabetçi değil / hasar süreci yavaş,,1,4.0,33.3,Detractor,4.0
DSI-00054,Bayi Çalışanı / DSI,Stenos Auto_2025_DSI_Soru_Formu_Stenos CRM_v6Final,2026-02-07,Stenos Samsun İlkadım,Stenos Samsun İlkadım,Samsun,Karadeniz Bölgesi,Berrin Hançer Aksu,Satış,Tüm segmentler,Satış Danışmanı / 2.El Satış Danışmanı / Satış Pazarlama Sorumlusu,,1 yıl – 3 yıl arası,77.5,4.0,Kredi için en sık önerdiğim finans kurumudur,1.0,Stenos Auto Finans; Denizbank; HSBC Bank,Müşteri temsilcisi desteği iyi,7.0,7.0,7.0,6.0,1.0,,Eski müşteriyi takip edebilme olanağı; Stenos CRM sisteminin iyi olması; Çözüm odaklı olmaları; Güvenilir bir kurum olması,"Tecrübesiz çalışanlarının olması; Teknolojik alt yapılarının olmaması; İşlemlerin hallolması için kişisel bazda çaba harcanma ihtiyacı; Prim sisteminde acenteye ödeme yapılması, paranın kesintiye uğraması",6.0,99.0,7.0,8.0,,6,,7.0,2.0,1.0,,,,,4,Fiyat rekabetçi değil / hasar süreci yavaş,,2,8.0,77.8,Passive,7.0
DSI-00055,Bayi Çalışanı / DSI,Stenos Auto_2025_DSI_Soru_Formu_Stenos CRM_v6Final,2025-03-20,Stenos Malatya Battalgazi,Stenos Malatya Battalgazi,Malatya,Doğu Anadolu Bölgesi,Yrd. Doç. İyiyürek Şendoğan Kısakürek,Satış,Tüm segmentler,2.El Satış Müdürü,,1 yıldan daha az bir süredir,46.8,3.0,Önerdiğim birkaç finans kurumundan biridir,2.0,Stenos Auto Finans; Şekerbank,Müşteri temsilcisi desteği iyi,4.0,5.0,3.0,4.0,2.0,Rakip kurumların koşulları daha esnek kalıyor,Eski müşteriyi takip edebilme olanağı; Düşük faiz uygulaması; Stenos CRM sisteminin iyi olması; Bankalar gibi şube limitinin olmaması,İşlemlerin hallolması için kişisel bazda çaba harcanma ihtiyacı; Telefonlara geri dönülmemesi; Yeterince eğitim verilmemesi; Evrakların sık sık kaybolması,6.0,3.0,6.0,3.0,,3,"Ekranlar arası geçiş yavaş, rapor almak zor",4.0,2.0,2.0,Süreçte hatırlamıyorum,,,,2,Fiyat rekabetçi değil / hasar süreci yavaş,,1,3.0,22.2,Detractor,4.0
DSI-00056,Bayi Çalışanı / DSI,Stenos Auto_2025_DSI_Soru_Formu_Stenos CRM_v6Final,2025-12-10,Stenos İstanbul Maslak,Stenos İstanbul Maslak,İstanbul,Marmara Bölgesi,Nurveren İnönü,Satış,Tüm segmentler,Satış Danışmanı / 2.El Satış Danışmanı / Satış Pazarlama Sorumlusu,,3 yıldan fazla,71.6,2.0,Nadiren önerdiğim finans kurumudur,1.0,Stenos Auto Finans; Burgan Bank,Evrak süreci daha basit,7.0,7.0,7.0,7.0,2.0,Rakip kurumların koşulları daha esnek kalıyor,Güvenilir bir kurum olması; Esnek ödeme planı sunması,Telefonların hep meşgul olması ya da cevap verilmemesi; Evrakların sık sık kaybolması,7.0,8.0,9.0,7.0,,5,,4.0,1.0,1.0,,,,,6,Fiyat rekabetçi değil / hasar süreci yavaş,,1,7.0,66.7,Passive,7.0
DSI-00057,Bayi Çalışanı / DSI,Stenos Auto_2025_DSI_Soru_Formu_Stenos CRM_v6Final,2025-12-23,Stenos Malatya Battalgazi,Stenos Malatya Battalgazi,Malatya,Doğu Anadolu Bölgesi,Özgür Sezer,Satış,Tüm segmentler,Filo Satış Danışmanı,,1 yıl – 3 yıl arası,46.7,3.0,Önerdiğim birkaç finans kurumundan biridir,1.0,Stenos Auto Finans; HSBC Bank; Akbank,Evrak süreci daha basit,6.0,5.0,7.0,6.0,2.0,Rakip kurumların koşulları daha esnek kalıyor,Yeniden borcu yapılandırması; Düşük faiz uygulaması,Kolay ulaşılır olmaması; Yoğun olmalarından dolayı işlerin ilerlememesi,1.0,6.0,5.0,7.0,,7,,5.0,1.0,1.0,,,,,6,Fiyat rekabetçi değil / hasar süreci yavaş,,1,7.0,66.7,Passive,6.0
DSI-00058,Bayi Çalışanı / DSI,Stenos Auto_2025_DSI_Soru_Formu_Stenos CRM_v6Final,2025-12-18,Stenos Bursa Nilüfer,Stenos Bursa Nilüfer,Bursa,Marmara Bölgesi,Onat Korutürk,Satış,Hafif ticari araçlar,Satış Danışmanı / 2.El Satış Danışmanı / Satış Pazarlama Sorumlusu,,1 yıldan daha az bir süredir,70.0,4.0,Kredi için en sık önerdiğim finans kurumudur,2.0,Stenos Auto Finans; Burgan Bank; Garanti Bankası,Uzun süredir çalışıyoruz,9.0,10.0,10.0,5.0,1.0,,Eski müşteriyi takip edebilme olanağı; Bankalar gibi şube limitinin olmaması; Çözüm odaklı olmaları; Toplam paket sunması (sigorta gibi),İşlemlerin hallolması için kişisel bazda çaba harcanma ihtiyacı; Evrakların yavaş kontrol edilmesi,7.0,9.0,10.0,8.0,,8,,7.0,1.0,1.0,,,,,8,,"Teminat kapsamı geniş, müşteri memnun kalıyor",1,8.0,77.8,Promoter,9.0
DSI-00059,Bayi Çalışanı / DSI,Stenos Auto_2025_DSI_Soru_Formu_Stenos CRM_v6Final,2025-05-23,Stenos Ankara Çankaya,Stenos Ankara Çankaya,Ankara,İç Anadolu Bölgesi,Ayşeana Canur Şafak Bilgin,Satış,Otomobil,Satış Danışmanı / 2.El Satış Danışmanı / Satış Pazarlama Sorumlusu,,3 yıldan fazla,79.4,3.0,Önerdiğim birkaç finans kurumundan biridir,1.0,Stenos Auto Finans; TEB (Türk Ekonomi Bankası),Müşteri temsilcisi desteği iyi,8.0,9.0,5.0,7.0,1.0,,Bankalar gibi şube limitinin olmaması; Esnek ödeme planı sunması; Eski müşteriyi takip edebilme olanağı; Kontaktaki kişilerin olumlu sıcak yaklaşımları,Telefonların hep meşgul olması ya da cevap verilmemesi; Evrakların sık sık kaybolması; Banka kadar esnek olunmaması; Yeterince eğitim verilmemesi,7.0,7.0,8.0,9.0,,8,,7.0,1.0,1.0,,,,,10,,"Teminat kapsamı geniş, müşteri memnun kalıyor",1,9.0,88.9,Detractor,8.0
DSI-00060,Bayi Çalışanı / DSI,Stenos Auto_2025_DSI_Soru_Formu_Stenos CRM_v6Final,2025-03-20,Stenos Antalya Muratpaşa,Stenos Antalya Muratpaşa,Antalya,Akdeniz Bölgesi,Hariz Tevetoğlu,Satış,Tüm segmentler,Satış Danışmanı / 2.El Satış Danışmanı / Satış Pazarlama Sorumlusu,,3 yıldan fazla,79.4,4.0,Kredi için en sık önerdiğim finans kurumudur,2.0,Stenos Auto Finans; Vakıflar Bankası; Akbank,Evrak süreci daha basit,8.0,10.0,8.0,7.0,1.0,,Bankalar gibi şube limitinin olmaması; Stenos CRM üzerinden takip yapılabilmesi,Faizlerin yüksek olması,9.0,99.0,8.0,9.0,,9,,8.0,2.0,1.0,,,,,6,Fiyat rekabetçi değil / hasar süreci yavaş,,1,9.0,88.9,Passive,8.0
DSI-00061,Bayi Çalışanı / DSI,Stenos Auto_2025_DSI_Soru_Formu_Stenos CRM_v6Final,2026-05-20,Stenos Denizli Merkezefendi,Stenos Denizli Merkezefendi,Denizli,Ege Bölgesi,Müferrih Yıldırım Şener,Satış,Tüm segmentler,Satış Danışmanı / 2.El Satış Danışmanı / Satış Pazarlama Sorumlusu,,3 yıldan fazla,88.5,4.0,Kredi için en sık önerdiğim finans kurumudur,2.0,Stenos Auto Finans; Burgan Bank; TEB (Türk Ekonomi Bankası),Evrak süreci daha basit,8.0,9.0,4.0,9.0,1.0,,Finansal açıdan güçlü bir kurum olması; Çözüm odaklı olmaları; Kolay ulaşılabilirlik; Yeniden borcu yapılandırması,Telefonlara geri dönülmemesi; Sürecin hiçbir aşamasında geri bildirim yapılmaması,10.0,7.0,7.0,8.0,,8,,7.0,1.0,1.0,,,,,5,Fiyat rekabetçi değil / hasar süreci yavaş,,1,8.0,77.8,Detractor,8.0
DSI-00062,Bayi Çalışanı / DSI,Stenos Auto_2025_DSI_Soru_Formu_Stenos CRM_v6Final,2025-11-03,Stenos Diyarbakır Kayapınar,Stenos Diyarbakır Kayapınar,Diyarbakır,Güney Doğu Anadolu Bölgesi,Serfinaz Soylu,Sigorta,,,Sigorta Danışmanı,1 yıl – 3 yıl arası,73.9,,,,,,,,,,,,,,,,,,7.0,6,,,,,,Zurich; HDI; Axa,9.0,9.0,9,,"Teminat kapsamı geniş, müşteri memnun kalıyor",2,7.0,66.7,,9.0
DSI-00063,Bayi Çalışanı / DSI,Stenos Auto_2025_DSI_Soru_Formu_Stenos CRM_v6Final,2025-04-26,Stenos İstanbul Kadıköy,Stenos İstanbul Kadıköy,İstanbul,Marmara Bölgesi,Okt. Saydam Karanbay Şafak,Sigorta,,,Sigorta müdürü,3 yıldan fazla,78.7,,,,,,,,,,,,,,,,,,7.0,9,,,,,,Axa; Türkiye Sigorta; Ray,6.0,6.0,6,Fiyat rekabetçi değil / hasar süreci yavaş,,1,7.0,66.7,,6.0
DSI-00064,Bayi Çalışanı / DSI,Stenos Auto_2025_DSI_Soru_Formu_Stenos CRM_v6Final,2025-07-06,Stenos İstanbul Maslak,Stenos İstanbul Maslak,İstanbul,Marmara Bölgesi,Dr. Sonad Ülker,Satış,Otomobil,Satış Danışmanı / 2.El Satış Danışmanı / Satış Pazarlama Sorumlusu,,3 yıldan fazla,72.3,5.0,Kredi için önerdiğim tek finans kurumudur,2.0,Stenos Auto Finans; İş Bankası,Uzun süredir çalışıyoruz,8.0,9.0,10.0,8.0,1.0,,Stenos CRM üzerinden takip yapılabilmesi; Bankalar gibi şube limitinin olmaması; Çözüm odaklı olmaları,Sürecin hiçbir aşamasında geri bildirim yapılmaması,7.0,5.0,10.0,6.0,,3,"Ekranlar arası geçiş yavaş, rapor almak zor",5.0,1.0,1.0,,,,,7,,"Teminat kapsamı geniş, müşteri memnun kalıyor",1,6.0,55.6,Promoter,8.0
DSI-00065,Bayi Çalışanı / DSI,Stenos Auto_2025_DSI_Soru_Formu_Stenos CRM_v6Final,2025-02-11,Stenos Antalya Muratpaşa,Stenos Antalya Muratpaşa,Antalya,Akdeniz Bölgesi,Binay Öcalan Mansız,Satış,Otomobil,Showroom Müdürü/ 2. El Showroom Müdürü,,3 yıldan fazla,80.0,4.0,Kredi için en sık önerdiğim finans kurumudur,1.0,Stenos Auto Finans; Kuveyt Türk; Anadolubank,Uzun süredir çalışıyoruz,10.0,7.0,9.0,8.0,2.0,Rakip kurumların koşulları daha esnek kalıyor,Stenos CRM sisteminin iyi olması; Stenos CRM üzerinden takip yapılabilmesi,"Faizlerin yüksek olması; Prim sisteminde acenteye ödeme yapılması, paranın kesintiye uğraması",10.0,9.0,8.0,9.0,,8,,10.0,1.0,1.0,,,,,8,,"Teminat kapsamı geniş, müşteri memnun kalıyor",1,9.0,88.9,Promoter,10.0
DSI-00066,Bayi Çalışanı / DSI,Stenos Auto_2025_DSI_Soru_Formu_Stenos CRM_v6Final,2025-09-16,Stenos Erzurum Yakutiye,Stenos Erzurum Yakutiye,Erzurum,Doğu Anadolu Bölgesi,Hinet Beray Çorlu,Satış,Tüm segmentler,Acente Operasyon Sorumlusu (S.O.S.),,3 yıldan fazla,44.8,,,,,,7.0,,,5.0,1.0,,Esnek ödeme planı sunması; Toplam paket sunması (sigorta gibi); Stenos CRM üzerinden takip yapılabilmesi,Telefonlara geri dönülmemesi; Sürecin hiçbir aşamasında geri bildirim yapılmaması,,,9.0,6.0,,6,"Ekranlar arası geçiş yavaş, rapor almak zor",7.0,1.0,1.0,,,,,8,,"Teminat kapsamı geniş, müşteri memnun kalıyor",2,6.0,55.6,,7.0
DSI-00067,Bayi Çalışanı / DSI,Stenos Auto_2025_DSI_Soru_Formu_Stenos CRM_v6Final,2025-08-27,Stenos Bursa Nilüfer,Stenos Bursa Nilüfer,Bursa,Marmara Bölgesi,Feden Kısakürek,Satış,Tüm segmentler,Acente Operasyon Sorumlusu (S.O.S.),,1 yıl – 3 yıl arası,75.3,,,,,,9.0,,,7.0,1.0,,Sabit faiz uygulaması; Yeniden borcu yapılandırması; Güvenilir bir kurum olması,Fazla evrak istenmesi; Yeterince eğitim verilmemesi,,,8.0,9.0,,8,,9.0,1.0,1.0,,,,,8,,"Teminat kapsamı geniş, müşteri memnun kalıyor",2,9.0,88.9,,9.0
DSI-00068,Bayi Çalışanı / DSI,Stenos Auto_2025_DSI_Soru_Formu_Stenos CRM_v6Final,2025-03-20,Stenos Kayseri Melikgazi,Stenos Kayseri Melikgazi,Kayseri,İç Anadolu Bölgesi,Zeynelabidin Kısakürek,Satış,Otomobil,Satış Danışmanı / 2.El Satış Danışmanı / Satış Pazarlama Sorumlusu,,3 yıldan fazla,62.7,5.0,Kredi için önerdiğim tek finans kurumudur,1.0,Stenos Auto Finans; ING,Faiz avantajı,6.0,4.0,6.0,6.0,2.0,Rakip kurumların koşulları daha esnek kalıyor,Güvenilir bir kurum olması; Düşük faiz uygulaması; Sabit faiz uygulaması,Telefonların hep meşgul olması ya da cevap verilmemesi; Yeterince eğitim verilmemesi; Tecrübesiz çalışanlarının olması,5.0,7.0,6.0,6.0,,6,"Ekranlar arası geçiş yavaş, rapor almak zor",3.0,2.0,1.0,,,,,7,,"Teminat kapsamı geniş, müşteri memnun kalıyor",1,6.0,55.6,Detractor,6.0
DSI-00069,Bayi Çalışanı / DSI,Stenos Auto_2025_DSI_Soru_Formu_Stenos CRM_v6Final,2025-08-06,Stenos Bursa Nilüfer,Stenos Bursa Nilüfer,Bursa,Marmara Bölgesi,Nevise Sakarya,Sigorta,,,Sigorta Danışmanı,1 yıldan daha az bir süredir,82.0,,,,,,,,,,,,,,,,,,10.0,9,,,,,,Sompo; Axa; Zurich,10.0,8.0,10,,"Teminat kapsamı geniş, müşteri memnun kalıyor",1,10.0,100.0,,10.0
DSI-00070,Bayi Çalışanı / DSI,Stenos Auto_2025_DSI_Soru_Formu_Stenos CRM_v6Final,2026-01-09,Stenos Adana Seyhan,Stenos Adana Seyhan,Adana,Akdeniz Bölgesi,Abdulsemet Akça,Satış,Otomobil,Showroom Müdürü/ 2. El Showroom Müdürü,,1 yıl – 3 yıl arası,73.8,3.0,Önerdiğim birkaç finans kurumundan biridir,1.0,Stenos Auto Finans; OdeaBank; Ziraat Bankası,Uzun süredir çalışıyoruz,10.0,10.0,10.0,9.0,1.0,,Finansal açıdan güçlü bir kurum olması; Güvenilir bir kurum olması; Bankalar gibi şube limitinin olmaması,Banka kadar esnek olunmaması; Teknolojik alt yapılarının olmaması; Faizlerin yüksek olması; Evrakların yavaş kontrol edilmesi,9.0,6.0,9.0,8.0,,8,,10.0,1.0,1.0,,,,,10,,"Teminat kapsamı geniş, müşteri memnun kalıyor",2,8.0,77.8,Promoter,10.0
DSI-00071,Bayi Çalışanı / DSI,Stenos Auto_2025_DSI_Soru_Formu_Stenos CRM_v6Final,2026-05-07,Stenos Bursa Nilüfer,Stenos Bursa Nilüfer,Bursa,Marmara Bölgesi,Selçuk Nevgin İnönü,Satış,Tüm segmentler,Satış müdürü,,3 yıldan fazla,82.9,3.0,Önerdiğim birkaç finans kurumundan biridir,1.0,Stenos Auto Finans; QNB Fibabank; Türkiye Finans,Evrak süreci daha basit,8.0,9.0,6.0,6.0,1.0,,Eski müşteriyi takip edebilme olanağı; Çözüm odaklı olmaları; Güvenilir bir kurum olması; Yeniden borcu yapılandırması,İşlemlerin hallolması için kişisel bazda çaba harcanma ihtiyacı; Teknolojik alt yapılarının olmaması; Faizlerin yüksek olması; Telefonlara geri dönülmemesi,10.0,10.0,8.0,8.0,,9,,7.0,1.0,1.0,,,,,8,,"Teminat kapsamı geniş, müşteri memnun kalıyor",1,8.0,77.8,Detractor,8.0
DSI-00072,Bayi Çalışanı / DSI,Stenos Auto_2025_DSI_Soru_Formu_Stenos CRM_v6Final,2026-02-17,Stenos Erzurum Yakutiye,Stenos Erzurum Yakutiye,Erzurum,Doğu Anadolu Bölgesi,Ceyhun Yaman,Satış,Tüm segmentler,Satış Danışmanı / 2.El Satış Danışmanı / Satış Pazarlama Sorumlusu,,1 yıldan daha az bir süredir,51.4,4.0,Kredi için en sık önerdiğim finans kurumudur,1.0,Stenos Auto Finans; Finans Bank; TEB (Türk Ekonomi Bankası),Faiz avantajı,7.0,6.0,5.0,8.0,2.0,Rakip kurumların koşulları daha esnek kalıyor,Çözüm odaklı olmaları; Kolay ulaşılabilirlik; Yeniden borcu yapılandırması; Stenos CRM sisteminin iyi olması,Telefonların hep meşgul olması ya da cevap verilmemesi; Telefonlara geri dönülmemesi; Teknolojik alt yapılarının olmaması; Evrakların sık sık kaybolması,5.0,6.0,7.0,5.0,,6,"Ekranlar arası geçiş yavaş, rapor almak zor",2.0,1.0,1.0,,,,,6,Fiyat rekabetçi değil / hasar süreci yavaş,,1,5.0,44.4,Detractor,7.0
DSI-00073,Bayi Çalışanı / DSI,Stenos Auto_2025_DSI_Soru_Formu_Stenos CRM_v6Final,2025-10-23,Stenos Trabzon Ortahisar,Stenos Trabzon Ortahisar,Trabzon,Karadeniz Bölgesi,Cindoruk Şafak,Satış,Tüm segmentler,Satış müdürü,,1 yıl – 3 yıl arası,72.9,2.0,Nadiren önerdiğim finans kurumudur,1.0,Stenos Auto Finans; Halk Bankası; Şekerbank,Uzun süredir çalışıyoruz,9.0,9.0,9.0,8.0,1.0,,Güvenilir bir kurum olması; Sabit faiz uygulaması; Finansal açıdan güçlü bir kurum olması; Yeniden borcu yapılandırması,Telefonlara geri dönülmemesi; Yoğun olmalarından dolayı işlerin ilerlememesi,4.0,10.0,8.0,6.0,,5,"Ekranlar arası geçiş yavaş, rapor almak zor",7.0,1.0,1.0,,,,,10,,"Teminat kapsamı geniş, müşteri memnun kalıyor",2,6.0,55.6,Promoter,9.0
DSI-00074,Bayi Çalışanı / DSI,Stenos Auto_2025_DSI_Soru_Formu_Stenos CRM_v6Final,2026-03-22,Stenos Gaziantep Şahinbey,Stenos Gaziantep Şahinbey,Gaziantep,Güney Doğu Anadolu Bölgesi,Arş. Gör. Çilga Uyanser Seven Sakarya,Satış,Otomobil,Filo Satış Müdürü,,3 yıldan fazla,58.7,3.0,Önerdiğim birkaç finans kurumundan biridir,1.0,Stenos Auto Finans; Garanti Bankası,Faiz avantajı,5.0,7.0,3.0,5.0,2.0,Rakip kurumların koşulları daha esnek kalıyor,Stenos CRM sisteminin iyi olması; Eski müşteriyi takip edebilme olanağı; Stenos CRM üzerinden takip yapılabilmesi; Esnek ödeme planı sunması,Banka kadar esnek olunmaması; Satış danışmanlarının inisiyatif almaması; Sürecin hiçbir aşamasında geri bildirim yapılmaması; Fazla evrak istenmesi,6.0,5.0,2.0,5.0,,4,"Ekranlar arası geçiş yavaş, rapor almak zor",4.0,2.0,2.0,Müşteriler dijital kullanmak istemiyor,,,,2,Fiyat rekabetçi değil / hasar süreci yavaş,,1,5.0,44.4,Detractor,5.0
DSI-00075,Bayi Çalışanı / DSI,Stenos Auto_2025_DSI_Soru_Formu_Stenos CRM_v6Final,2025-05-24,Stenos İstanbul Maslak,Stenos İstanbul Maslak,İstanbul,Marmara Bölgesi,Ayaydın Ergül,Satış,Hafif ticari araçlar,Satış Danışmanı / 2.El Satış Danışmanı / Satış Pazarlama Sorumlusu,,1 yıl – 3 yıl arası,71.4,5.0,Kredi için önerdiğim tek finans kurumudur,2.0,Stenos Auto Finans; Anadolubank,Faiz avantajı,8.0,8.0,5.0,8.0,1.0,,Eski müşteriyi takip edebilme olanağı; Kontaktaki kişilerin olumlu sıcak yaklaşımları,Satış danışmanlarının inisiyatif almaması; Teknolojik alt yapılarının olmaması; Yeterince eğitim verilmemesi; Evrakların yavaş kontrol edilmesi,99.0,6.0,9.0,7.0,,6,,9.0,1.0,2.0,Süreçte hatırlamıyorum,,,,10,,"Teminat kapsamı geniş, müşteri memnun kalıyor",1,7.0,66.7,Detractor,8.0
DSI-00076,Bayi Çalışanı / DSI,Stenos Auto_2025_DSI_Soru_Formu_Stenos CRM_v6Final,2026-01-22,Stenos Diyarbakır Kayapınar,Stenos Diyarbakır Kayapınar,Diyarbakır,Güney Doğu Anadolu Bölgesi,Sücaettin Tevetoğlu,Satış,Hafif ticari araçlar,Satış Danışmanı / 2.El Satış Danışmanı / Satış Pazarlama Sorumlusu,,3 yıldan fazla,76.8,4.0,Kredi için en sık önerdiğim finans kurumudur,1.0,Stenos Auto Finans; Finans Bank; QNB Fibabank,Faiz avantajı,9.0,9.0,10.0,9.0,1.0,,Kolay ulaşılabilirlik; Sabit faiz uygulaması; Stenos CRM sisteminin iyi olması,"Teknolojik alt yapılarının olmaması; Prim sisteminde acenteye ödeme yapılması, paranın kesintiye uğraması; Tecrübesiz çalışanlarının olması",8.0,9.0,9.0,10.0,,10,,5.0,1.0,1.0,,,,,10,,"Teminat kapsamı geniş, müşteri memnun kalıyor",1,10.0,100.0,Promoter,9.0
DSI-00077,Bayi Çalışanı / DSI,Stenos Auto_2025_DSI_Soru_Formu_Stenos CRM_v6Final,2025-01-28,Stenos Trabzon Ortahisar,Stenos Trabzon Ortahisar,Trabzon,Karadeniz Bölgesi,Nurşan Yılmaz,Sigorta,,,Sigorta Danışmanı,1 yıl – 3 yıl arası,72.5,,,,,,,,,,,,,,,,,,7.0,5,,,,,,Allianz; Quick; Neova,7.0,4.0,5,Fiyat rekabetçi değil / hasar süreci yavaş,,1,7.0,66.7,,7.0
DSI-00078,Bayi Çalışanı / DSI,Stenos Auto_2025_DSI_Soru_Formu_Stenos CRM_v6Final,2025-02-26,Stenos Samsun İlkadım,Stenos Samsun İlkadım,Samsun,Karadeniz Bölgesi,Rojnu Oguş Öcalan,Satış,Otomobil,Satış Danışmanı / 2.El Satış Danışmanı / Satış Pazarlama Sorumlusu,,3 yıldan fazla,71.1,4.0,Kredi için en sık önerdiğim finans kurumudur,1.0,Stenos Auto Finans; Garanti Bankası,Müşteri temsilcisi desteği iyi,7.0,7.0,6.0,8.0,1.0,,Kontaktaki kişilerin olumlu sıcak yaklaşımları; Güvenilir bir kurum olması,Evrakların yavaş kontrol edilmesi,5.0,9.0,9.0,6.0,,6,"Ekranlar arası geçiş yavaş, rapor almak zor",8.0,2.0,1.0,,,,,5,Fiyat rekabetçi değil / hasar süreci yavaş,,1,6.0,55.6,Detractor,7.0
DSI-00079,Bayi Çalışanı / DSI,Stenos Auto_2025_DSI_Soru_Formu_Stenos CRM_v6Final,2025-12-09,Stenos Bursa Nilüfer,Stenos Bursa Nilüfer,Bursa,Marmara Bölgesi,Yolal Akçay,Satış,Hafif ticari araçlar,Satış Danışmanı / 2.El Satış Danışmanı / Satış Pazarlama Sorumlusu,,1 yıl – 3 yıl arası,81.7,3.0,Önerdiğim birkaç finans kurumundan biridir,1.0,Stenos Auto Finans; HSBC Bank,Uzun süredir çalışıyoruz,10.0,8.0,9.0,10.0,1.0,,Esnek ödeme planı sunması; Düşük faiz uygulaması; Bankalar gibi şube limitinin olmaması; Stenos CRM sisteminin iyi olması,İşlemlerin hallolması için kişisel bazda çaba harcanma ihtiyacı; Faizlerin yüksek olması; Evrakların sık sık kaybolması; Teknolojik alt yapılarının olmaması,10.0,9.0,10.0,9.0,,8,,8.0,2.0,1.0,,,,,9,,"Teminat kapsamı geniş, müşteri memnun kalıyor",1,9.0,88.9,Promoter,10.0
DSI-00080,Bayi Çalışanı / DSI,Stenos Auto_2025_DSI_Soru_Formu_Stenos CRM_v6Final,2025-04-10,Stenos Adana Seyhan,Stenos Adana Seyhan,Adana,Akdeniz Bölgesi,Yrd. Doç. Ramadan Bünyamün Tarhan,Satış,Otomobil,Satış Danışmanı / 2.El Satış Danışmanı / Satış Pazarlama Sorumlusu,,3 yıldan fazla,54.4,4.0,Kredi için en sık önerdiğim finans kurumudur,1.0,Stenos Auto Finans; Şekerbank,Faiz avantajı,7.0,8.0,7.0,8.0,2.0,Rakip kurumların koşulları daha esnek kalıyor,Finansal açıdan güçlü bir kurum olması; Esnek ödeme planı sunması,Evrakların sık sık kaybolması,6.0,5.0,8.0,7.0,,9,,7.0,1.0,2.0,Süreçte hatırlamıyorum,,,,6,Fiyat rekabetçi değil / hasar süreci yavaş,,1,7.0,66.7,Passive,7.0
DSI-00081,Bayi Çalışanı / DSI,Stenos Auto_2025_DSI_Soru_Formu_Stenos CRM_v6Final,2026-02-02,Stenos Adana Seyhan,Stenos Adana Seyhan,Adana,Akdeniz Bölgesi,Ganiye Yaman Aslan,Sigorta,,,Sigorta Danışmanı,1 yıl – 3 yıl arası,65.5,,,,,,,,,,,,,,,,,,6.0,6,"Ekranlar arası geçiş yavaş, rapor almak zor",,,,,Eureko; HDI; Quick,8.0,9.0,10,,"Teminat kapsamı geniş, müşteri memnun kalıyor",2,6.0,55.6,,8.0
DSI-00082,Bayi Çalışanı / DSI,Stenos Auto_2025_DSI_Soru_Formu_Stenos CRM_v6Final,2026-01-09,Stenos Erzurum Yakutiye,Stenos Erzurum Yakutiye,Erzurum,Doğu Anadolu Bölgesi,Kezban Tasvir Manço,Satış,Tüm segmentler,Satış müdürü,,1 yıl – 3 yıl arası,45.5,3.0,Önerdiğim birkaç finans kurumundan biridir,1.0,Stenos Auto Finans; Garanti Bankası,Faiz avantajı,5.0,5.0,6.0,2.0,1.0,,Sabit faiz uygulaması; Eski müşteriyi takip edebilme olanağı; Güvenilir bir kurum olması; Toplam paket sunması (sigorta gibi),Fazla evrak istenmesi; Yoğun olmalarından dolayı işlerin ilerlememesi,4.0,5.0,7.0,4.0,,3,"Ekranlar arası geçiş yavaş, rapor almak zor",6.0,2.0,1.0,,,,,4,Fiyat rekabetçi değil / hasar süreci yavaş,,1,4.0,33.3,Detractor,5.0
DSI-00083,Bayi Çalışanı / DSI,Stenos Auto_2025_DSI_Soru_Formu_Stenos CRM_v6Final,2025-02-15,Stenos Ankara Çankaya,Stenos Ankara Çankaya,Ankara,İç Anadolu Bölgesi,Börteçin Şafak,Satış,Tüm segmentler,Satış Danışmanı / 2.El Satış Danışmanı / Satış Pazarlama Sorumlusu,,3 yıldan fazla,88.9,3.0,Önerdiğim birkaç finans kurumundan biridir,1.0,Stenos Auto Finans; Alternatifbank,Onay süreleri kısa,8.0,9.0,8.0,9.0,1.0,,Stenos CRM üzerinden takip yapılabilmesi; Güvenilir bir kurum olması,Eksik evrak bildiriminin geç haber verilmesi; Teknolojik alt yapılarının olmaması,7.0,8.0,5.0,7.0,,9,,9.0,1.0,2.0,Uygulamayı yeterince tanımıyorum,,,,10,,"Teminat kapsamı geniş, müşteri memnun kalıyor",2,7.0,66.7,Passive,8.0
DSI-00084,Bayi Çalışanı / DSI,Stenos Auto_2025_DSI_Soru_Formu_Stenos CRM_v6Final,2025-07-21,Stenos Kayseri Melikgazi,Stenos Kayseri Melikgazi,Kayseri,İç Anadolu Bölgesi,Sadeti Hançer,Sigorta,,,Sigorta müdürü,3 yıldan fazla,58.1,,,,,,,,,,,,,,,,,,7.0,5,,,,,,Türkiye Sigorta; Eureko; Neova,7.0,6.0,6,Fiyat rekabetçi değil / hasar süreci yavaş,,1,7.0,66.7,,7.0
DSI-00085,Bayi Çalışanı / DSI,Stenos Auto_2025_DSI_Soru_Formu_Stenos CRM_v6Final,2025-12-28,Stenos İzmir Bornova,Stenos İzmir Bornova,İzmir,Ege Bölgesi,Prof. Berrin Arsoy Eraslan,Satış,Tüm segmentler,Satış Danışmanı / 2.El Satış Danışmanı / Satış Pazarlama Sorumlusu,,3 yıldan fazla,66.9,5.0,Kredi için önerdiğim tek finans kurumudur,2.0,Stenos Auto Finans; Burgan Bank; AlBaraka,Onay süreleri kısa,5.0,5.0,2.0,6.0,2.0,Rakip kurumların koşulları daha esnek kalıyor,Bankalar gibi şube limitinin olmaması; Düşük faiz uygulaması,Teknolojik alt yapılarının olmaması; Telefonlara geri dönülmemesi; Satış danışmanlarının inisiyatif almaması; Yeterince eğitim verilmemesi,5.0,2.0,4.0,6.0,,7,"Ekranlar arası geçiş yavaş, rapor almak zor",4.0,1.0,1.0,,,,,5,Fiyat rekabetçi değil / hasar süreci yavaş,,1,6.0,55.6,Detractor,5.0
DSI-00086,Bayi Çalışanı / DSI,Stenos Auto_2025_DSI_Soru_Formu_Stenos CRM_v6Final,2026-02-17,Stenos Erzurum Yakutiye,Stenos Erzurum Yakutiye,Erzurum,Doğu Anadolu Bölgesi,Doç. Teber Okyalaz Tevetoğlu,Satış,Otomobil,Acente Operasyon Sorumlusu (S.O.S.),,3 yıldan fazla,40.5,,,,,,4.0,,,4.0,2.0,Rakip kurumların koşulları daha esnek kalıyor,Stenos CRM üzerinden takip yapılabilmesi; Kontaktaki kişilerin olumlu sıcak yaklaşımları; Güvenilir bir kurum olması,Faizlerin yüksek olması; Yeterince eğitim verilmemesi,,,2.0,5.0,,5,"Ekranlar arası geçiş yavaş, rapor almak zor",6.0,1.0,1.0,,,,,6,Fiyat rekabetçi değil / hasar süreci yavaş,,1,5.0,44.4,,4.0
DSI-00087,Bayi Çalışanı / DSI,Stenos Auto_2025_DSI_Soru_Formu_Stenos CRM_v6Final,2026-04-30,Stenos Erzurum Yakutiye,Stenos Erzurum Yakutiye,Erzurum,Doğu Anadolu Bölgesi,Müfit Sakarya,Satış,Hafif ticari araçlar,Acente Operasyon Sorumlusu (S.O.S.),,1 yıldan daha az bir süredir,59.1,,,,,,5.0,,,7.0,2.0,Rakip kurumların koşulları daha esnek kalıyor,Çözüm odaklı olmaları; Düşük faiz uygulaması; Esnek ödeme planı sunması,Tecrübesiz çalışanlarının olması,,,6.0,7.0,,8,,5.0,1.0,1.0,,,,,6,Fiyat rekabetçi değil / hasar süreci yavaş,,1,7.0,66.7,,5.0
DSI-00088,Bayi Çalışanı / DSI,Stenos Auto_2025_DSI_Soru_Formu_Stenos CRM_v6Final,2025-06-17,Stenos Diyarbakır Kayapınar,Stenos Diyarbakır Kayapınar,Diyarbakır,Güney Doğu Anadolu Bölgesi,Göken Yılmaz,Sigorta,,,Sigorta Danışmanı,1 yıl – 3 yıl arası,71.9,,,,,,,,,,,,,,,,,,7.0,7,,,,,,HDI; Axa; Ray,6.0,7.0,4,Fiyat rekabetçi değil / hasar süreci yavaş,,1,7.0,66.7,,6.0
DSI-00089,Bayi Çalışanı / DSI,Stenos Auto_2025_DSI_Soru_Formu_Stenos CRM_v6Final,2026-04-26,Stenos Adana Seyhan,Stenos Adana Seyhan,Adana,Akdeniz Bölgesi,Müsemma Karadeniz Mansız,Sigorta,,,Sigorta Danışmanı,1 yıldan daha az bir süredir,58.6,,,,,,,,,,,,,,,,,,5.0,5,"Ekranlar arası geçiş yavaş, rapor almak zor",,,,,Ray; Mapfre; Axa,5.0,2.0,4,Fiyat rekabetçi değil / hasar süreci yavaş,,1,5.0,44.4,,5.0
DSI-00090,Bayi Çalışanı / DSI,Stenos Auto_2025_DSI_Soru_Formu_Stenos CRM_v6Final,2025-06-25,Stenos Bursa Nilüfer,Stenos Bursa Nilüfer,Bursa,Marmara Bölgesi,Mümtaze Dumanlı Şama,Sigorta,,,Sigorta Danışmanı,3 yıldan fazla,78.3,,,,,,,,,,,,,,,,,,6.0,4,"Ekranlar arası geçiş yavaş, rapor almak zor",,,,,Axa; Doğa; Ray,10.0,8.0,9,,"Teminat kapsamı geniş, müşteri memnun kalıyor",1,6.0,55.6,,10.0
DSI-00091,Bayi Çalışanı / DSI,Stenos Auto_2025_DSI_Soru_Formu_Stenos CRM_v6Final,2025-01-16,Stenos İzmir Bornova,Stenos İzmir Bornova,İzmir,Ege Bölgesi,Av. İçimbike Erem Hançer,Sigorta,,,Sigorta Danışmanı,3 yıldan fazla,65.1,,,,,,,,,,,,,,,,,,6.0,6,"Ekranlar arası geçiş yavaş, rapor almak zor",,,,,Hepiyi; Anadolu Anonim Türk; HDI,8.0,7.0,6,Fiyat rekabetçi değil / hasar süreci yavaş,,1,6.0,55.6,,8.0
DSI-00092,Bayi Çalışanı / DSI,Stenos Auto_2025_DSI_Soru_Formu_Stenos CRM_v6Final,2025-12-28,Stenos Gaziantep Şahinbey,Stenos Gaziantep Şahinbey,Gaziantep,Güney Doğu Anadolu Bölgesi,Şefiye Akça,Satış,Otomobil,Satış müdürü,,1 yıl – 3 yıl arası,70.3,1.0,Genelde önermediğim finans kurumudur,1.0,Stenos Auto Finans; Kuveyt Türk; QNB Fibabank,Faiz avantajı,5.0,5.0,5.0,5.0,1.0,,Stenos CRM üzerinden takip yapılabilmesi; Bankalar gibi şube limitinin olmaması; Kontaktaki kişilerin olumlu sıcak yaklaşımları,"Yeterince eğitim verilmemesi; Faizlerin yüksek olması; Evrakların yavaş kontrol edilmesi; Prim sisteminde acenteye ödeme yapılması, paranın kesintiye uğraması",4.0,4.0,7.0,7.0,,9,,5.0,1.0,1.0,,,,,4,Fiyat rekabetçi değil / hasar süreci yavaş,,2,7.0,66.7,Detractor,5.0
DSI-00093,Bayi Çalışanı / DSI,Stenos Auto_2025_DSI_Soru_Formu_Stenos CRM_v6Final,2025-05-27,Stenos Gaziantep Şahinbey,Stenos Gaziantep Şahinbey,Gaziantep,Güney Doğu Anadolu Bölgesi,Nihai Hayrioğlu,Satış,Tüm segmentler,Satış Danışmanı / 2.El Satış Danışmanı / Satış Pazarlama Sorumlusu,,3 yıldan fazla,60.8,3.0,Önerdiğim birkaç finans kurumundan biridir,1.0,Stenos Auto Finans; OdeaBank,Faiz avantajı,8.0,7.0,7.0,9.0,2.0,Rakip kurumların koşulları daha esnek kalıyor,Toplam paket sunması (sigorta gibi); Yeniden borcu yapılandırması,Evrakların yavaş kontrol edilmesi,6.0,6.0,7.0,8.0,,8,,6.0,2.0,1.0,,,,,7,,"Teminat kapsamı geniş, müşteri memnun kalıyor",1,8.0,77.8,Passive,8.0
DSI-00094,Bayi Çalışanı / DSI,Stenos Auto_2025_DSI_Soru_Formu_Stenos CRM_v6Final,2025-03-10,Stenos Malatya Battalgazi,Stenos Malatya Battalgazi,Malatya,Doğu Anadolu Bölgesi,Öğr. Gümüştekin Arslan,Satış,Otomobil,Acente Operasyon Sorumlusu (S.O.S.),,1 yıl – 3 yıl arası,58.2,,,,,,8.0,,,8.0,1.0,,Düşük faiz uygulaması; Çözüm odaklı olmaları,Evrakların sık sık kaybolması; Faizlerin yüksek olması,,,9.0,3.0,,2,"Ekranlar arası geçiş yavaş, rapor almak zor",8.0,1.0,1.0,,,,,7,,"Teminat kapsamı geniş, müşteri memnun kalıyor",1,3.0,22.2,,8.0
DSI-00095,Bayi Çalışanı / DSI,Stenos Auto_2025_DSI_Soru_Formu_Stenos CRM_v6Final,2025-05-07,Stenos Samsun İlkadım,Stenos Samsun İlkadım,Samsun,Karadeniz Bölgesi,Yrd. Doç. Henife Hayrioğlu Kısakürek,Sigorta,,,Sigorta Danışmanı,1 yıldan daha az bir süredir,52.8,,,,,,,,,,,,,,,,,,6.0,5,"Ekranlar arası geçiş yavaş, rapor almak zor",,,,,Sompo; Türkiye Sigorta; Zurich,5.0,4.0,7,,"Teminat kapsamı geniş, müşteri memnun kalıyor",1,6.0,55.6,,5.0
DSI-00096,Bayi Çalışanı / DSI,Stenos Auto_2025_DSI_Soru_Formu_Stenos CRM_v6Final,2026-04-04,Stenos İzmir Bornova,Stenos İzmir Bornova,İzmir,Ege Bölgesi,Pekkan Arsoy,Satış,Tüm segmentler,Acente Operasyon Sorumlusu (S.O.S.),,1 yıl – 3 yıl arası,79.0,,,,,,7.0,,,7.0,1.0,,Yeniden borcu yapılandırması; Eski müşteriyi takip edebilme olanağı,Telefonların hep meşgul olması ya da cevap verilmemesi; Eksik evrak bildiriminin geç haber verilmesi; Satış danışmanlarının inisiyatif almaması,,,9.0,8.0,,7,,6.0,1.0,2.0,Süreçte hatırlamıyorum,,,,3,Fiyat rekabetçi değil / hasar süreci yavaş,,1,8.0,77.8,,7.0
DSI-00097,Bayi Çalışanı / DSI,Stenos Auto_2025_DSI_Soru_Formu_Stenos CRM_v6Final,2026-05-29,Stenos İstanbul Maslak,Stenos İstanbul Maslak,İstanbul,Marmara Bölgesi,Seler Demiryürek Zengin Duran,Satış,Tüm segmentler,Satış müdürü,,3 yıldan fazla,71.6,5.0,Kredi için önerdiğim tek finans kurumudur,1.0,Stenos Auto Finans; OdeaBank,Evrak süreci daha basit,9.0,10.0,8.0,9.0,1.0,,Stenos CRM sisteminin iyi olması; Düşük faiz uygulaması,"Yeterince eğitim verilmemesi; Sürecin hiçbir aşamasında geri bildirim yapılmaması; Prim sisteminde acenteye ödeme yapılması, paranın kesintiye uğraması; Evrakların yavaş kontrol edilmesi",7.0,5.0,9.0,9.0,,7,,7.0,1.0,2.0,Süreçte hatırlamıyorum,,,,10,,"Teminat kapsamı geniş, müşteri memnun kalıyor",1,9.0,88.9,Passive,9.0
DSI-00098,Bayi Çalışanı / DSI,Stenos Auto_2025_DSI_Soru_Formu_Stenos CRM_v6Final,2026-06-14,Stenos Ankara Çankaya,Stenos Ankara Çankaya,Ankara,İç Anadolu Bölgesi,Dr. Öge Durmuş,Satış,Hafif ticari araçlar,Filo Satış Müdürü,,1 yıl – 3 yıl arası,92.9,4.0,Kredi için en sık önerdiğim finans kurumudur,1.0,Stenos Auto Finans; OdeaBank,Müşteri temsilcisi desteği iyi,9.0,8.0,8.0,7.0,1.0,,Bankalar gibi şube limitinin olmaması; Sabit faiz uygulaması; Güvenilir bir kurum olması; Kolay ulaşılabilirlik,"Evrakların yavaş kontrol edilmesi; Yoğun olmalarından dolayı işlerin ilerlememesi; Satış danışmanlarının inisiyatif almaması; Prim sisteminde acenteye ödeme yapılması, paranın kesintiye uğraması",10.0,8.0,8.0,9.0,,8,,5.0,1.0,1.0,,,,,10,,"Teminat kapsamı geniş, müşteri memnun kalıyor",1,9.0,88.9,Passive,9.0
DSI-00099,Bayi Çalışanı / DSI,Stenos Auto_2025_DSI_Soru_Formu_Stenos CRM_v6Final,2025-06-18,Stenos İzmir Bornova,Stenos İzmir Bornova,İzmir,Ege Bölgesi,Yunt Ertaş,Satış,Tüm segmentler,Satış Danışmanı / 2.El Satış Danışmanı / Satış Pazarlama Sorumlusu,,3 yıldan fazla,73.7,3.0,Önerdiğim birkaç finans kurumundan biridir,2.0,Stenos Auto Finans; Alternatifbank; OdeaBank,Evrak süreci daha basit,8.0,8.0,10.0,6.0,2.0,Rakip kurumların koşulları daha esnek kalıyor,Düşük faiz uygulaması; Kolay ulaşılabilirlik; Yeniden borcu yapılandırması; Toplam paket sunması (sigorta gibi),Evrakların sık sık kaybolması; Telefonlara geri dönülmemesi,6.0,5.0,9.0,9.0,,9,,10.0,2.0,2.0,Süreçte hatırlamıyorum,,,,9,,"Teminat kapsamı geniş, müşteri memnun kalıyor",1,9.0,88.9,Promoter,8.0
DSI-00100,Bayi Çalışanı / DSI,Stenos Auto_2025_DSI_Soru_Formu_Stenos CRM_v6Final,2025-08-09,Stenos İstanbul Maslak,Stenos İstanbul Maslak,İstanbul,Marmara Bölgesi,Metinkaya Sezgin,Sigorta,,,Sigorta Danışmanı,1 yıl – 3 yıl arası,69.5,,,,,,,,,,,,,,,,,,9.0,9,,,,,,Doğa; Neova; Eureko,7.0,6.0,4,Fiyat rekabetçi değil / hasar süreci yavaş,,1,9.0,88.9,,7.0
DSI-00101,Bayi Çalışanı / DSI,Stenos Auto_2025_DSI_Soru_Formu_Stenos CRM_v6Final,2026-04-12,Stenos Kayseri Melikgazi,Stenos Kayseri Melikgazi,Kayseri,İç Anadolu Bölgesi,Behiza Rehime Tarhan,Satış,Hafif ticari araçlar,Filo Satış Danışmanı,,1 yıldan daha az bir süredir,61.3,4.0,Kredi için en sık önerdiğim finans kurumudur,1.0,Stenos Auto Finans; Şekerbank,Onay süreleri kısa,8.0,9.0,7.0,5.0,1.0,,Bankalar gibi şube limitinin olmaması; Stenos CRM üzerinden takip yapılabilmesi; Kontaktaki kişilerin olumlu sıcak yaklaşımları,Yeterince eğitim verilmemesi,6.0,7.0,7.0,8.0,,9,,6.0,2.0,1.0,,,,,7,,"Teminat kapsamı geniş, müşteri memnun kalıyor",1,8.0,77.8,Passive,8.0
DSI-00102,Bayi Çalışanı / DSI,Stenos Auto_2025_DSI_Soru_Formu_Stenos CRM_v6Final,2025-06-13,Stenos Erzurum Yakutiye,Stenos Erzurum Yakutiye,Erzurum,Doğu Anadolu Bölgesi,Uz. Merba Yüksel Eraslan,Satış,Hafif ticari araçlar,Filo Satış Danışmanı,,1 yıldan daha az bir süredir,52.5,3.0,Önerdiğim birkaç finans kurumundan biridir,2.0,Stenos Auto Finans; TEB (Türk Ekonomi Bankası); OdeaBank,Müşteri temsilcisi desteği iyi,3.0,4.0,3.0,3.0,2.0,Rakip kurumların koşulları daha esnek kalıyor,Kolay ulaşılabilirlik; Eski müşteriyi takip edebilme olanağı,İşlemlerin hallolması için kişisel bazda çaba harcanma ihtiyacı; Eksik evrak bildiriminin geç haber verilmesi; Telefonlara geri dönülmemesi; Faizlerin yüksek olması,3.0,4.0,2.0,5.0,,3,"Ekranlar arası geçiş yavaş, rapor almak zor",2.0,1.0,1.0,,,,,4,Fiyat rekabetçi değil / hasar süreci yavaş,,1,5.0,44.4,Detractor,3.0
DSI-00103,Bayi Çalışanı / DSI,Stenos Auto_2025_DSI_Soru_Formu_Stenos CRM_v6Final,2025-07-19,Stenos Malatya Battalgazi,Stenos Malatya Battalgazi,Malatya,Doğu Anadolu Bölgesi,Yağın Şafak,Satış,Otomobil,Satış müdürü,,3 yıldan fazla,43.5,3.0,Önerdiğim birkaç finans kurumundan biridir,1.0,Stenos Auto Finans; Türkiye Finans; HSBC Bank,Evrak süreci daha basit,6.0,5.0,5.0,6.0,2.0,Rakip kurumların koşulları daha esnek kalıyor,Sabit faiz uygulaması; Çözüm odaklı olmaları,Fazla evrak istenmesi; İşlemlerin hallolması için kişisel bazda çaba harcanma ihtiyacı; Eksik evrak bildiriminin geç haber verilmesi; Faizlerin yüksek olması,8.0,4.0,5.0,4.0,,5,"Ekranlar arası geçiş yavaş, rapor almak zor",7.0,1.0,2.0,Uygulamayı yeterince tanımıyorum,,,,3,Fiyat rekabetçi değil / hasar süreci yavaş,,1,4.0,33.3,Detractor,6.0
DSI-00104,Bayi Çalışanı / DSI,Stenos Auto_2025_DSI_Soru_Formu_Stenos CRM_v6Final,2025-04-06,Stenos Antalya Muratpaşa,Stenos Antalya Muratpaşa,Antalya,Akdeniz Bölgesi,Beray Dumanlı Tevetoğlu,Satış,Tüm segmentler,Satış Danışmanı / 2.El Satış Danışmanı / Satış Pazarlama Sorumlusu,,1 yıl – 3 yıl arası,74.7,3.0,Önerdiğim birkaç finans kurumundan biridir,1.0,Stenos Auto Finans; Finans Bank,Faiz avantajı,8.0,8.0,6.0,7.0,1.0,,Eski müşteriyi takip edebilme olanağı; Sabit faiz uygulaması,Kolay ulaşılır olmaması; Telefonların hep meşgul olması ya da cevap verilmemesi; Fazla evrak istenmesi,6.0,6.0,8.0,9.0,,9,,6.0,2.0,1.0,,,,,7,,"Teminat kapsamı geniş, müşteri memnun kalıyor",1,9.0,88.9,Detractor,8.0
DSI-00105,Bayi Çalışanı / DSI,Stenos Auto_2025_DSI_Soru_Formu_Stenos CRM_v6Final,2025-11-24,Stenos Adana Seyhan,Stenos Adana Seyhan,Adana,Akdeniz Bölgesi,Yrd. Doç. Rabbiye Duran Zorlu,Satış,Otomobil,Satış Danışmanı / 2.El Satış Danışmanı / Satış Pazarlama Sorumlusu,,1 yıl – 3 yıl arası,63.7,5.0,Kredi için önerdiğim tek finans kurumudur,1.0,Stenos Auto Finans; Anadolubank; Kuveyt Türk,Faiz avantajı,6.0,6.0,8.0,5.0,2.0,Rakip kurumların koşulları daha esnek kalıyor,Bankalar gibi şube limitinin olmaması; Çözüm odaklı olmaları,"Telefonlara geri dönülmemesi; Telefonların hep meşgul olması ya da cevap verilmemesi; Yeterince eğitim verilmemesi; Prim sisteminde acenteye ödeme yapılması, paranın kesintiye uğraması",4.0,6.0,8.0,7.0,,2,,5.0,2.0,1.0,,,,,4,Fiyat rekabetçi değil / hasar süreci yavaş,,1,7.0,66.7,Passive,6.0
DSI-00106,Bayi Çalışanı / DSI,Stenos Auto_2025_DSI_Soru_Formu_Stenos CRM_v6Final,2026-01-13,Stenos Trabzon Ortahisar,Stenos Trabzon Ortahisar,Trabzon,Karadeniz Bölgesi,Arş. Gör. Aycagül Nevgin Sezer,Satış,Otomobil,Showroom Müdürü/ 2. El Showroom Müdürü,,3 yıldan fazla,74.5,3.0,Önerdiğim birkaç finans kurumundan biridir,1.0,Stenos Auto Finans; QNB Fibabank; Alternatifbank,Onay süreleri kısa,10.0,8.0,10.0,10.0,1.0,,Güvenilir bir kurum olması; Kolay ulaşılabilirlik; Sabit faiz uygulaması,Yeterince eğitim verilmemesi; Faizlerin yüksek olması; Sürecin hiçbir aşamasında geri bildirim yapılmaması,10.0,8.0,10.0,7.0,,6,,9.0,1.0,2.0,Uygulamayı yeterince tanımıyorum,,,,10,,"Teminat kapsamı geniş, müşteri memnun kalıyor",1,7.0,66.7,Promoter,10.0
DSI-00107,Bayi Çalışanı / DSI,Stenos Auto_2025_DSI_Soru_Formu_Stenos CRM_v6Final,2025-06-08,Stenos İzmir Bornova,Stenos İzmir Bornova,İzmir,Ege Bölgesi,Baki Öcalan,Sigorta,,,Sigorta Danışmanı,1 yıl – 3 yıl arası,70.5,,,,,,,,,,,,,,,,,,9.0,8,,,,,,Ray; Anadolu Anonim Türk; Hepiyi,7.0,6.0,9,,"Teminat kapsamı geniş, müşteri memnun kalıyor",1,9.0,88.9,,7.0
DSI-00108,Bayi Çalışanı / DSI,Stenos Auto_2025_DSI_Soru_Formu_Stenos CRM_v6Final,2025-01-01,Stenos Samsun İlkadım,Stenos Samsun İlkadım,Samsun,Karadeniz Bölgesi,Dr. Tümer Hürdoğan Aksu,Satış,Otomobil,Satış Danışmanı / 2.El Satış Danışmanı / Satış Pazarlama Sorumlusu,,3 yıldan fazla,54.8,2.0,Nadiren önerdiğim finans kurumudur,1.0,Stenos Auto Finans; Halk Bankası; AlBaraka,Evrak süreci daha basit,5.0,2.0,7.0,5.0,1.0,,Güvenilir bir kurum olması; Bankalar gibi şube limitinin olmaması,Telefonların hep meşgul olması ya da cevap verilmemesi,3.0,2.0,6.0,4.0,,4,"Ekranlar arası geçiş yavaş, rapor almak zor",5.0,1.0,2.0,Müşteriler dijital kullanmak istemiyor,,,,6,Fiyat rekabetçi değil / hasar süreci yavaş,,1,4.0,33.3,Passive,5.0
DSI-00109,Bayi Çalışanı / DSI,Stenos Auto_2025_DSI_Soru_Formu_Stenos CRM_v6Final,2026-02-03,Stenos Kayseri Melikgazi,Stenos Kayseri Melikgazi,Kayseri,İç Anadolu Bölgesi,Selatin Tolonbay Tarhan,Satış,Tüm segmentler,Showroom Müdürü/ 2. El Showroom Müdürü,,3 yıldan fazla,65.0,3.0,Önerdiğim birkaç finans kurumundan biridir,1.0,Stenos Auto Finans; Finans Bank,Müşteri temsilcisi desteği iyi,9.0,10.0,7.0,8.0,2.0,Rakip kurumların koşulları daha esnek kalıyor,Kontaktaki kişilerin olumlu sıcak yaklaşımları; Finansal açıdan güçlü bir kurum olması; Düşük faiz uygulaması,Telefonların hep meşgul olması ya da cevap verilmemesi,10.0,8.0,10.0,7.0,,7,,5.0,2.0,1.0,,,,,8,,"Teminat kapsamı geniş, müşteri memnun kalıyor",1,7.0,66.7,Passive,9.0
DSI-00110,Bayi Çalışanı / DSI,Stenos Auto_2025_DSI_Soru_Formu_Stenos CRM_v6Final,2025-12-09,Stenos Adana Seyhan,Stenos Adana Seyhan,Adana,Akdeniz Bölgesi,Müret Çetin Şafak,Satış,Otomobil,Satış Danışmanı / 2.El Satış Danışmanı / Satış Pazarlama Sorumlusu,,1 yıl – 3 yıl arası,67.2,4.0,Kredi için en sık önerdiğim finans kurumudur,1.0,Stenos Auto Finans; Şekerbank,Müşteri temsilcisi desteği iyi,7.0,8.0,3.0,6.0,1.0,,Stenos CRM sisteminin iyi olması; Bankalar gibi şube limitinin olmaması; Düşük faiz uygulaması; Kontaktaki kişilerin olumlu sıcak yaklaşımları,Teknolojik alt yapılarının olmaması; Sürecin hiçbir aşamasında geri bildirim yapılmaması; Satış danışmanlarının inisiyatif almaması; Fazla evrak istenmesi,7.0,6.0,7.0,8.0,,8,,7.0,1.0,1.0,,,,,5,Fiyat rekabetçi değil / hasar süreci yavaş,,2,8.0,77.8,Detractor,7.0
DSI-00111,Bayi Çalışanı / DSI,Stenos Auto_2025_DSI_Soru_Formu_Stenos CRM_v6Final,2025-04-22,Stenos Erzurum Yakutiye,Stenos Erzurum Yakutiye,Erzurum,Doğu Anadolu Bölgesi,Abdülkerim Aytuna Eraslan Bilgin,Satış,Tüm segmentler,Filo Satış Müdürü,,1 yıldan daha az bir süredir,41.4,5.0,Kredi için önerdiğim tek finans kurumudur,1.0,Stenos Auto Finans; Anadolubank; Burgan Bank,Onay süreleri kısa,5.0,5.0,7.0,3.0,2.0,Rakip kurumların koşulları daha esnek kalıyor,Esnek ödeme planı sunması; Sabit faiz uygulaması; Kolay ulaşılabilirlik; Çözüm odaklı olmaları,Eksik evrak bildiriminin geç haber verilmesi; Satış danışmanlarının inisiyatif almaması,99.0,6.0,5.0,5.0,,1,"Ekranlar arası geçiş yavaş, rapor almak zor",4.0,1.0,1.0,,,,,6,Fiyat rekabetçi değil / hasar süreci yavaş,,1,5.0,44.4,Passive,5.0
DSI-00112,Bayi Çalışanı / DSI,Stenos Auto_2025_DSI_Soru_Formu_Stenos CRM_v6Final,2025-06-26,Stenos Samsun İlkadım,Stenos Samsun İlkadım,Samsun,Karadeniz Bölgesi,Öğr. Karakucak Kiramettin Ertaş,Sigorta,,,Sigorta Danışmanı,1 yıl – 3 yıl arası,61.5,,,,,,,,,,,,,,,,,,7.0,6,,,,,,Eureko; Hepiyi; Ray,7.0,7.0,6,Fiyat rekabetçi değil / hasar süreci yavaş,,1,7.0,66.7,,7.0
DSI-00113,Bayi Çalışanı / DSI,Stenos Auto_2025_DSI_Soru_Formu_Stenos CRM_v6Final,2026-06-29,Stenos Malatya Battalgazi,Stenos Malatya Battalgazi,Malatya,Doğu Anadolu Bölgesi,Hazrat Yıldırım,Sigorta,,,Sigorta Danışmanı,1 yıldan daha az bir süredir,55.0,,,,,,,,,,,,,,,,,,6.0,6,"Ekranlar arası geçiş yavaş, rapor almak zor",,,,,Zurich; Doğa; Axa,8.0,9.0,5,Fiyat rekabetçi değil / hasar süreci yavaş,,1,6.0,55.6,,8.0
DSI-00114,Bayi Çalışanı / DSI,Stenos Auto_2025_DSI_Soru_Formu_Stenos CRM_v6Final,2025-12-10,Stenos Antalya Muratpaşa,Stenos Antalya Muratpaşa,Antalya,Akdeniz Bölgesi,Dr. Mehdiye Seven Çamurcuoğlu,Sigorta,,,Sigorta Danışmanı,1 yıl – 3 yıl arası,82.2,,,,,,,,,,,,,,,,,,9.0,10,,,,,,Axa; Hepiyi; HDI,7.0,5.0,8,,"Teminat kapsamı geniş, müşteri memnun kalıyor",1,9.0,88.9,,7.0
DSI-00115,Bayi Çalışanı / DSI,Stenos Auto_2025_DSI_Soru_Formu_Stenos CRM_v6Final,2025-12-20,Stenos Gaziantep Şahinbey,Stenos Gaziantep Şahinbey,Gaziantep,Güney Doğu Anadolu Bölgesi,Barışcan Karadeniz,Satış,Tüm segmentler,Satış Danışmanı / 2.El Satış Danışmanı / Satış Pazarlama Sorumlusu,,1 yıl – 3 yıl arası,60.1,3.0,Önerdiğim birkaç finans kurumundan biridir,2.0,Stenos Auto Finans; Kuveyt Türk,Müşteri temsilcisi desteği iyi,7.0,5.0,6.0,6.0,2.0,Rakip kurumların koşulları daha esnek kalıyor,Kolay ulaşılabilirlik; Esnek ödeme planı sunması; Finansal açıdan güçlü bir kurum olması,Faizlerin yüksek olması,7.0,8.0,6.0,6.0,,8,"Ekranlar arası geçiş yavaş, rapor almak zor",7.0,1.0,1.0,,,,,8,,"Teminat kapsamı geniş, müşteri memnun kalıyor",1,6.0,55.6,Detractor,7.0
DSI-00116,Bayi Çalışanı / DSI,Stenos Auto_2025_DSI_Soru_Formu_Stenos CRM_v6Final,2026-01-09,Stenos Antalya Muratpaşa,Stenos Antalya Muratpaşa,Antalya,Akdeniz Bölgesi,Hidir Hançer,Sigorta,,,Sigorta müdürü,3 yıldan fazla,76.4,,,,,,,,,,,,,,,,,,9.0,8,,,,,,Mapfre; Ray; Hepiyi,7.0,6.0,9,,"Teminat kapsamı geniş, müşteri memnun kalıyor",1,9.0,88.9,,7.0
DSI-00117,Bayi Çalışanı / DSI,Stenos Auto_2025_DSI_Soru_Formu_Stenos CRM_v6Final,2026-06-05,Stenos Malatya Battalgazi,Stenos Malatya Battalgazi,Malatya,Doğu Anadolu Bölgesi,Sevdinar Çetin,Satış,Tüm segmentler,Satış Danışmanı / 2.El Satış Danışmanı / Satış Pazarlama Sorumlusu,,3 yıldan fazla,48.4,4.0,Kredi için en sık önerdiğim finans kurumudur,1.0,Stenos Auto Finans; ING; Ziraat Bankası,Faiz avantajı,4.0,4.0,6.0,2.0,1.0,,Kontaktaki kişilerin olumlu sıcak yaklaşımları; Stenos CRM sisteminin iyi olması; Stenos CRM üzerinden takip yapılabilmesi,İşlemlerin hallolması için kişisel bazda çaba harcanma ihtiyacı; Banka kadar esnek olunmaması,4.0,2.0,2.0,6.0,,8,"Ekranlar arası geçiş yavaş, rapor almak zor",6.0,1.0,1.0,,,,,4,Fiyat rekabetçi değil / hasar süreci yavaş,,1,6.0,55.6,Detractor,4.0
DSI-00118,Bayi Çalışanı / DSI,Stenos Auto_2025_DSI_Soru_Formu_Stenos CRM_v6Final,2025-06-17,Stenos Antalya Muratpaşa,Stenos Antalya Muratpaşa,Antalya,Akdeniz Bölgesi,Ramadan Güçlü,Satış,Otomobil,Satış Danışmanı / 2.El Satış Danışmanı / Satış Pazarlama Sorumlusu,,3 yıldan fazla,80.6,4.0,Kredi için en sık önerdiğim finans kurumudur,1.0,Stenos Auto Finans; Ziraat Bankası; Denizbank,Faiz avantajı,8.0,8.0,6.0,8.0,2.0,Rakip kurumların koşulları daha esnek kalıyor,Düşük faiz uygulaması; Esnek ödeme planı sunması,Banka kadar esnek olunmaması; Yoğun olmalarından dolayı işlerin ilerlememesi; Evrakların sık sık kaybolması,9.0,8.0,9.0,6.0,,9,"Ekranlar arası geçiş yavaş, rapor almak zor",8.0,1.0,1.0,,,,,6,Fiyat rekabetçi değil / hasar süreci yavaş,,1,6.0,55.6,Detractor,8.0
DSI-00119,Bayi Çalışanı / DSI,Stenos Auto_2025_DSI_Soru_Formu_Stenos CRM_v6Final,2025-05-20,Stenos İstanbul Kadıköy,Stenos İstanbul Kadıköy,İstanbul,Marmara Bölgesi,Sultane Canseven Dumanlı Gül,Sigorta,,,Sigorta müdürü,3 yıldan fazla,83.6,,,,,,,,,,,,,,,,,,8.0,8,,,,,,Zurich; Allianz; Mapfre,10.0,9.0,10,,"Teminat kapsamı geniş, müşteri memnun kalıyor",1,8.0,77.8,,10.0
DSI-00120,Bayi Çalışanı / DSI,Stenos Auto_2025_DSI_Soru_Formu_Stenos CRM_v6Final,2025-07-24,Stenos Adana Seyhan,Stenos Adana Seyhan,Adana,Akdeniz Bölgesi,Okt. Bediriye Melûl Türk Sezgin,Satış,Tüm segmentler,Filo Satış Müdürü,,3 yıldan fazla,67.9,4.0,Kredi için en sık önerdiğim finans kurumudur,1.0,Stenos Auto Finans; Garanti Bankası,Onay süreleri kısa,7.0,5.0,8.0,5.0,1.0,,Yeniden borcu yapılandırması; Stenos CRM üzerinden takip yapılabilmesi; Kontaktaki kişilerin olumlu sıcak yaklaşımları,Evrakların sık sık kaybolması; Yoğun olmalarından dolayı işlerin ilerlememesi; Satış danışmanlarının inisiyatif almaması; Banka kadar esnek olunmaması,8.0,4.0,10.0,6.0,,6,"Ekranlar arası geçiş yavaş, rapor almak zor",5.0,2.0,1.0,,,,,8,,"Teminat kapsamı geniş, müşteri memnun kalıyor",1,6.0,55.6,Passive,7.0
DSI-00121,Bayi Çalışanı / DSI,Stenos Auto_2025_DSI_Soru_Formu_Stenos CRM_v6Final,2026-03-04,Stenos Diyarbakır Kayapınar,Stenos Diyarbakır Kayapınar,Diyarbakır,Güney Doğu Anadolu Bölgesi,Ahsen Şendoğan Şama Şensoy,Sigorta,,,Sigorta Danışmanı,3 yıldan fazla,80.5,,,,,,,,,,,,,,,,,,8.0,10,,,,,,Quick; HDI; Ray,6.0,6.0,7,,"Teminat kapsamı geniş, müşteri memnun kalıyor",1,8.0,77.8,,6.0
DSI-00122,Bayi Çalışanı / DSI,Stenos Auto_2025_DSI_Soru_Formu_Stenos CRM_v6Final,2025-03-24,Stenos Samsun İlkadım,Stenos Samsun İlkadım,Samsun,Karadeniz Bölgesi,Uluğbey Özçam Aksu İhsanoğlu,Sigorta,,,Sigorta Danışmanı,3 yıldan fazla,68.4,,,,,,,,,,,,,,,,,,7.0,6,,,,,,Mapfre; Eureko; Aksigorta,8.0,9.0,9,,"Teminat kapsamı geniş, müşteri memnun kalıyor",1,7.0,66.7,,8.0
DSI-00123,Bayi Çalışanı / DSI,Stenos Auto_2025_DSI_Soru_Formu_Stenos CRM_v6Final,2025-04-10,Stenos Malatya Battalgazi,Stenos Malatya Battalgazi,Malatya,Doğu Anadolu Bölgesi,Arş. Gör. Cangür Savni Aksu,Sigorta,,,Sigorta Danışmanı,1 yıldan daha az bir süredir,52.8,,,,,,,,,,,,,,,,,,5.0,4,"Ekranlar arası geçiş yavaş, rapor almak zor",,,,,Neova; Sompo; Ray,5.0,4.0,6,Fiyat rekabetçi değil / hasar süreci yavaş,,1,5.0,44.4,,5.0
DSI-00124,Bayi Çalışanı / DSI,Stenos Auto_2025_DSI_Soru_Formu_Stenos CRM_v6Final,2025-04-09,Stenos Gaziantep Şahinbey,Stenos Gaziantep Şahinbey,Gaziantep,Güney Doğu Anadolu Bölgesi,Örfiye Şafak,Satış,Tüm segmentler,Acente Operasyon Sorumlusu (S.O.S.),,1 yıl – 3 yıl arası,64.5,,,,,,8.0,,,8.0,1.0,,Toplam paket sunması (sigorta gibi); Düşük faiz uygulaması; Kolay ulaşılabilirlik; Sabit faiz uygulaması,Evrakların yavaş kontrol edilmesi; Evrakların sık sık kaybolması; Telefonlara geri dönülmemesi; Telefonların hep meşgul olması ya da cevap verilmemesi,,,7.0,10.0,,10,,7.0,1.0,2.0,Müşteriler dijital kullanmak istemiyor,,,,9,,"Teminat kapsamı geniş, müşteri memnun kalıyor",1,10.0,100.0,,8.0
DSI-00125,Bayi Çalışanı / DSI,Stenos Auto_2025_DSI_Soru_Formu_Stenos CRM_v6Final,2026-01-01,Stenos Gaziantep Şahinbey,Stenos Gaziantep Şahinbey,Gaziantep,Güney Doğu Anadolu Bölgesi,Öğr. Rana Gülcegün Akçay Şener,Sigorta,,,Sigorta Danışmanı,3 yıldan fazla,64.5,,,,,,,,,,,,,,,,,,6.0,4,"Ekranlar arası geçiş yavaş, rapor almak zor",,,,,Doğa; Allianz; Eureko,6.0,5.0,7,,"Teminat kapsamı geniş, müşteri memnun kalıyor",2,6.0,55.6,,6.0
DSI-00126,Bayi Çalışanı / DSI,Stenos Auto_2025_DSI_Soru_Formu_Stenos CRM_v6Final,2026-01-07,Stenos Gaziantep Şahinbey,Stenos Gaziantep Şahinbey,Gaziantep,Güney Doğu Anadolu Bölgesi,Öğr. Asiman Şilan Akgündüz,Satış,Hafif ticari araçlar,Satış Danışmanı / 2.El Satış Danışmanı / Satış Pazarlama Sorumlusu,,1 yıl – 3 yıl arası,57.2,4.0,Kredi için en sık önerdiğim finans kurumudur,2.0,Stenos Auto Finans; Akbank; Garanti Bankası,Uzun süredir çalışıyoruz,4.0,4.0,3.0,2.0,2.0,Rakip kurumların koşulları daha esnek kalıyor,Yeniden borcu yapılandırması; Bankalar gibi şube limitinin olmaması; Sabit faiz uygulaması; Kontaktaki kişilerin olumlu sıcak yaklaşımları,Evrakların sık sık kaybolması; Telefonların hep meşgul olması ya da cevap verilmemesi; Yoğun olmalarından dolayı işlerin ilerlememesi,3.0,4.0,3.0,6.0,,6,"Ekranlar arası geçiş yavaş, rapor almak zor",4.0,1.0,1.0,,,,,6,Fiyat rekabetçi değil / hasar süreci yavaş,,1,6.0,55.6,Detractor,4.0
DSI-00127,Bayi Çalışanı / DSI,Stenos Auto_2025_DSI_Soru_Formu_Stenos CRM_v6Final,2025-07-16,Stenos Diyarbakır Kayapınar,Stenos Diyarbakır Kayapınar,Diyarbakır,Güney Doğu Anadolu Bölgesi,Muktedir Zengin,Satış,Otomobil,Filo Satış Danışmanı,,1 yıl – 3 yıl arası,81.3,4.0,Kredi için en sık önerdiğim finans kurumudur,1.0,Stenos Auto Finans; TEB (Türk Ekonomi Bankası); Türkiye Finans,Müşteri temsilcisi desteği iyi,8.0,8.0,7.0,8.0,1.0,,Stenos CRM üzerinden takip yapılabilmesi; Güvenilir bir kurum olması; Toplam paket sunması (sigorta gibi),Evrakların yavaş kontrol edilmesi,6.0,6.0,7.0,6.0,,6,"Ekranlar arası geçiş yavaş, rapor almak zor",8.0,2.0,1.0,,,,,8,,"Teminat kapsamı geniş, müşteri memnun kalıyor",1,6.0,55.6,Passive,8.0
DSI-00128,Bayi Çalışanı / DSI,Stenos Auto_2025_DSI_Soru_Formu_Stenos CRM_v6Final,2025-05-06,Stenos Antalya Muratpaşa,Stenos Antalya Muratpaşa,Antalya,Akdeniz Bölgesi,Öğr. Adviye Günar Bilir,Sigorta,,,Sigorta Danışmanı,3 yıldan fazla,83.0,,,,,,,,,,,,,,,,,,9.0,8,,,,,,Anadolu Anonim Türk; HDI; Hepiyi,9.0,10.0,10,,"Teminat kapsamı geniş, müşteri memnun kalıyor",1,9.0,88.9,,9.0
DSI-00129,Bayi Çalışanı / DSI,Stenos Auto_2025_DSI_Soru_Formu_Stenos CRM_v6Final,2026-03-10,Stenos Bursa Nilüfer,Stenos Bursa Nilüfer,Bursa,Marmara Bölgesi,Ballı Durdu,Sigorta,,,Sigorta müdürü,1 yıldan daha az bir süredir,78.1,,,,,,,,,,,,,,,,,,7.0,7,,,,,,Zurich; Anadolu Anonim Türk; Neova,6.0,5.0,7,,"Teminat kapsamı geniş, müşteri memnun kalıyor",1,7.0,66.7,,6.0
DSI-00130,Bayi Çalışanı / DSI,Stenos Auto_2025_DSI_Soru_Formu_Stenos CRM_v6Final,2025-01-17,Stenos Adana Seyhan,Stenos Adana Seyhan,Adana,Akdeniz Bölgesi,Öztürk Sadittin Akçay Arsoy,Satış,Tüm segmentler,Satış Danışmanı / 2.El Satış Danışmanı / Satış Pazarlama Sorumlusu,,1 yıl – 3 yıl arası,67.1,5.0,Kredi için önerdiğim tek finans kurumudur,1.0,Stenos Auto Finans; Finans Bank,Uzun süredir çalışıyoruz,6.0,5.0,5.0,7.0,1.0,,Güvenilir bir kurum olması; Bankalar gibi şube limitinin olmaması; Düşük faiz uygulaması,Evrakların sık sık kaybolması; Evrakların yavaş kontrol edilmesi,5.0,6.0,6.0,7.0,,7,,6.0,1.0,1.0,,,,,5,Fiyat rekabetçi değil / hasar süreci yavaş,,1,7.0,66.7,Detractor,6.0
DSI-00131,Bayi Çalışanı / DSI,Stenos Auto_2025_DSI_Soru_Formu_Stenos CRM_v6Final,2026-03-04,Stenos Diyarbakır Kayapınar,Stenos Diyarbakır Kayapınar,Diyarbakır,Güney Doğu Anadolu Bölgesi,Gülkadın Ertaş,Satış,Otomobil,Satış Danışmanı / 2.El Satış Danışmanı / Satış Pazarlama Sorumlusu,,1 yıl – 3 yıl arası,81.1,3.0,Önerdiğim birkaç finans kurumundan biridir,1.0,Stenos Auto Finans; TEB (Türk Ekonomi Bankası); Türkiye Finans,Uzun süredir çalışıyoruz,9.0,9.0,9.0,8.0,2.0,Rakip kurumların koşulları daha esnek kalıyor,Finansal açıdan güçlü bir kurum olması; Çözüm odaklı olmaları; Stenos CRM sisteminin iyi olması,Telefonlara geri dönülmemesi; Yoğun olmalarından dolayı işlerin ilerlememesi; Banka kadar esnek olunmaması; Evrakların sık sık kaybolması,9.0,6.0,8.0,10.0,,8,,10.0,1.0,1.0,,,,,7,,"Teminat kapsamı geniş, müşteri memnun kalıyor",1,10.0,100.0,Promoter,9.0
DSI-00132,Bayi Çalışanı / DSI,Stenos Auto_2025_DSI_Soru_Formu_Stenos CRM_v6Final,2025-04-27,Stenos İzmir Bornova,Stenos İzmir Bornova,İzmir,Ege Bölgesi,Eroğul Tınal Bilge Soylu,Satış,Otomobil,Satış müdürü,,1 yıl – 3 yıl arası,60.9,3.0,Önerdiğim birkaç finans kurumundan biridir,1.0,Stenos Auto Finans; Finans Bank; Burgan Bank,Müşteri temsilcisi desteği iyi,7.0,6.0,6.0,10.0,1.0,,Kontaktaki kişilerin olumlu sıcak yaklaşımları; Toplam paket sunması (sigorta gibi); Güvenilir bir kurum olması; Yeniden borcu yapılandırması,"Telefonlara geri dönülmemesi; Faizlerin yüksek olması; Banka kadar esnek olunmaması; Prim sisteminde acenteye ödeme yapılması, paranın kesintiye uğraması",99.0,99.0,7.0,6.0,,2,"Ekranlar arası geçiş yavaş, rapor almak zor",5.0,1.0,1.0,,,,,5,Fiyat rekabetçi değil / hasar süreci yavaş,,2,6.0,55.6,Detractor,7.0
DSI-00133,Bayi Çalışanı / DSI,Stenos Auto_2025_DSI_Soru_Formu_Stenos CRM_v6Final,2026-05-10,Stenos Denizli Merkezefendi,Stenos Denizli Merkezefendi,Denizli,Ege Bölgesi,Şahinder Kısakürek,Sigorta,,,Sigorta müdürü,3 yıldan fazla,94.8,,,,,,,,,,,,,,,,,,10.0,8,,,,,,HDI; Türkiye Sigorta; Allianz,10.0,10.0,10,,"Teminat kapsamı geniş, müşteri memnun kalıyor",1,10.0,100.0,,10.0
DSI-00134,Bayi Çalışanı / DSI,Stenos Auto_2025_DSI_Soru_Formu_Stenos CRM_v6Final,2025-07-24,Stenos Gaziantep Şahinbey,Stenos Gaziantep Şahinbey,Gaziantep,Güney Doğu Anadolu Bölgesi,İmrihan Demir Ergül,Satış,Tüm segmentler,Satış Danışmanı / 2.El Satış Danışmanı / Satış Pazarlama Sorumlusu,,1 yıl – 3 yıl arası,78.3,2.0,Nadiren önerdiğim finans kurumudur,1.0,Stenos Auto Finans; HSBC Bank,Müşteri temsilcisi desteği iyi,8.0,8.0,5.0,7.0,1.0,,Kolay ulaşılabilirlik; Finansal açıdan güçlü bir kurum olması; Kontaktaki kişilerin olumlu sıcak yaklaşımları; Eski müşteriyi takip edebilme olanağı,Tecrübesiz çalışanlarının olması; Kolay ulaşılır olmaması; Telefonların hep meşgul olması ya da cevap verilmemesi,7.0,9.0,8.0,7.0,,10,,7.0,1.0,1.0,,,,,8,,"Teminat kapsamı geniş, müşteri memnun kalıyor",1,7.0,66.7,Detractor,8.0
DSI-00135,Bayi Çalışanı / DSI,Stenos Auto_2025_DSI_Soru_Formu_Stenos CRM_v6Final,2026-01-21,Stenos Ankara Çankaya,Stenos Ankara Çankaya,Ankara,İç Anadolu Bölgesi,Sevginur Goncafer Alemdar Tarhan,Satış,Otomobil,Filo Satış Müdürü,,1 yıl – 3 yıl arası,90.5,3.0,Önerdiğim birkaç finans kurumundan biridir,1.0,Stenos Auto Finans; Burgan Bank,Evrak süreci daha basit,7.0,8.0,5.0,8.0,1.0,,Toplam paket sunması (sigorta gibi); Yeniden borcu yapılandırması,Telefonlara geri dönülmemesi; Satış danışmanlarının inisiyatif almaması; Sürecin hiçbir aşamasında geri bildirim yapılmaması; Yeterince eğitim verilmemesi,5.0,3.0,6.0,9.0,,10,,7.0,1.0,1.0,,,,,6,Fiyat rekabetçi değil / hasar süreci yavaş,,1,9.0,88.9,Detractor,7.0
DSI-00136,Bayi Çalışanı / DSI,Stenos Auto_2025_DSI_Soru_Formu_Stenos CRM_v6Final,2025-03-24,Stenos Erzurum Yakutiye,Stenos Erzurum Yakutiye,Erzurum,Doğu Anadolu Bölgesi,Şirivan İrfan Çorlu,Satış,Tüm segmentler,Filo Satış Danışmanı,,3 yıldan fazla,51.8,4.0,Kredi için en sık önerdiğim finans kurumudur,1.0,Stenos Auto Finans; Denizbank; Halk Bankası,Evrak süreci daha basit,6.0,4.0,7.0,3.0,2.0,Rakip kurumların koşulları daha esnek kalıyor,Stenos CRM üzerinden takip yapılabilmesi; Yeniden borcu yapılandırması; Kontaktaki kişilerin olumlu sıcak yaklaşımları,Banka kadar esnek olunmaması; Yoğun olmalarından dolayı işlerin ilerlememesi; Telefonlara geri dönülmemesi,6.0,5.0,4.0,6.0,,4,"Ekranlar arası geçiş yavaş, rapor almak zor",7.0,2.0,1.0,,,,,5,Fiyat rekabetçi değil / hasar süreci yavaş,,2,6.0,55.6,Passive,6.0
DSI-00137,Bayi Çalışanı / DSI,Stenos Auto_2025_DSI_Soru_Formu_Stenos CRM_v6Final,2025-05-09,Stenos Bursa Nilüfer,Stenos Bursa Nilüfer,Bursa,Marmara Bölgesi,Gözel Demir,Sigorta,,,Sigorta Danışmanı,1 yıl – 3 yıl arası,82.3,,,,,,,,,,,,,,,,,,9.0,9,,,,,,Ray; Hepiyi; Allianz,9.0,8.0,9,,"Teminat kapsamı geniş, müşteri memnun kalıyor",2,9.0,88.9,,9.0
DSI-00138,Bayi Çalışanı / DSI,Stenos Auto_2025_DSI_Soru_Formu_Stenos CRM_v6Final,2026-02-05,Stenos Malatya Battalgazi,Stenos Malatya Battalgazi,Malatya,Doğu Anadolu Bölgesi,Çev. Basım Cercis Arsoy,Satış,Hafif ticari araçlar,Filo Satış Müdürü,,3 yıldan fazla,45.9,3.0,Önerdiğim birkaç finans kurumundan biridir,1.0,Stenos Auto Finans; Kuveyt Türk,Evrak süreci daha basit,5.0,6.0,3.0,4.0,2.0,Rakip kurumların koşulları daha esnek kalıyor,Bankalar gibi şube limitinin olmaması; Yeniden borcu yapılandırması; Çözüm odaklı olmaları; Stenos CRM üzerinden takip yapılabilmesi,Teknolojik alt yapılarının olmaması; Telefonlara geri dönülmemesi; Faizlerin yüksek olması; Telefonların hep meşgul olması ya da cevap verilmemesi,7.0,4.0,5.0,6.0,,5,"Ekranlar arası geçiş yavaş, rapor almak zor",8.0,1.0,1.0,,,,,6,Fiyat rekabetçi değil / hasar süreci yavaş,,1,6.0,55.6,Detractor,5.0
DSI-00139,Bayi Çalışanı / DSI,Stenos Auto_2025_DSI_Soru_Formu_Stenos CRM_v6Final,2025-11-05,Stenos Erzurum Yakutiye,Stenos Erzurum Yakutiye,Erzurum,Doğu Anadolu Bölgesi,Ozansü Kısakürek,Sigorta,,,Sigorta müdürü,3 yıldan fazla,40.6,,,,,,,,,,,,,,,,,,5.0,5,"Ekranlar arası geçiş yavaş, rapor almak zor",,,,,Mapfre; Hepiyi; Doğa,4.0,4.0,6,Fiyat rekabetçi değil / hasar süreci yavaş,,1,5.0,44.4,,4.0
DSI-00140,Bayi Çalışanı / DSI,Stenos Auto_2025_DSI_Soru_Formu_Stenos CRM_v6Final,2026-03-08,Stenos İstanbul Maslak,Stenos İstanbul Maslak,İstanbul,Marmara Bölgesi,Yrd. Doç. Eriş Ümray Kısakürek,Satış,Tüm segmentler,Satış Danışmanı / 2.El Satış Danışmanı / Satış Pazarlama Sorumlusu,,3 yıldan fazla,67.3,3.0,Önerdiğim birkaç finans kurumundan biridir,2.0,Stenos Auto Finans; Akbank; Burgan Bank,Faiz avantajı,9.0,9.0,5.0,5.0,1.0,,Yeniden borcu yapılandırması; Çözüm odaklı olmaları,Yoğun olmalarından dolayı işlerin ilerlememesi; Eksik evrak bildiriminin geç haber verilmesi; Satış danışmanlarının inisiyatif almaması,9.0,6.0,10.0,9.0,,8,,10.0,2.0,1.0,,,,,9,,"Teminat kapsamı geniş, müşteri memnun kalıyor",1,9.0,88.9,Detractor,9.0
DSI-00141,Bayi Çalışanı / DSI,Stenos Auto_2025_DSI_Soru_Formu_Stenos CRM_v6Final,2025-11-17,Stenos Erzurum Yakutiye,Stenos Erzurum Yakutiye,Erzurum,Doğu Anadolu Bölgesi,Uz. Tagangül Zelha Sezer,Satış,Tüm segmentler,Acente Operasyon Sorumlusu (S.O.S.),,3 yıldan fazla,47.2,,,,,,7.0,,,8.0,1.0,,Stenos CRM sisteminin iyi olması; Sabit faiz uygulaması,Fazla evrak istenmesi; Evrakların yavaş kontrol edilmesi; Banka kadar esnek olunmaması,,,7.0,5.0,,6,"Ekranlar arası geçiş yavaş, rapor almak zor",5.0,1.0,1.0,,,,,8,,"Teminat kapsamı geniş, müşteri memnun kalıyor",1,5.0,44.4,,7.0
DSI-00142,Bayi Çalışanı / DSI,Stenos Auto_2025_DSI_Soru_Formu_Stenos CRM_v6Final,2025-11-19,Stenos Kayseri Melikgazi,Stenos Kayseri Melikgazi,Kayseri,İç Anadolu Bölgesi,Arş. Gör. Buyrukhan Soylu,Satış,Otomobil,Satış Danışmanı / 2.El Satış Danışmanı / Satış Pazarlama Sorumlusu,,3 yıldan fazla,65.6,5.0,Kredi için önerdiğim tek finans kurumudur,1.0,Stenos Auto Finans; OdeaBank; İş Bankası,Onay süreleri kısa,9.0,8.0,7.0,9.0,1.0,,Bankalar gibi şube limitinin olmaması; Toplam paket sunması (sigorta gibi); Eski müşteriyi takip edebilme olanağı,Fazla evrak istenmesi; Yoğun olmalarından dolayı işlerin ilerlememesi,10.0,7.0,10.0,5.0,,6,"Ekranlar arası geçiş yavaş, rapor almak zor",8.0,2.0,1.0,,,,,10,,"Teminat kapsamı geniş, müşteri memnun kalıyor",2,5.0,44.4,Passive,9.0
DSI-00143,Bayi Çalışanı / DSI,Stenos Auto_2025_DSI_Soru_Formu_Stenos CRM_v6Final,2026-04-23,Stenos Bursa Nilüfer,Stenos Bursa Nilüfer,Bursa,Marmara Bölgesi,Esengün Güldünya Hayrioğlu,Satış,Tüm segmentler,Satış müdürü,,1 yıldan daha az bir süredir,75.6,2.0,Nadiren önerdiğim finans kurumudur,1.0,Stenos Auto Finans; Halk Bankası,Onay süreleri kısa,7.0,8.0,5.0,6.0,1.0,,Toplam paket sunması (sigorta gibi); Finansal açıdan güçlü bir kurum olması; Çözüm odaklı olmaları,Sürecin hiçbir aşamasında geri bildirim yapılmaması; Yoğun olmalarından dolayı işlerin ilerlememesi; İşlemlerin hallolması için kişisel bazda çaba harcanma ihtiyacı,6.0,6.0,8.0,7.0,,8,,9.0,1.0,1.0,,,,,7,,"Teminat kapsamı geniş, müşteri memnun kalıyor",1,7.0,66.7,Detractor,7.0
DSI-00144,Bayi Çalışanı / DSI,Stenos Auto_2025_DSI_Soru_Formu_Stenos CRM_v6Final,2025-08-30,Stenos Samsun İlkadım,Stenos Samsun İlkadım,Samsun,Karadeniz Bölgesi,Yrd. Doç. Ayşeana Neval Akça Yılmaz,Satış,Hafif ticari araçlar,Showroom Müdürü/ 2. El Showroom Müdürü,,1 yıl – 3 yıl arası,59.0,5.0,Kredi için önerdiğim tek finans kurumudur,1.0,Stenos Auto Finans; OdeaBank; Alternatifbank,Faiz avantajı,5.0,7.0,5.0,3.0,1.0,,Bankalar gibi şube limitinin olmaması; Kontaktaki kişilerin olumlu sıcak yaklaşımları; Stenos CRM üzerinden takip yapılabilmesi; Düşük faiz uygulaması,Telefonlara geri dönülmemesi,4.0,4.0,4.0,7.0,,7,,5.0,1.0,1.0,,,,,4,Fiyat rekabetçi değil / hasar süreci yavaş,,1,7.0,66.7,Detractor,5.0
DSI-00145,Bayi Çalışanı / DSI,Stenos Auto_2025_DSI_Soru_Formu_Stenos CRM_v6Final,2026-05-26,Stenos Adana Seyhan,Stenos Adana Seyhan,Adana,Akdeniz Bölgesi,Uz. Gülhisar Alemdar Kısakürek,Satış,Otomobil,Satış Danışmanı / 2.El Satış Danışmanı / Satış Pazarlama Sorumlusu,,1 yıldan daha az bir süredir,65.5,3.0,Önerdiğim birkaç finans kurumundan biridir,1.0,Stenos Auto Finans; Akbank; TEB (Türk Ekonomi Bankası),Onay süreleri kısa,8.0,10.0,8.0,10.0,1.0,,Stenos CRM sisteminin iyi olması; Güvenilir bir kurum olması; Stenos CRM üzerinden takip yapılabilmesi,Yeterince eğitim verilmemesi; Kolay ulaşılır olmaması; Evrakların yavaş kontrol edilmesi; Teknolojik alt yapılarının olmaması,7.0,10.0,9.0,8.0,,9,,6.0,1.0,1.0,,,,,10,,"Teminat kapsamı geniş, müşteri memnun kalıyor",1,8.0,77.8,Passive,8.0
DSI-00146,Bayi Çalışanı / DSI,Stenos Auto_2025_DSI_Soru_Formu_Stenos CRM_v6Final,2025-07-12,Stenos Samsun İlkadım,Stenos Samsun İlkadım,Samsun,Karadeniz Bölgesi,Öğr. Tanyu Seven Demirel,Sigorta,,,Sigorta müdürü,1 yıl – 3 yıl arası,63.8,,,,,,,,,,,,,,,,,,6.0,5,"Ekranlar arası geçiş yavaş, rapor almak zor",,,,,Anadolu Anonim Türk; Quick; Eureko,8.0,9.0,8,,"Teminat kapsamı geniş, müşteri memnun kalıyor",1,6.0,55.6,,8.0
DSI-00147,Bayi Çalışanı / DSI,Stenos Auto_2025_DSI_Soru_Formu_Stenos CRM_v6Final,2025-06-15,Stenos Antalya Muratpaşa,Stenos Antalya Muratpaşa,Antalya,Akdeniz Bölgesi,Öğr. Fügen Bilay Durdu Yıldırım,Sigorta,,,Sigorta Danışmanı,3 yıldan fazla,80.5,,,,,,,,,,,,,,,,,,10.0,9,,,,,,Neova; Zurich; Sompo,10.0,9.0,10,,"Teminat kapsamı geniş, müşteri memnun kalıyor",1,10.0,100.0,,10.0
DSI-00148,Bayi Çalışanı / DSI,Stenos Auto_2025_DSI_Soru_Formu_Stenos CRM_v6Final,2026-03-30,Stenos Denizli Merkezefendi,Stenos Denizli Merkezefendi,Denizli,Ege Bölgesi,Çev. Akif Evcimen Bilgin,Satış,Otomobil,Filo Satış Müdürü,,1 yıldan daha az bir süredir,90.0,4.0,Kredi için en sık önerdiğim finans kurumudur,1.0,Stenos Auto Finans; Ziraat Bankası,Faiz avantajı,10.0,10.0,6.0,9.0,1.0,,Stenos CRM üzerinden takip yapılabilmesi; Finansal açıdan güçlü bir kurum olması,Yeterince eğitim verilmemesi; Banka kadar esnek olunmaması; Yoğun olmalarından dolayı işlerin ilerlememesi,9.0,6.0,9.0,9.0,,8,,10.0,1.0,1.0,,,,,8,,"Teminat kapsamı geniş, müşteri memnun kalıyor",2,9.0,88.9,Detractor,10.0
DSI-00149,Bayi Çalışanı / DSI,Stenos Auto_2025_DSI_Soru_Formu_Stenos CRM_v6Final,2025-01-23,Stenos Malatya Battalgazi,Stenos Malatya Battalgazi,Malatya,Doğu Anadolu Bölgesi,Gabel Sevginur Durdu,Sigorta,,,Sigorta Danışmanı,1 yıldan daha az bir süredir,31.9,,,,,,,,,,,,,,,,,,4.0,2,"Ekranlar arası geçiş yavaş, rapor almak zor",,,,,Eureko; Allianz; Türkiye Sigorta,5.0,2.0,5,Fiyat rekabetçi değil / hasar süreci yavaş,,1,4.0,33.3,,5.0
DSI-00150,Bayi Çalışanı / DSI,Stenos Auto_2025_DSI_Soru_Formu_Stenos CRM_v6Final,2025-04-13,Stenos Gaziantep Şahinbey,Stenos Gaziantep Şahinbey,Gaziantep,Güney Doğu Anadolu Bölgesi,Arş. Gör. Umuşan Demir Durdu,Satış,Tüm segmentler,Satış müdürü,,1 yıl – 3 yıl arası,61.9,2.0,Nadiren önerdiğim finans kurumudur,1.0,Stenos Auto Finans; HSBC Bank,Evrak süreci daha basit,9.0,7.0,8.0,8.0,1.0,,Esnek ödeme planı sunması; Sabit faiz uygulaması; Güvenilir bir kurum olması,"Teknolojik alt yapılarının olmaması; Prim sisteminde acenteye ödeme yapılması, paranın kesintiye uğraması; Evrakların yavaş kontrol edilmesi",10.0,8.0,10.0,9.0,,10,,6.0,1.0,2.0,Müşteriler dijital kullanmak istemiyor,,,,8,,"Teminat kapsamı geniş, müşteri memnun kalıyor",1,9.0,88.9,Passive,9.0
DSI-00151,Bayi Çalışanı / DSI,Stenos Auto_2025_DSI_Soru_Formu_Stenos CRM_v6Final,2025-02-24,Stenos Diyarbakır Kayapınar,Stenos Diyarbakır Kayapınar,Diyarbakır,Güney Doğu Anadolu Bölgesi,Ertün Önsal Duran Alemdar,Sigorta,,,Sigorta müdürü,1 yıl – 3 yıl arası,65.9,,,,,,,,,,,,,,,,,,8.0,9,,,,,,Quick; Allianz; Hepiyi,9.0,7.0,8,,"Teminat kapsamı geniş, müşteri memnun kalıyor",1,8.0,77.8,,9.0
DSI-00152,Bayi Çalışanı / DSI,Stenos Auto_2025_DSI_Soru_Formu_Stenos CRM_v6Final,2025-10-05,Stenos Trabzon Ortahisar,Stenos Trabzon Ortahisar,Trabzon,Karadeniz Bölgesi,Zeyno Aykut İnönü Gül,Sigorta,,,Sigorta Danışmanı,3 yıldan fazla,70.6,,,,,,,,,,,,,,,,,,7.0,5,,,,,,Hepiyi; Mapfre; Aksigorta,6.0,5.0,5,Fiyat rekabetçi değil / hasar süreci yavaş,,1,7.0,66.7,,6.0
DSI-00153,Bayi Çalışanı / DSI,Stenos Auto_2025_DSI_Soru_Formu_Stenos CRM_v6Final,2025-12-21,Stenos Diyarbakır Kayapınar,Stenos Diyarbakır Kayapınar,Diyarbakır,Güney Doğu Anadolu Bölgesi,Arş. Gör. Günver Sahil Sakarya Korutürk,Satış,Tüm segmentler,Satış Danışmanı / 2.El Satış Danışmanı / Satış Pazarlama Sorumlusu,,3 yıldan fazla,70.5,3.0,Önerdiğim birkaç finans kurumundan biridir,1.0,Stenos Auto Finans; TEB (Türk Ekonomi Bankası),Evrak süreci daha basit,8.0,8.0,5.0,8.0,1.0,,Kontaktaki kişilerin olumlu sıcak yaklaşımları; Esnek ödeme planı sunması; Bankalar gibi şube limitinin olmaması; Çözüm odaklı olmaları,Yeterince eğitim verilmemesi,9.0,6.0,7.0,8.0,,8,,8.0,1.0,1.0,,,,,8,,"Teminat kapsamı geniş, müşteri memnun kalıyor",1,8.0,77.8,Detractor,8.0
DSI-00154,Bayi Çalışanı / DSI,Stenos Auto_2025_DSI_Soru_Formu_Stenos CRM_v6Final,2025-01-30,Stenos Adana Seyhan,Stenos Adana Seyhan,Adana,Akdeniz Bölgesi,Çev. Akif Muktedir Eraslan,Satış,Otomobil,Satış müdürü,,1 yıl – 3 yıl arası,69.7,4.0,Kredi için en sık önerdiğim finans kurumudur,2.0,Stenos Auto Finans; OdeaBank; Alternatifbank,Evrak süreci daha basit,7.0,6.0,3.0,8.0,2.0,Rakip kurumların koşulları daha esnek kalıyor,Toplam paket sunması (sigorta gibi); Stenos CRM üzerinden takip yapılabilmesi; Çözüm odaklı olmaları; Bankalar gibi şube limitinin olmaması,Sürecin hiçbir aşamasında geri bildirim yapılmaması; Yeterince eğitim verilmemesi; Evrakların yavaş kontrol edilmesi; Yoğun olmalarından dolayı işlerin ilerlememesi,7.0,6.0,8.0,8.0,,8,,6.0,1.0,1.0,,,,,8,,"Teminat kapsamı geniş, müşteri memnun kalıyor",1,8.0,77.8,Detractor,7.0
DSI-00155,Bayi Çalışanı / DSI,Stenos Auto_2025_DSI_Soru_Formu_Stenos CRM_v6Final,2025-03-17,Stenos Samsun İlkadım,Stenos Samsun İlkadım,Samsun,Karadeniz Bölgesi,Birgül Sehel Bilge Demir,Satış,Otomobil,Showroom Müdürü/ 2. El Showroom Müdürü,,3 yıldan fazla,65.8,5.0,Kredi için önerdiğim tek finans kurumudur,1.0,Stenos Auto Finans; Alternatifbank; Garanti Bankası,Uzun süredir çalışıyoruz,9.0,9.0,5.0,8.0,1.0,,Yeniden borcu yapılandırması; Eski müşteriyi takip edebilme olanağı,Eksik evrak bildiriminin geç haber verilmesi; Teknolojik alt yapılarının olmaması,8.0,9.0,10.0,9.0,,8,,6.0,2.0,1.0,,,,,8,,"Teminat kapsamı geniş, müşteri memnun kalıyor",1,9.0,88.9,Detractor,9.0
DSI-00156,Bayi Çalışanı / DSI,Stenos Auto_2025_DSI_Soru_Formu_Stenos CRM_v6Final,2025-06-19,Stenos Trabzon Ortahisar,Stenos Trabzon Ortahisar,Trabzon,Karadeniz Bölgesi,Öğr. Ürfettin Zekayi Zengin,Satış,Otomobil,Satış Danışmanı / 2.El Satış Danışmanı / Satış Pazarlama Sorumlusu,,1 yıl – 3 yıl arası,71.8,4.0,Kredi için en sık önerdiğim finans kurumudur,2.0,Stenos Auto Finans; Denizbank; Vakıflar Bankası,Uzun süredir çalışıyoruz,7.0,8.0,7.0,7.0,1.0,,Sabit faiz uygulaması; Bankalar gibi şube limitinin olmaması; Eski müşteriyi takip edebilme olanağı,"Eksik evrak bildiriminin geç haber verilmesi; Prim sisteminde acenteye ödeme yapılması, paranın kesintiye uğraması; Yeterince eğitim verilmemesi; Satış danışmanlarının inisiyatif almaması",7.0,2.0,10.0,8.0,,7,,9.0,2.0,1.0,,,,,6,Fiyat rekabetçi değil / hasar süreci yavaş,,1,8.0,77.8,Passive,7.0
DSI-00157,Bayi Çalışanı / DSI,Stenos Auto_2025_DSI_Soru_Formu_Stenos CRM_v6Final,2025-05-02,Stenos Diyarbakır Kayapınar,Stenos Diyarbakır Kayapınar,Diyarbakır,Güney Doğu Anadolu Bölgesi,Şeref Samahat Aksu Mansız,Satış,Otomobil,Satış Danışmanı / 2.El Satış Danışmanı / Satış Pazarlama Sorumlusu,,3 yıldan fazla,70.7,3.0,Önerdiğim birkaç finans kurumundan biridir,2.0,Stenos Auto Finans; QNB Fibabank,Onay süreleri kısa,5.0,5.0,3.0,5.0,2.0,Rakip kurumların koşulları daha esnek kalıyor,Bankalar gibi şube limitinin olmaması; Stenos CRM sisteminin iyi olması; Kontaktaki kişilerin olumlu sıcak yaklaşımları; Düşük faiz uygulaması,Kolay ulaşılır olmaması; Banka kadar esnek olunmaması,99.0,1.0,6.0,5.0,,3,"Ekranlar arası geçiş yavaş, rapor almak zor",7.0,2.0,2.0,Uygulamayı yeterince tanımıyorum,,,,2,Fiyat rekabetçi değil / hasar süreci yavaş,,1,5.0,44.4,Detractor,5.0
DSI-00158,Bayi Çalışanı / DSI,Stenos Auto_2025_DSI_Soru_Formu_Stenos CRM_v6Final,2025-02-17,Stenos İstanbul Kadıköy,Stenos İstanbul Kadıköy,İstanbul,Marmara Bölgesi,Özdil Bilir,Satış,Tüm segmentler,Acente Operasyon Sorumlusu (S.O.S.),,1 yıl – 3 yıl arası,70.1,,,,,,6.0,,,6.0,2.0,Rakip kurumların koşulları daha esnek kalıyor,Eski müşteriyi takip edebilme olanağı; Stenos CRM üzerinden takip yapılabilmesi; Sabit faiz uygulaması,Yeterince eğitim verilmemesi; Banka kadar esnek olunmaması; Tecrübesiz çalışanlarının olması; Kolay ulaşılır olmaması,,,5.0,6.0,,5,"Ekranlar arası geçiş yavaş, rapor almak zor",6.0,1.0,1.0,,,,,7,,"Teminat kapsamı geniş, müşteri memnun kalıyor",1,6.0,55.6,,6.0
DSI-00159,Bayi Çalışanı / DSI,Stenos Auto_2025_DSI_Soru_Formu_Stenos CRM_v6Final,2025-04-09,Stenos Samsun İlkadım,Stenos Samsun İlkadım,Samsun,Karadeniz Bölgesi,Ülküdeş Yorulmaz,Satış,Otomobil,Satış müdürü,,1 yıldan daha az bir süredir,58.1,3.0,Önerdiğim birkaç finans kurumundan biridir,1.0,Stenos Auto Finans; HSBC Bank,Faiz avantajı,7.0,7.0,7.0,8.0,2.0,Rakip kurumların koşulları daha esnek kalıyor,Kontaktaki kişilerin olumlu sıcak yaklaşımları; Eski müşteriyi takip edebilme olanağı,Yeterince eğitim verilmemesi; Kolay ulaşılır olmaması; Evrakların yavaş kontrol edilmesi,6.0,7.0,8.0,7.0,,7,,5.0,2.0,1.0,,,,,7,,"Teminat kapsamı geniş, müşteri memnun kalıyor",1,7.0,66.7,Passive,7.0
DSI-00160,Bayi Çalışanı / DSI,Stenos Auto_2025_DSI_Soru_Formu_Stenos CRM_v6Final,2026-04-30,Stenos İstanbul Kadıköy,Stenos İstanbul Kadıköy,İstanbul,Marmara Bölgesi,Yıldız Leyli Tevetoğlu Duran,Satış,Hafif ticari araçlar,Filo Satış Müdürü,,1 yıl – 3 yıl arası,85.6,5.0,Kredi için önerdiğim tek finans kurumudur,1.0,Stenos Auto Finans; Anadolubank; AlBaraka,Evrak süreci daha basit,7.0,6.0,5.0,8.0,1.0,,Kontaktaki kişilerin olumlu sıcak yaklaşımları; Kolay ulaşılabilirlik; Güvenilir bir kurum olması; Düşük faiz uygulaması,Telefonların hep meşgul olması ya da cevap verilmemesi,5.0,5.0,5.0,7.0,,6,,7.0,2.0,1.0,,,,,8,,"Teminat kapsamı geniş, müşteri memnun kalıyor",1,7.0,66.7,Detractor,7.0
DSI-00161,Bayi Çalışanı / DSI,Stenos Auto_2025_DSI_Soru_Formu_Stenos CRM_v6Final,2026-02-09,Stenos Denizli Merkezefendi,Stenos Denizli Merkezefendi,Denizli,Ege Bölgesi,Okt. Yahşikan Arslan,Satış,Otomobil,Satış Danışmanı / 2.El Satış Danışmanı / Satış Pazarlama Sorumlusu,,1 yıl – 3 yıl arası,90.4,3.0,Önerdiğim birkaç finans kurumundan biridir,1.0,Stenos Auto Finans; Akbank; Ziraat Bankası,Müşteri temsilcisi desteği iyi,10.0,9.0,7.0,9.0,2.0,Rakip kurumların koşulları daha esnek kalıyor,Kontaktaki kişilerin olumlu sıcak yaklaşımları; Stenos CRM sisteminin iyi olması; Esnek ödeme planı sunması,Telefonlara geri dönülmemesi; Satış danışmanlarının inisiyatif almaması; Evrakların yavaş kontrol edilmesi,10.0,8.0,10.0,9.0,,10,,8.0,1.0,1.0,,,,,10,,"Teminat kapsamı geniş, müşteri memnun kalıyor",1,9.0,88.9,Passive,10.0
DSI-00162,Bayi Çalışanı / DSI,Stenos Auto_2025_DSI_Soru_Formu_Stenos CRM_v6Final,2025-05-10,Stenos Trabzon Ortahisar,Stenos Trabzon Ortahisar,Trabzon,Karadeniz Bölgesi,Ümmahan Kerime Akça,Satış,Otomobil,Satış Danışmanı / 2.El Satış Danışmanı / Satış Pazarlama Sorumlusu,,3 yıldan fazla,71.9,3.0,Önerdiğim birkaç finans kurumundan biridir,2.0,Stenos Auto Finans; İş Bankası; Finans Bank,Onay süreleri kısa,8.0,6.0,10.0,9.0,1.0,,Çözüm odaklı olmaları; Stenos CRM sisteminin iyi olması,Kolay ulaşılır olmaması; Satış danışmanlarının inisiyatif almaması,10.0,8.0,9.0,8.0,,7,,7.0,1.0,1.0,,,,,6,Fiyat rekabetçi değil / hasar süreci yavaş,,1,8.0,77.8,Promoter,8.0
DSI-00163,Bayi Çalışanı / DSI,Stenos Auto_2025_DSI_Soru_Formu_Stenos CRM_v6Final,2025-05-13,Stenos Denizli Merkezefendi,Stenos Denizli Merkezefendi,Denizli,Ege Bölgesi,Bengibay Çapkan Çetin Seven,Satış,Otomobil,Satış Danışmanı / 2.El Satış Danışmanı / Satış Pazarlama Sorumlusu,,1 yıl – 3 yıl arası,90.0,3.0,Önerdiğim birkaç finans kurumundan biridir,2.0,Stenos Auto Finans; Akbank; Finans Bank,Faiz avantajı,9.0,10.0,10.0,8.0,1.0,,Yeniden borcu yapılandırması; Bankalar gibi şube limitinin olmaması; Kontaktaki kişilerin olumlu sıcak yaklaşımları; Stenos CRM üzerinden takip yapılabilmesi,"Sürecin hiçbir aşamasında geri bildirim yapılmaması; Prim sisteminde acenteye ödeme yapılması, paranın kesintiye uğraması; Telefonların hep meşgul olması ya da cevap verilmemesi; Teknolojik alt yapılarının olmaması",10.0,8.0,8.0,8.0,,9,,10.0,1.0,1.0,,,,,4,Fiyat rekabetçi değil / hasar süreci yavaş,,1,8.0,77.8,Promoter,9.0
DSI-00164,Bayi Çalışanı / DSI,Stenos Auto_2025_DSI_Soru_Formu_Stenos CRM_v6Final,2025-02-20,Stenos Denizli Merkezefendi,Stenos Denizli Merkezefendi,Denizli,Ege Bölgesi,Eyyüp Turabi Yaman,Sigorta,,,Sigorta Danışmanı,1 yıl – 3 yıl arası,92.0,,,,,,,,,,,,,,,,,,8.0,8,,,,,,Hepiyi; Ray; HDI,9.0,6.0,9,,"Teminat kapsamı geniş, müşteri memnun kalıyor",1,8.0,77.8,,9.0
DSI-00165,Bayi Çalışanı / DSI,Stenos Auto_2025_DSI_Soru_Formu_Stenos CRM_v6Final,2025-06-29,Stenos Kayseri Melikgazi,Stenos Kayseri Melikgazi,Kayseri,İç Anadolu Bölgesi,Erenalp Manço,Satış,Tüm segmentler,2.El Satış Müdürü,,1 yıldan daha az bir süredir,70.1,1.0,Genelde önermediğim finans kurumudur,1.0,Stenos Auto Finans; QNB Fibabank,Evrak süreci daha basit,9.0,9.0,10.0,8.0,1.0,,Kolay ulaşılabilirlik; Bankalar gibi şube limitinin olmaması; Yeniden borcu yapılandırması,Banka kadar esnek olunmaması,10.0,10.0,9.0,8.0,,9,,8.0,1.0,1.0,,,,,10,,"Teminat kapsamı geniş, müşteri memnun kalıyor",1,8.0,77.8,Promoter,9.0
DSI-00166,Bayi Çalışanı / DSI,Stenos Auto_2025_DSI_Soru_Formu_Stenos CRM_v6Final,2025-07-11,Stenos Gaziantep Şahinbey,Stenos Gaziantep Şahinbey,Gaziantep,Güney Doğu Anadolu Bölgesi,Hoşkadem İnönü,Satış,Otomobil,Satış Danışmanı / 2.El Satış Danışmanı / Satış Pazarlama Sorumlusu,,1 yıldan daha az bir süredir,64.3,2.0,Nadiren önerdiğim finans kurumudur,1.0,Stenos Auto Finans; Alternatifbank,Faiz avantajı,5.0,6.0,2.0,3.0,2.0,Rakip kurumların koşulları daha esnek kalıyor,Eski müşteriyi takip edebilme olanağı; Esnek ödeme planı sunması,İşlemlerin hallolması için kişisel bazda çaba harcanma ihtiyacı; Yoğun olmalarından dolayı işlerin ilerlememesi; Evrakların sık sık kaybolması; Satış danışmanlarının inisiyatif almaması,3.0,5.0,4.0,2.0,,3,"Ekranlar arası geçiş yavaş, rapor almak zor",5.0,1.0,1.0,,,,,6,Fiyat rekabetçi değil / hasar süreci yavaş,,1,2.0,11.1,Detractor,5.0
DSI-00167,Bayi Çalışanı / DSI,Stenos Auto_2025_DSI_Soru_Formu_Stenos CRM_v6Final,2026-05-07,Stenos İstanbul Kadıköy,Stenos İstanbul Kadıköy,İstanbul,Marmara Bölgesi,Tangül Manço Durdu,Satış,Tüm segmentler,Satış Danışmanı / 2.El Satış Danışmanı / Satış Pazarlama Sorumlusu,,1 yıl – 3 yıl arası,79.7,4.0,Kredi için en sık önerdiğim finans kurumudur,1.0,Stenos Auto Finans; Akbank; Anadolubank,Müşteri temsilcisi desteği iyi,7.0,7.0,4.0,7.0,1.0,,Eski müşteriyi takip edebilme olanağı; Güvenilir bir kurum olması,"Prim sisteminde acenteye ödeme yapılması, paranın kesintiye uğraması",4.0,8.0,9.0,7.0,,5,,4.0,1.0,1.0,,,,,7,,"Teminat kapsamı geniş, müşteri memnun kalıyor",1,7.0,66.7,Detractor,7.0
DSI-00168,Bayi Çalışanı / DSI,Stenos Auto_2025_DSI_Soru_Formu_Stenos CRM_v6Final,2026-03-24,Stenos Adana Seyhan,Stenos Adana Seyhan,Adana,Akdeniz Bölgesi,Ruhide Kısakürek,Satış,Otomobil,Satış Danışmanı / 2.El Satış Danışmanı / Satış Pazarlama Sorumlusu,,3 yıldan fazla,66.1,3.0,Önerdiğim birkaç finans kurumundan biridir,1.0,Stenos Auto Finans; Vakıflar Bankası; Kuveyt Türk,Onay süreleri kısa,7.0,7.0,4.0,10.0,1.0,,Güvenilir bir kurum olması; Kontaktaki kişilerin olumlu sıcak yaklaşımları; Yeniden borcu yapılandırması; Stenos CRM üzerinden takip yapılabilmesi,Eksik evrak bildiriminin geç haber verilmesi,4.0,5.0,6.0,8.0,,7,,8.0,1.0,2.0,Müşteriler dijital kullanmak istemiyor,,,,8,,"Teminat kapsamı geniş, müşteri memnun kalıyor",1,8.0,77.8,Detractor,7.0
DSI-00169,Bayi Çalışanı / DSI,Stenos Auto_2025_DSI_Soru_Formu_Stenos CRM_v6Final,2025-09-17,Stenos Samsun İlkadım,Stenos Samsun İlkadım,Samsun,Karadeniz Bölgesi,Dr. Büşranur Rahiye Zorlu Korutürk,Satış,Hafif ticari araçlar,Satış Danışmanı / 2.El Satış Danışmanı / Satış Pazarlama Sorumlusu,,1 yıl – 3 yıl arası,67.9,4.0,Kredi için en sık önerdiğim finans kurumudur,1.0,Stenos Auto Finans; Türkiye Finans; Finans Bank,Faiz avantajı,10.0,10.0,10.0,8.0,1.0,,Güvenilir bir kurum olması; Düşük faiz uygulaması,Telefonların hep meşgul olması ya da cevap verilmemesi,9.0,7.0,10.0,8.0,,6,,9.0,2.0,1.0,,,,,10,,"Teminat kapsamı geniş, müşteri memnun kalıyor",1,8.0,77.8,Promoter,10.0
DSI-00170,Bayi Çalışanı / DSI,Stenos Auto_2025_DSI_Soru_Formu_Stenos CRM_v6Final,2025-03-15,Stenos Ankara Çankaya,Stenos Ankara Çankaya,Ankara,İç Anadolu Bölgesi,Nili Ertaş,Satış,Tüm segmentler,Satış Danışmanı / 2.El Satış Danışmanı / Satış Pazarlama Sorumlusu,,1 yıl – 3 yıl arası,87.8,3.0,Önerdiğim birkaç finans kurumundan biridir,2.0,Stenos Auto Finans; QNB Fibabank; ING,Onay süreleri kısa,9.0,9.0,10.0,7.0,2.0,Rakip kurumların koşulları daha esnek kalıyor,Düşük faiz uygulaması; Eski müşteriyi takip edebilme olanağı; Stenos CRM üzerinden takip yapılabilmesi; Stenos CRM sisteminin iyi olması,Yeterince eğitim verilmemesi,10.0,8.0,6.0,10.0,,10,,6.0,1.0,1.0,,,,,8,,"Teminat kapsamı geniş, müşteri memnun kalıyor",1,10.0,100.0,Promoter,9.0
DSI-00171,Bayi Çalışanı / DSI,Stenos Auto_2025_DSI_Soru_Formu_Stenos CRM_v6Final,2026-01-31,Stenos Samsun İlkadım,Stenos Samsun İlkadım,Samsun,Karadeniz Bölgesi,Okt. İklim Yılmaz Bilge,Satış,Otomobil,Satış müdürü,,3 yıldan fazla,65.3,4.0,Kredi için en sık önerdiğim finans kurumudur,1.0,Stenos Auto Finans; Ziraat Bankası,Müşteri temsilcisi desteği iyi,7.0,8.0,5.0,7.0,2.0,Rakip kurumların koşulları daha esnek kalıyor,Kolay ulaşılabilirlik; Düşük faiz uygulaması; Güvenilir bir kurum olması; Sabit faiz uygulaması,"İşlemlerin hallolması için kişisel bazda çaba harcanma ihtiyacı; Prim sisteminde acenteye ödeme yapılması, paranın kesintiye uğraması; Tecrübesiz çalışanlarının olması",6.0,7.0,4.0,6.0,,8,"Ekranlar arası geçiş yavaş, rapor almak zor",7.0,2.0,1.0,,,,,4,Fiyat rekabetçi değil / hasar süreci yavaş,,1,6.0,55.6,Detractor,7.0
DSI-00172,Bayi Çalışanı / DSI,Stenos Auto_2025_DSI_Soru_Formu_Stenos CRM_v6Final,2026-05-16,Stenos Diyarbakır Kayapınar,Stenos Diyarbakır Kayapınar,Diyarbakır,Güney Doğu Anadolu Bölgesi,Yönetmen Ertaş,Satış,Otomobil,Acente Operasyon Sorumlusu (S.O.S.),,1 yıldan daha az bir süredir,78.4,,,,,,7.0,,,7.0,1.0,,Toplam paket sunması (sigorta gibi); Eski müşteriyi takip edebilme olanağı; Güvenilir bir kurum olması,Teknolojik alt yapılarının olmaması; Banka kadar esnek olunmaması; Tecrübesiz çalışanlarının olması,,,10.0,7.0,,6,,8.0,1.0,1.0,,,,,5,Fiyat rekabetçi değil / hasar süreci yavaş,,1,7.0,66.7,,7.0
DSI-00173,Bayi Çalışanı / DSI,Stenos Auto_2025_DSI_Soru_Formu_Stenos CRM_v6Final,2025-02-18,Stenos Trabzon Ortahisar,Stenos Trabzon Ortahisar,Trabzon,Karadeniz Bölgesi,Ballı Zaliha Gülen Bilir,Satış,Otomobil,Acente Operasyon Sorumlusu (S.O.S.),,1 yıldan daha az bir süredir,82.7,,,,,,10.0,,,5.0,1.0,,Eski müşteriyi takip edebilme olanağı; Finansal açıdan güçlü bir kurum olması,Sürecin hiçbir aşamasında geri bildirim yapılmaması,,,8.0,8.0,,9,,10.0,2.0,2.0,Uygulamayı yeterince tanımıyorum,,,,10,,"Teminat kapsamı geniş, müşteri memnun kalıyor",1,8.0,77.8,,10.0
DSI-00174,Bayi Çalışanı / DSI,Stenos Auto_2025_DSI_Soru_Formu_Stenos CRM_v6Final,2026-04-30,Stenos Adana Seyhan,Stenos Adana Seyhan,Adana,Akdeniz Bölgesi,Av. Gülüs Taçnur Aslan,Satış,Otomobil,Filo Satış Müdürü,,1 yıl – 3 yıl arası,58.8,4.0,Kredi için en sık önerdiğim finans kurumudur,1.0,Stenos Auto Finans; Türkiye Finans; TEB (Türk Ekonomi Bankası),Müşteri temsilcisi desteği iyi,7.0,8.0,8.0,10.0,1.0,,Esnek ödeme planı sunması; Stenos CRM sisteminin iyi olması; Kontaktaki kişilerin olumlu sıcak yaklaşımları,Teknolojik alt yapılarının olmaması; Satış danışmanlarının inisiyatif almaması; Faizlerin yüksek olması; Evrakların sık sık kaybolması,9.0,7.0,8.0,6.0,,3,"Ekranlar arası geçiş yavaş, rapor almak zor",10.0,1.0,1.0,,,,,6,Fiyat rekabetçi değil / hasar süreci yavaş,,1,6.0,55.6,Passive,7.0
DSI-00175,Bayi Çalışanı / DSI,Stenos Auto_2025_DSI_Soru_Formu_Stenos CRM_v6Final,2025-04-07,Stenos Ankara Çankaya,Stenos Ankara Çankaya,Ankara,İç Anadolu Bölgesi,Lâle Şama,Satış,Otomobil,Satış Danışmanı / 2.El Satış Danışmanı / Satış Pazarlama Sorumlusu,,3 yıldan fazla,95.0,2.0,Nadiren önerdiğim finans kurumudur,1.0,Stenos Auto Finans; Kuveyt Türk,Evrak süreci daha basit,9.0,7.0,10.0,9.0,2.0,Rakip kurumların koşulları daha esnek kalıyor,Eski müşteriyi takip edebilme olanağı; Düşük faiz uygulaması; Bankalar gibi şube limitinin olmaması; Güvenilir bir kurum olması,"Teknolojik alt yapılarının olmaması; Fazla evrak istenmesi; Prim sisteminde acenteye ödeme yapılması, paranın kesintiye uğraması",8.0,8.0,10.0,10.0,,9,,9.0,2.0,1.0,,,,,7,,"Teminat kapsamı geniş, müşteri memnun kalıyor",1,10.0,100.0,Promoter,9.0
DSI-00176,Bayi Çalışanı / DSI,Stenos Auto_2025_DSI_Soru_Formu_Stenos CRM_v6Final,2026-02-26,Stenos Adana Seyhan,Stenos Adana Seyhan,Adana,Akdeniz Bölgesi,Selâtin Akdeniz,Satış,Otomobil,Satış Danışmanı / 2.El Satış Danışmanı / Satış Pazarlama Sorumlusu,,1 yıl – 3 yıl arası,77.4,4.0,Kredi için en sık önerdiğim finans kurumudur,1.0,Stenos Auto Finans; Türkiye Finans,Uzun süredir çalışıyoruz,9.0,8.0,8.0,10.0,1.0,,Esnek ödeme planı sunması; Stenos CRM sisteminin iyi olması,Kolay ulaşılır olmaması; Teknolojik alt yapılarının olmaması; Faizlerin yüksek olması,6.0,6.0,9.0,8.0,,6,,9.0,2.0,2.0,Müşteriler dijital kullanmak istemiyor,,,,10,,"Teminat kapsamı geniş, müşteri memnun kalıyor",1,8.0,77.8,Passive,9.0
DSI-00177,Bayi Çalışanı / DSI,Stenos Auto_2025_DSI_Soru_Formu_Stenos CRM_v6Final,2025-04-29,Stenos Erzurum Yakutiye,Stenos Erzurum Yakutiye,Erzurum,Doğu Anadolu Bölgesi,Prof. Naz Akçay Tarhan,Satış,Hafif ticari araçlar,Satış Danışmanı / 2.El Satış Danışmanı / Satış Pazarlama Sorumlusu,,1 yıl – 3 yıl arası,53.3,5.0,Kredi için önerdiğim tek finans kurumudur,1.0,Stenos Auto Finans; HSBC Bank; Vakıflar Bankası,Müşteri temsilcisi desteği iyi,6.0,6.0,7.0,5.0,1.0,,Stenos CRM sisteminin iyi olması; Bankalar gibi şube limitinin olmaması,Evrakların sık sık kaybolması; Banka kadar esnek olunmaması; Sürecin hiçbir aşamasında geri bildirim yapılmaması,6.0,6.0,6.0,6.0,,8,"Ekranlar arası geçiş yavaş, rapor almak zor",6.0,1.0,2.0,Müşteriler dijital kullanmak istemiyor,,,,7,,"Teminat kapsamı geniş, müşteri memnun kalıyor",1,6.0,55.6,Passive,6.0
DSI-00178,Bayi Çalışanı / DSI,Stenos Auto_2025_DSI_Soru_Formu_Stenos CRM_v6Final,2025-12-15,Stenos İzmir Bornova,Stenos İzmir Bornova,İzmir,Ege Bölgesi,Alattin Ayvas Şener,Sigorta,,,Sigorta Danışmanı,1 yıldan daha az bir süredir,68.9,,,,,,,,,,,,,,,,,,6.0,4,"Ekranlar arası geçiş yavaş, rapor almak zor",,,,,Allianz; Axa; Sompo,7.0,6.0,7,,"Teminat kapsamı geniş, müşteri memnun kalıyor",1,6.0,55.6,,7.0
DSI-00179,Bayi Çalışanı / DSI,Stenos Auto_2025_DSI_Soru_Formu_Stenos CRM_v6Final,2025-04-11,Stenos Malatya Battalgazi,Stenos Malatya Battalgazi,Malatya,Doğu Anadolu Bölgesi,Bayan Edaviye Ferhan Dumanlı Ertaş,Satış,Otomobil,Filo Satış Danışmanı,,1 yıl – 3 yıl arası,47.5,3.0,Önerdiğim birkaç finans kurumundan biridir,1.0,Stenos Auto Finans; Türkiye Finans; Ziraat Bankası,Müşteri temsilcisi desteği iyi,5.0,6.0,6.0,5.0,1.0,,Stenos CRM üzerinden takip yapılabilmesi; Düşük faiz uygulaması; Yeniden borcu yapılandırması; Esnek ödeme planı sunması,Evrakların sık sık kaybolması; Yeterince eğitim verilmemesi,3.0,3.0,4.0,9.0,,7,,6.0,1.0,2.0,Uygulamayı yeterince tanımıyorum,,,,5,Fiyat rekabetçi değil / hasar süreci yavaş,,1,9.0,88.9,Detractor,5.0
DSI-00180,Bayi Çalışanı / DSI,Stenos Auto_2025_DSI_Soru_Formu_Stenos CRM_v6Final,2025-11-05,Stenos İstanbul Kadıköy,Stenos İstanbul Kadıköy,İstanbul,Marmara Bölgesi,Mehmed Akar,Satış,Otomobil,Filo Satış Müdürü,,3 yıldan fazla,80.3,3.0,Önerdiğim birkaç finans kurumundan biridir,1.0,Stenos Auto Finans; Burgan Bank,Müşteri temsilcisi desteği iyi,9.0,10.0,9.0,7.0,1.0,,Kontaktaki kişilerin olumlu sıcak yaklaşımları; Eski müşteriyi takip edebilme olanağı; Stenos CRM sisteminin iyi olması,Sürecin hiçbir aşamasında geri bildirim yapılmaması,7.0,7.0,8.0,10.0,,10,,7.0,1.0,1.0,,,,,10,,"Teminat kapsamı geniş, müşteri memnun kalıyor",2,10.0,100.0,Promoter,9.0
DSI-00181,Bayi Çalışanı / DSI,Stenos Auto_2025_DSI_Soru_Formu_Stenos CRM_v6Final,2025-12-02,Stenos İzmir Bornova,Stenos İzmir Bornova,İzmir,Ege Bölgesi,Toğan Hançer,Satış,Otomobil,Acente Operasyon Sorumlusu (S.O.S.),,1 yıl – 3 yıl arası,68.7,,,,,,10.0,,,10.0,1.0,,Stenos CRM sisteminin iyi olması; Kolay ulaşılabilirlik,Teknolojik alt yapılarının olmaması; Sürecin hiçbir aşamasında geri bildirim yapılmaması; Yeterince eğitim verilmemesi,,,9.0,8.0,,8,,7.0,2.0,1.0,,,,,10,,"Teminat kapsamı geniş, müşteri memnun kalıyor",1,8.0,77.8,,10.0
DSI-00182,Bayi Çalışanı / DSI,Stenos Auto_2025_DSI_Soru_Formu_Stenos CRM_v6Final,2025-12-31,Stenos Samsun İlkadım,Stenos Samsun İlkadım,Samsun,Karadeniz Bölgesi,Av. Eskinalp Çorlu,Satış,Otomobil,Satış Danışmanı / 2.El Satış Danışmanı / Satış Pazarlama Sorumlusu,,1 yıl – 3 yıl arası,51.8,4.0,Kredi için en sık önerdiğim finans kurumudur,1.0,Stenos Auto Finans; Halk Bankası,Evrak süreci daha basit,5.0,5.0,5.0,3.0,1.0,,Stenos CRM üzerinden takip yapılabilmesi; Çözüm odaklı olmaları; Kontaktaki kişilerin olumlu sıcak yaklaşımları; Düşük faiz uygulaması,Yoğun olmalarından dolayı işlerin ilerlememesi,5.0,6.0,6.0,6.0,,5,"Ekranlar arası geçiş yavaş, rapor almak zor",6.0,2.0,2.0,Müşteriler dijital kullanmak istemiyor,,,,5,Fiyat rekabetçi değil / hasar süreci yavaş,,1,6.0,55.6,Detractor,5.0
DSI-00183,Bayi Çalışanı / DSI,Stenos Auto_2025_DSI_Soru_Formu_Stenos CRM_v6Final,2026-02-13,Stenos Ankara Çankaya,Stenos Ankara Çankaya,Ankara,İç Anadolu Bölgesi,Hurşide Bilay Arsoy Ülker,Satış,Tüm segmentler,Satış Danışmanı / 2.El Satış Danışmanı / Satış Pazarlama Sorumlusu,,3 yıldan fazla,82.5,5.0,Kredi için önerdiğim tek finans kurumudur,1.0,Stenos Auto Finans; Ziraat Bankası; Finans Bank,Onay süreleri kısa,9.0,10.0,8.0,7.0,2.0,Rakip kurumların koşulları daha esnek kalıyor,Düşük faiz uygulaması; Finansal açıdan güçlü bir kurum olması; Kolay ulaşılabilirlik; Çözüm odaklı olmaları,Banka kadar esnek olunmaması; Faizlerin yüksek olması,8.0,10.0,9.0,10.0,,10,,8.0,1.0,1.0,,,,,10,,"Teminat kapsamı geniş, müşteri memnun kalıyor",1,10.0,100.0,Passive,9.0
DSI-00184,Bayi Çalışanı / DSI,Stenos Auto_2025_DSI_Soru_Formu_Stenos CRM_v6Final,2025-02-19,Stenos Antalya Muratpaşa,Stenos Antalya Muratpaşa,Antalya,Akdeniz Bölgesi,Bay Kopan Şener,Satış,Otomobil,Satış Danışmanı / 2.El Satış Danışmanı / Satış Pazarlama Sorumlusu,,3 yıldan fazla,80.8,4.0,Kredi için en sık önerdiğim finans kurumudur,2.0,Stenos Auto Finans; Anadolubank,Müşteri temsilcisi desteği iyi,9.0,10.0,5.0,10.0,1.0,,Çözüm odaklı olmaları; Finansal açıdan güçlü bir kurum olması,Kolay ulaşılır olmaması,10.0,5.0,10.0,9.0,,9,,8.0,1.0,1.0,,,,,8,,"Teminat kapsamı geniş, müşteri memnun kalıyor",1,9.0,88.9,Detractor,9.0
DSI-00185,Bayi Çalışanı / DSI,Stenos Auto_2025_DSI_Soru_Formu_Stenos CRM_v6Final,2026-02-07,Stenos Trabzon Ortahisar,Stenos Trabzon Ortahisar,Trabzon,Karadeniz Bölgesi,Hasgül Sanavber Şensoy,Satış,Otomobil,Satış müdürü,,1 yıl – 3 yıl arası,76.8,4.0,Kredi için en sık önerdiğim finans kurumudur,2.0,Stenos Auto Finans; QNB Fibabank; Finans Bank,Evrak süreci daha basit,7.0,7.0,7.0,7.0,2.0,Rakip kurumların koşulları daha esnek kalıyor,Stenos CRM üzerinden takip yapılabilmesi; Esnek ödeme planı sunması,Yeterince eğitim verilmemesi,6.0,5.0,6.0,8.0,,9,,7.0,1.0,1.0,,,,,7,,"Teminat kapsamı geniş, müşteri memnun kalıyor",1,8.0,77.8,Passive,7.0
DSI-00186,Bayi Çalışanı / DSI,Stenos Auto_2025_DSI_Soru_Formu_Stenos CRM_v6Final,2025-03-11,Stenos Antalya Muratpaşa,Stenos Antalya Muratpaşa,Antalya,Akdeniz Bölgesi,Yahşikan Sakarya,Satış,Otomobil,Satış müdürü,,1 yıl – 3 yıl arası,84.7,5.0,Kredi için önerdiğim tek finans kurumudur,1.0,Stenos Auto Finans; Şekerbank,Onay süreleri kısa,9.0,7.0,8.0,9.0,1.0,,Stenos CRM üzerinden takip yapılabilmesi; Stenos CRM sisteminin iyi olması,Satış danışmanlarının inisiyatif almaması; Telefonlara geri dönülmemesi; Faizlerin yüksek olması,8.0,8.0,10.0,7.0,,5,,7.0,1.0,1.0,,,,,8,,"Teminat kapsamı geniş, müşteri memnun kalıyor",1,7.0,66.7,Passive,9.0
DSI-00187,Bayi Çalışanı / DSI,Stenos Auto_2025_DSI_Soru_Formu_Stenos CRM_v6Final,2026-01-26,Stenos Antalya Muratpaşa,Stenos Antalya Muratpaşa,Antalya,Akdeniz Bölgesi,Dorukhan Güçlü,Satış,Otomobil,Acente Operasyon Sorumlusu (S.O.S.),,1 yıl – 3 yıl arası,83.7,,,,,,9.0,,,9.0,2.0,Rakip kurumların koşulları daha esnek kalıyor,Bankalar gibi şube limitinin olmaması; Stenos CRM üzerinden takip yapılabilmesi; Güvenilir bir kurum olması,"Prim sisteminde acenteye ödeme yapılması, paranın kesintiye uğraması; Eksik evrak bildiriminin geç haber verilmesi; Teknolojik alt yapılarının olmaması; Sürecin hiçbir aşamasında geri bildirim yapılmaması",,,9.0,8.0,,8,,9.0,1.0,2.0,Müşteriler dijital kullanmak istemiyor,,,,7,,"Teminat kapsamı geniş, müşteri memnun kalıyor",1,8.0,77.8,,9.0
DSI-00188,Bayi Çalışanı / DSI,Stenos Auto_2025_DSI_Soru_Formu_Stenos CRM_v6Final,2025-03-21,Stenos Kayseri Melikgazi,Stenos Kayseri Melikgazi,Kayseri,İç Anadolu Bölgesi,Bekbay Zengin,Satış,Otomobil,Satış Danışmanı / 2.El Satış Danışmanı / Satış Pazarlama Sorumlusu,,1 yıldan daha az bir süredir,74.0,3.0,Önerdiğim birkaç finans kurumundan biridir,1.0,Stenos Auto Finans; Garanti Bankası,Uzun süredir çalışıyoruz,8.0,7.0,8.0,6.0,1.0,,Eski müşteriyi takip edebilme olanağı; Güvenilir bir kurum olması,Telefonlara geri dönülmemesi,5.0,8.0,9.0,7.0,,5,,10.0,1.0,1.0,,,,,6,Fiyat rekabetçi değil / hasar süreci yavaş,,1,7.0,66.7,Passive,8.0
DSI-00189,Bayi Çalışanı / DSI,Stenos Auto_2025_DSI_Soru_Formu_Stenos CRM_v6Final,2025-09-07,Stenos Trabzon Ortahisar,Stenos Trabzon Ortahisar,Trabzon,Karadeniz Bölgesi,Arş. Gör. Uraltay Monis Yılmaz,Satış,Tüm segmentler,Showroom Müdürü/ 2. El Showroom Müdürü,,3 yıldan fazla,73.9,2.0,Nadiren önerdiğim finans kurumudur,1.0,Stenos Auto Finans; Vakıflar Bankası,Evrak süreci daha basit,9.0,8.0,5.0,9.0,1.0,,Toplam paket sunması (sigorta gibi); Düşük faiz uygulaması,Evrakların yavaş kontrol edilmesi; Banka kadar esnek olunmaması; Yeterince eğitim verilmemesi; Tecrübesiz çalışanlarının olması,9.0,99.0,8.0,6.0,,6,"Ekranlar arası geçiş yavaş, rapor almak zor",10.0,1.0,1.0,,,,,7,,"Teminat kapsamı geniş, müşteri memnun kalıyor",1,6.0,55.6,Detractor,9.0
DSI-00190,Bayi Çalışanı / DSI,Stenos Auto_2025_DSI_Soru_Formu_Stenos CRM_v6Final,2025-07-01,Stenos Antalya Muratpaşa,Stenos Antalya Muratpaşa,Antalya,Akdeniz Bölgesi,Vaysal Şama,Satış,Hafif ticari araçlar,Satış Danışmanı / 2.El Satış Danışmanı / Satış Pazarlama Sorumlusu,,3 yıldan fazla,84.9,3.0,Önerdiğim birkaç finans kurumundan biridir,1.0,Stenos Auto Finans; QNB Fibabank; Kuveyt Türk,Evrak süreci daha basit,10.0,10.0,8.0,8.0,1.0,,Güvenilir bir kurum olması; Çözüm odaklı olmaları; Bankalar gibi şube limitinin olmaması,Evrakların yavaş kontrol edilmesi; Teknolojik alt yapılarının olmaması; Satış danışmanlarının inisiyatif almaması; İşlemlerin hallolması için kişisel bazda çaba harcanma ihtiyacı,9.0,10.0,9.0,8.0,,8,,8.0,1.0,2.0,Müşteriler dijital kullanmak istemiyor,,,,9,,"Teminat kapsamı geniş, müşteri memnun kalıyor",1,8.0,77.8,Passive,10.0
DSI-00191,Bayi Çalışanı / DSI,Stenos Auto_2025_DSI_Soru_Formu_Stenos CRM_v6Final,2026-06-25,Stenos Trabzon Ortahisar,Stenos Trabzon Ortahisar,Trabzon,Karadeniz Bölgesi,Maksur Vahittin Yaman Güçlü,Satış,Otomobil,Satış Danışmanı / 2.El Satış Danışmanı / Satış Pazarlama Sorumlusu,,3 yıldan fazla,77.8,4.0,Kredi için en sık önerdiğim finans kurumudur,1.0,Stenos Auto Finans; Anadolubank,Evrak süreci daha basit,6.0,4.0,8.0,5.0,1.0,,Yeniden borcu yapılandırması; Düşük faiz uygulaması; Sabit faiz uygulaması; Stenos CRM sisteminin iyi olması,Yoğun olmalarından dolayı işlerin ilerlememesi,7.0,99.0,6.0,6.0,,8,"Ekranlar arası geçiş yavaş, rapor almak zor",9.0,2.0,1.0,,,,,6,Fiyat rekabetçi değil / hasar süreci yavaş,,1,6.0,55.6,Passive,6.0
DSI-00192,Bayi Çalışanı / DSI,Stenos Auto_2025_DSI_Soru_Formu_Stenos CRM_v6Final,2026-01-03,Stenos Malatya Battalgazi,Stenos Malatya Battalgazi,Malatya,Doğu Anadolu Bölgesi,Eflâtun Kısakürek,Satış,Otomobil,Acente Operasyon Sorumlusu (S.O.S.),,1 yıl – 3 yıl arası,42.7,,,,,,7.0,,,5.0,1.0,,Esnek ödeme planı sunması; Sabit faiz uygulaması,Telefonların hep meşgul olması ya da cevap verilmemesi; İşlemlerin hallolması için kişisel bazda çaba harcanma ihtiyacı; Faizlerin yüksek olması,,,7.0,6.0,,5,"Ekranlar arası geçiş yavaş, rapor almak zor",6.0,1.0,2.0,Uygulamayı yeterince tanımıyorum,,,,5,Fiyat rekabetçi değil / hasar süreci yavaş,,1,6.0,55.6,,7.0
DSI-00193,Bayi Çalışanı / DSI,Stenos Auto_2025_DSI_Soru_Formu_Stenos CRM_v6Final,2025-02-02,Stenos Gaziantep Şahinbey,Stenos Gaziantep Şahinbey,Gaziantep,Güney Doğu Anadolu Bölgesi,Yönetmen Sezgin,Satış,Otomobil,Satış Danışmanı / 2.El Satış Danışmanı / Satış Pazarlama Sorumlusu,,1 yıl – 3 yıl arası,67.7,3.0,Önerdiğim birkaç finans kurumundan biridir,1.0,Stenos Auto Finans; Akbank,Faiz avantajı,6.0,8.0,5.0,7.0,1.0,,Finansal açıdan güçlü bir kurum olması; Esnek ödeme planı sunması; Stenos CRM üzerinden takip yapılabilmesi,Telefonların hep meşgul olması ya da cevap verilmemesi; Tecrübesiz çalışanlarının olması,4.0,5.0,9.0,8.0,,9,,6.0,1.0,1.0,,,,,7,,"Teminat kapsamı geniş, müşteri memnun kalıyor",1,8.0,77.8,Detractor,6.0
DSI-00194,Bayi Çalışanı / DSI,Stenos Auto_2025_DSI_Soru_Formu_Stenos CRM_v6Final,2026-02-09,Stenos Trabzon Ortahisar,Stenos Trabzon Ortahisar,Trabzon,Karadeniz Bölgesi,Ağakişi Gözel Arsoy Akgündüz,Satış,Tüm segmentler,Acente Operasyon Sorumlusu (S.O.S.),,1 yıldan daha az bir süredir,72.9,,,,,,8.0,,,9.0,2.0,Rakip kurumların koşulları daha esnek kalıyor,Finansal açıdan güçlü bir kurum olması; Toplam paket sunması (sigorta gibi); Düşük faiz uygulaması,Telefonlara geri dönülmemesi; Yoğun olmalarından dolayı işlerin ilerlememesi; İşlemlerin hallolması için kişisel bazda çaba harcanma ihtiyacı,,,8.0,7.0,,7,,8.0,1.0,1.0,,,,,7,,"Teminat kapsamı geniş, müşteri memnun kalıyor",2,7.0,66.7,,8.0
DSI-00195,Bayi Çalışanı / DSI,Stenos Auto_2025_DSI_Soru_Formu_Stenos CRM_v6Final,2025-04-28,Stenos Gaziantep Şahinbey,Stenos Gaziantep Şahinbey,Gaziantep,Güney Doğu Anadolu Bölgesi,Ergül Nursim Öcalan,Satış,Tüm segmentler,Satış Danışmanı / 2.El Satış Danışmanı / Satış Pazarlama Sorumlusu,,1 yıl – 3 yıl arası,65.1,3.0,Önerdiğim birkaç finans kurumundan biridir,1.0,Stenos Auto Finans; TEB (Türk Ekonomi Bankası),Müşteri temsilcisi desteği iyi,6.0,5.0,4.0,7.0,1.0,,Finansal açıdan güçlü bir kurum olması; Esnek ödeme planı sunması; Güvenilir bir kurum olması; Çözüm odaklı olmaları,Satış danışmanlarının inisiyatif almaması; Eksik evrak bildiriminin geç haber verilmesi; Fazla evrak istenmesi; Sürecin hiçbir aşamasında geri bildirim yapılmaması,99.0,2.0,5.0,6.0,,7,"Ekranlar arası geçiş yavaş, rapor almak zor",7.0,1.0,1.0,,,,,4,Fiyat rekabetçi değil / hasar süreci yavaş,,1,6.0,55.6,Detractor,6.0
DSI-00196,Bayi Çalışanı / DSI,Stenos Auto_2025_DSI_Soru_Formu_Stenos CRM_v6Final,2025-05-20,Stenos Erzurum Yakutiye,Stenos Erzurum Yakutiye,Erzurum,Doğu Anadolu Bölgesi,Tiğin Tarhan,Satış,Tüm segmentler,Satış Danışmanı / 2.El Satış Danışmanı / Satış Pazarlama Sorumlusu,,1 yıl – 3 yıl arası,43.5,3.0,Önerdiğim birkaç finans kurumundan biridir,1.0,Stenos Auto Finans; Şekerbank; Garanti Bankası,Faiz avantajı,5.0,7.0,6.0,3.0,1.0,,Güvenilir bir kurum olması; Yeniden borcu yapılandırması,Eksik evrak bildiriminin geç haber verilmesi; Banka kadar esnek olunmaması; Sürecin hiçbir aşamasında geri bildirim yapılmaması; Kolay ulaşılır olmaması,6.0,5.0,3.0,6.0,,7,"Ekranlar arası geçiş yavaş, rapor almak zor",6.0,1.0,1.0,,,,,7,,"Teminat kapsamı geniş, müşteri memnun kalıyor",1,6.0,55.6,Detractor,5.0
DSI-00197,Bayi Çalışanı / DSI,Stenos Auto_2025_DSI_Soru_Formu_Stenos CRM_v6Final,2025-07-02,Stenos Antalya Muratpaşa,Stenos Antalya Muratpaşa,Antalya,Akdeniz Bölgesi,Argu Fırat,Satış,Tüm segmentler,Satış Danışmanı / 2.El Satış Danışmanı / Satış Pazarlama Sorumlusu,,3 yıldan fazla,81.6,3.0,Önerdiğim birkaç finans kurumundan biridir,2.0,Stenos Auto Finans; Anadolubank; Finans Bank,Faiz avantajı,7.0,9.0,7.0,6.0,1.0,,Bankalar gibi şube limitinin olmaması; Yeniden borcu yapılandırması; Çözüm odaklı olmaları; Kontaktaki kişilerin olumlu sıcak yaklaşımları,Faizlerin yüksek olması,8.0,5.0,7.0,9.0,,8,,7.0,1.0,1.0,,,,,6,Fiyat rekabetçi değil / hasar süreci yavaş,,1,9.0,88.9,Passive,7.0
DSI-00198,Bayi Çalışanı / DSI,Stenos Auto_2025_DSI_Soru_Formu_Stenos CRM_v6Final,2026-03-29,Stenos Antalya Muratpaşa,Stenos Antalya Muratpaşa,Antalya,Akdeniz Bölgesi,Tandoğdu Şensoy,Sigorta,,,Sigorta Danışmanı,1 yıl – 3 yıl arası,73.3,,,,,,,,,,,,,,,,,,6.0,6,"Ekranlar arası geçiş yavaş, rapor almak zor",,,,,Türkiye Sigorta; Ray; Anadolu Anonim Türk,7.0,8.0,7,,"Teminat kapsamı geniş, müşteri memnun kalıyor",1,6.0,55.6,,7.0
DSI-00199,Bayi Çalışanı / DSI,Stenos Auto_2025_DSI_Soru_Formu_Stenos CRM_v6Final,2026-06-29,Stenos Adana Seyhan,Stenos Adana Seyhan,Adana,Akdeniz Bölgesi,Öğr. Hudavent Gül,Satış,Otomobil,Satış Danışmanı / 2.El Satış Danışmanı / Satış Pazarlama Sorumlusu,,1 yıl – 3 yıl arası,62.1,4.0,Kredi için en sık önerdiğim finans kurumudur,1.0,Stenos Auto Finans; Halk Bankası; ING,Müşteri temsilcisi desteği iyi,10.0,10.0,6.0,9.0,1.0,,Düşük faiz uygulaması; Kontaktaki kişilerin olumlu sıcak yaklaşımları; Çözüm odaklı olmaları,Kolay ulaşılır olmaması; Banka kadar esnek olunmaması,10.0,10.0,10.0,10.0,,9,,10.0,1.0,1.0,,,,,10,,"Teminat kapsamı geniş, müşteri memnun kalıyor",1,10.0,100.0,Detractor,10.0
DSI-00200,Bayi Çalışanı / DSI,Stenos Auto_2025_DSI_Soru_Formu_Stenos CRM_v6Final,2026-05-22,Stenos İzmir Bornova,Stenos İzmir Bornova,İzmir,Ege Bölgesi,Tekecan Korutürk,Sigorta,,,Sigorta Danışmanı,3 yıldan fazla,69.2,,,,,,,,,,,,,,,,,,5.0,4,"Ekranlar arası geçiş yavaş, rapor almak zor",,,,,Allianz; Axa; Eureko,7.0,7.0,8,,"Teminat kapsamı geniş, müşteri memnun kalıyor",1,5.0,44.4,,7.0
