Respondent_ID,Segment,Anket_Adi,Anket_Tarihi,Acente_Adi,Sehir,Bolge,CustomerName,CustomerType,Filo_Retail,Yas,Cinsiyet,Gelir_Grubu,S2_Stenos_Kredisi_Kullandi_mi,S3_Tercih_Etmeme_Nedeni,S12_En_Onemli_Neden,S4_Teklif_Alinan_Kuruluslar,S5_Kredi_Kullanilan_Kurulus,Odeme_Yontemi,S6_Bilgilendirme_Memnuniyeti,S7_Dijital_Kolayliklarin_Onemi,S8_Marka_Baglantisi_Etkili_mi,S9_Onemli_Ek_Avantajlar,S10_Kasko_Tercih_Etmeme_Nedeni,S11_Gelecekte_Tercih_Olasiligi,M1_Veri_Paylasim_Izni,S6_Endeks_100,S6_Top2Box,S11_Yuksek_Egilim
CSI-NCR-00001,Kredi Kullanmayan Müşteri,Stenos Auto_2025_CSI_KrediKullanmayanlar_Soru_Formu_v4-Final,2025-02-19,Stenos İstanbul Maslak,İstanbul,Marmara Bölgesi,Şefiye Bilge,Otomobil-Binek,Retail,54,Kadın,25.000 TL altı,2,Yeterli kredi limiti / onay alamadım,Yeterli kredi limiti / onay alamadım,Denizbank; İş Bankası,Denizbank,Rakip Kuruluş Kredisi,7,8,1,Online store,Sigorta şirketi memnuniyetsizliği; Kendi sigortacısının olması / Tanıdık acente olması,%51 - %75,1,66.7,0,1
CSI-NCR-00002,Kredi Kullanmayan Müşteri,Stenos Auto_2025_CSI_KrediKullanmayanlar_Soru_Formu_v4-Final,2025-09-19,Stenos Malatya Battalgazi,Malatya,Doğu Anadolu Bölgesi,Güçyeter Çorlu,Otomobil-Binek,Retail,34,Erkek,50.001 - 85.000 TL,2,Yeterli kredi limiti / onay alamadım,Yeterli kredi limiti / onay alamadım,OdeaBank; Şekerbank; Halk Bankası,OdeaBank,Rakip Kuruluş Kredisi,7,8,2,Vade seçenekleri,Servis hizmet memnuniyetsizliği,%26 - %50,1,66.7,0,0
CSI-NCR-00003,Kredi Kullanmayan Müşteri,Stenos Auto_2025_CSI_KrediKullanmayanlar_Soru_Formu_v4-Final,2025-03-08,Stenos Kayseri Melikgazi,Kayseri,İç Anadolu Bölgesi,Hiçsönmez Hançer,Otomobil-Binek,Retail,41,Kadın,50.001 - 85.000 TL,2,Kampanya ve vade koşulları uygun değildi,Kampanya ve vade koşulları uygun değildi,Garanti Bankası; QNB Fibabank,Garanti Bankası,Rakip Kuruluş Kredisi,7,7,1,Ödeme tatili / Ödemesiz dönem; İşlem masrafı,Servis hizmet memnuniyetsizliği,%51 - %75,1,66.7,0,1
CSI-NCR-00004,Kredi Kullanmayan Müşteri,Stenos Auto_2025_CSI_KrediKullanmayanlar_Soru_Formu_v4-Final,2025-06-20,Stenos Erzurum Yakutiye,Erzurum,Doğu Anadolu Bölgesi,Elifnur Tevetoğlu Demirel,Hafif Ticari,Retail,48,Erkek,25.001 - 50.000 TL,2,Borçlanmak istemedim / mevcut kredi yüküm vardı,Borçlanmak istemedim / mevcut kredi yüküm vardı,Yapı ve Kredi Bankası; ING; HSBC Bank,Henüz kredi kullanmadım,Nakit / Havale,4,6,2,Sigorta kolaylığı; Ödeme tatili / Ödemesiz dönem,Kendi sigortacısının olması / Tanıdık acente olması; Servis hizmet memnuniyetsizliği,%26 - %50,1,33.3,0,0
CSI-NCR-00005,Kredi Kullanmayan Müşteri,Stenos Auto_2025_CSI_KrediKullanmayanlar_Soru_Formu_v4-Final,2026-04-04,Stenos Malatya Battalgazi,Malatya,Doğu Anadolu Bölgesi,Gönen Durmuş,Hafif Ticari,Retail,58,Kadın,25.001 - 50.000 TL,2,Faiz oranları yüksek geldi,Faiz oranları yüksek geldi,Vakıflar Bankası; Şekerbank,Vakıflar Bankası,Rakip Kuruluş Kredisi,6,10,2,Özel müşteri temsilcisi; Vade seçenekleri,Kendi sigortacısının olması / Tanıdık acente olması,%0 -%25,1,55.6,0,0
CSI-NCR-00006,Kredi Kullanmayan Müşteri,Stenos Auto_2025_CSI_KrediKullanmayanlar_Soru_Formu_v4-Final,2026-06-21,Stenos Malatya Battalgazi,Malatya,Doğu Anadolu Bölgesi,Mükrüme Alemdar Yaman,Otomobil-Binek,Retail,37,Erkek,85.001 - 150.000 TL,2,Faiz oranları yüksek geldi,Faiz oranları yüksek geldi,Halk Bankası; Burgan Bank,Halk Bankası,Rakip Kuruluş Kredisi,7,10,2,Sigorta kolaylığı; Özel müşteri temsilcisi,Kendi sigortacısının olması / Tanıdık acente olması,%51 - %75,1,66.7,0,1
CSI-NCR-00007,Kredi Kullanmayan Müşteri,Stenos Auto_2025_CSI_KrediKullanmayanlar_Soru_Formu_v4-Final,2026-04-07,Stenos İzmir Bornova,İzmir,Ege Bölgesi,Tonguç Ülker,Otomobil-Binek,Filo,64,Erkek,50.001 - 85.000 TL,2,Kampanya ve vade koşulları uygun değildi,Kampanya ve vade koşulları uygun değildi,Alternatifbank; HSBC Bank,Alternatifbank,Rakip Kuruluş Kredisi,3,10,1,Online store; Vade seçenekleri; Özel müşteri temsilcisi,Kendi sigortacısının olması / Tanıdık acente olması; Servis hizmet memnuniyetsizliği,%26 - %50,1,22.2,0,0
CSI-NCR-00008,Kredi Kullanmayan Müşteri,Stenos Auto_2025_CSI_KrediKullanmayanlar_Soru_Formu_v4-Final,2025-01-17,Stenos Malatya Battalgazi,Malatya,Doğu Anadolu Bölgesi,Arş. Gör. Nevsale Alsoy Arsoy,Otomobil-Binek,Retail,50,Kadın,50.001 - 85.000 TL,2,Borçlanmak istemedim / mevcut kredi yüküm vardı,Borçlanmak istemedim / mevcut kredi yüküm vardı,Garanti Bankası,Henüz kredi kullanmadım,Nakit / Havale,7,6,1,Vade seçenekleri; Sigorta kolaylığı,Servis hizmet memnuniyetsizliği,%51 - %75,1,66.7,0,1
CSI-NCR-00009,Kredi Kullanmayan Müşteri,Stenos Auto_2025_CSI_KrediKullanmayanlar_Soru_Formu_v4-Final,2025-11-04,Stenos Denizli Merkezefendi,Denizli,Ege Bölgesi,Gülay Günar Şama,Hafif Ticari,Retail,42,Erkek,50.001 - 85.000 TL,2,Yeterli kredi limiti / onay alamadım,Yeterli kredi limiti / onay alamadım,İş Bankası; Anadolubank; Alternatifbank,İş Bankası,Rakip Kuruluş Kredisi,3,9,1,Ödeme tatili / Ödemesiz dönem,Kendi sigortacısının olması / Tanıdık acente olması,%0 -%25,1,22.2,0,0
CSI-NCR-00010,Kredi Kullanmayan Müşteri,Stenos Auto_2025_CSI_KrediKullanmayanlar_Soru_Formu_v4-Final,2025-03-31,Stenos Malatya Battalgazi,Malatya,Doğu Anadolu Bölgesi,Öğr. Hafıza Yaman Manço,Hafif Ticari,Retail,44,Erkek,85.001 - 150.000 TL,2,Nakit alımı tercih ettim,Nakit alımı tercih ettim,Finans Bank,Henüz kredi kullanmadım,Nakit / Havale,8,7,1,Vade seçenekleri,Servis hizmet memnuniyetsizliği; Kendi sigortacısının olması / Tanıdık acente olması,%51 - %75,1,77.8,0,1
CSI-NCR-00011,Kredi Kullanmayan Müşteri,Stenos Auto_2025_CSI_KrediKullanmayanlar_Soru_Formu_v4-Final,2025-07-12,Stenos Kayseri Melikgazi,Kayseri,İç Anadolu Bölgesi,Galip Akdeniz,Otomobil-Binek,Retail,48,Kadın,25.001 - 50.000 TL,2,Yeterli kredi limiti / onay alamadım,Yeterli kredi limiti / onay alamadım,İş Bankası; Şekerbank; TEB (Türk Ekonomi Bankası); Halk Bankası,İş Bankası,Rakip Kuruluş Kredisi,8,9,1,Sigorta kolaylığı; Online store; Vade seçenekleri,Sigorta şirketi memnuniyetsizliği; Kendi sigortacısının olması / Tanıdık acente olması,%26 - %50,1,77.8,0,0
CSI-NCR-00012,Kredi Kullanmayan Müşteri,Stenos Auto_2025_CSI_KrediKullanmayanlar_Soru_Formu_v4-Final,2025-08-19,Stenos Erzurum Yakutiye,Erzurum,Doğu Anadolu Bölgesi,Ortak Ömür Duran Karadeniz,Otomobil-Binek,Retail,46,Kadın,25.001 - 50.000 TL,2,Borçlanmak istemedim / mevcut kredi yüküm vardı,Borçlanmak istemedim / mevcut kredi yüküm vardı,Kuveyt Türk; TEB (Türk Ekonomi Bankası),Henüz kredi kullanmadım,Nakit / Havale,7,9,2,Özel müşteri temsilcisi; İşlem masrafı,Servis hizmet memnuniyetsizliği,%26 - %50,1,66.7,0,0
CSI-NCR-00013,Kredi Kullanmayan Müşteri,Stenos Auto_2025_CSI_KrediKullanmayanlar_Soru_Formu_v4-Final,2026-06-15,Stenos Malatya Battalgazi,Malatya,Doğu Anadolu Bölgesi,Tuğtaş Halidun Akgündüz,Hafif Ticari,Retail,47,Kadın,50.001 - 85.000 TL,2,Faiz oranları yüksek geldi,Faiz oranları yüksek geldi,OdeaBank; HSBC Bank,OdeaBank,Rakip Kuruluş Kredisi,9,10,1,Sigorta kolaylığı,Sigorta şirketi memnuniyetsizliği,%76 - %100,1,88.9,1,1
CSI-NCR-00014,Kredi Kullanmayan Müşteri,Stenos Auto_2025_CSI_KrediKullanmayanlar_Soru_Formu_v4-Final,2025-12-19,Stenos Ankara Çankaya,Ankara,İç Anadolu Bölgesi,Sücaettin Kısakürek,Otomobil-Binek,Retail,42,Erkek,85.001 - 150.000 TL,2,Nakit alımı tercih ettim,Nakit alımı tercih ettim,QNB Fibabank; Burgan Bank,Henüz kredi kullanmadım,Nakit / Havale,3,8,1,Vade seçenekleri; Online store; Özel müşteri temsilcisi,Kendi sigortacısının olması / Tanıdık acente olması; Servis hizmet memnuniyetsizliği,%26 - %50,1,22.2,0,0
CSI-NCR-00015,Kredi Kullanmayan Müşteri,Stenos Auto_2025_CSI_KrediKullanmayanlar_Soru_Formu_v4-Final,2025-05-15,Stenos Kayseri Melikgazi,Kayseri,İç Anadolu Bölgesi,Buhari Akçay,Otomobil-Binek,Retail,24,Erkek,25.001 - 50.000 TL,2,Yeterli kredi limiti / onay alamadım,Yeterli kredi limiti / onay alamadım,OdeaBank; Türkiye Finans; Finans Bank,OdeaBank,Rakip Kuruluş Kredisi,5,7,1,Ödeme tatili / Ödemesiz dönem; Özel müşteri temsilcisi; İşlem masrafı,Servis hizmet memnuniyetsizliği; Kendi sigortacısının olması / Tanıdık acente olması,%51 - %75,2,44.4,0,1
CSI-NCR-00016,Kredi Kullanmayan Müşteri,Stenos Auto_2025_CSI_KrediKullanmayanlar_Soru_Formu_v4-Final,2025-12-03,Stenos Gaziantep Şahinbey,Gaziantep,Güney Doğu Anadolu Bölgesi,Doç. Metinkaya Türk,Otomobil-Binek,Retail,44,Kadın,25.000 TL altı,2,Yeterli kredi limiti / onay alamadım,Yeterli kredi limiti / onay alamadım,ING; Ziraat Bankası; Burgan Bank; HSBC Bank,ING,Rakip Kuruluş Kredisi,7,10,1,Özel müşteri temsilcisi; Ödeme tatili / Ödemesiz dönem; Vade seçenekleri,Servis hizmet memnuniyetsizliği; Sigorta şirketi memnuniyetsizliği,%51 - %75,1,66.7,0,1
CSI-NCR-00017,Kredi Kullanmayan Müşteri,Stenos Auto_2025_CSI_KrediKullanmayanlar_Soru_Formu_v4-Final,2026-06-25,Stenos İstanbul Maslak,İstanbul,Marmara Bölgesi,Okt. Havse Selvi Mansız,Otomobil-Binek,Retail,50,Erkek,85.001 - 150.000 TL,2,Nakit alımı tercih ettim,Nakit alımı tercih ettim,Finans Bank; OdeaBank; QNB Fibabank,Henüz kredi kullanmadım,Nakit / Havale,10,6,2,Vade seçenekleri; Ödeme tatili / Ödemesiz dönem; İşlem masrafı,Sigorta şirketi memnuniyetsizliği,%51 - %75,1,100.0,1,1
CSI-NCR-00018,Kredi Kullanmayan Müşteri,Stenos Auto_2025_CSI_KrediKullanmayanlar_Soru_Formu_v4-Final,2025-02-18,Stenos İstanbul Kadıköy,İstanbul,Marmara Bölgesi,Seniha Hasgül Duran,Otomobil-Binek,Retail,49,Erkek,25.000 TL altı,2,Yeterli kredi limiti / onay alamadım,Yeterli kredi limiti / onay alamadım,Şekerbank; Türkiye Finans; Kuveyt Türk; Anadolubank,Şekerbank,Rakip Kuruluş Kredisi,7,8,1,Vade seçenekleri; Sigorta kolaylığı; Özel müşteri temsilcisi,Sigorta şirketi memnuniyetsizliği,%76 - %100,1,66.7,0,1
CSI-NCR-00019,Kredi Kullanmayan Müşteri,Stenos Auto_2025_CSI_KrediKullanmayanlar_Soru_Formu_v4-Final,2026-04-08,Stenos Kayseri Melikgazi,Kayseri,İç Anadolu Bölgesi,Çev. Ünsever Özdil Güçlü,Hafif Ticari,Retail,33,Erkek,25.001 - 50.000 TL,2,Faiz oranları yüksek geldi,Faiz oranları yüksek geldi,Türkiye Finans; OdeaBank,Türkiye Finans,Rakip Kuruluş Kredisi,7,10,1,Online store; Özel müşteri temsilcisi; Vade seçenekleri,Kendi sigortacısının olması / Tanıdık acente olması; Servis hizmet memnuniyetsizliği,%51 - %75,1,66.7,0,1
CSI-NCR-00020,Kredi Kullanmayan Müşteri,Stenos Auto_2025_CSI_KrediKullanmayanlar_Soru_Formu_v4-Final,2025-04-03,Stenos Diyarbakır Kayapınar,Diyarbakır,Güney Doğu Anadolu Bölgesi,Kamar Tarhan,Otomobil-Binek,Filo,39,Erkek,85.001 - 150.000 TL,2,Nakit alımı tercih ettim,Nakit alımı tercih ettim,OdeaBank; Denizbank; AlBaraka,Henüz kredi kullanmadım,Nakit / Havale,8,9,1,Ödeme tatili / Ödemesiz dönem; Vade seçenekleri; Sigorta kolaylığı,Kendi sigortacısının olması / Tanıdık acente olması,%76 - %100,1,77.8,0,1
CSI-NCR-00021,Kredi Kullanmayan Müşteri,Stenos Auto_2025_CSI_KrediKullanmayanlar_Soru_Formu_v4-Final,2025-03-28,Stenos İzmir Bornova,İzmir,Ege Bölgesi,Öğr. Lezize Nursim Zorlu Fırat,Otomobil-Binek,Retail,25,Kadın,25.000 TL altı,2,Kampanya ve vade koşulları uygun değildi,Kampanya ve vade koşulları uygun değildi,Anadolubank; Alternatifbank; Kuveyt Türk,Anadolubank,Rakip Kuruluş Kredisi,10,9,2,Sigorta kolaylığı; İşlem masrafı,Sigorta şirketi memnuniyetsizliği; Kendi sigortacısının olması / Tanıdık acente olması,%51 - %75,1,100.0,1,1
CSI-NCR-00022,Kredi Kullanmayan Müşteri,Stenos Auto_2025_CSI_KrediKullanmayanlar_Soru_Formu_v4-Final,2026-05-11,Stenos Antalya Muratpaşa,Antalya,Akdeniz Bölgesi,Uz. Gülnaziye Şehza Yaman,Otomobil-Binek,Retail,57,Erkek,50.001 - 85.000 TL,2,Kendi bankamın teklifi daha uygundu,Kendi bankamın teklifi daha uygundu,QNB Fibabank; Ziraat Bankası; AlBaraka,QNB Fibabank,Rakip Kuruluş Kredisi,10,10,2,Sigorta kolaylığı; Vade seçenekleri; Özel müşteri temsilcisi,Kendi sigortacısının olması / Tanıdık acente olması; Sigorta şirketi memnuniyetsizliği,%51 - %75,2,100.0,1,1
CSI-NCR-00023,Kredi Kullanmayan Müşteri,Stenos Auto_2025_CSI_KrediKullanmayanlar_Soru_Formu_v4-Final,2025-01-29,Stenos Diyarbakır Kayapınar,Diyarbakır,Güney Doğu Anadolu Bölgesi,Ayülker Şensoy,Otomobil-Binek,Retail,59,Kadın,50.001 - 85.000 TL,2,Faiz oranları yüksek geldi,Faiz oranları yüksek geldi,Burgan Bank; Vakıflar Bankası; QNB Fibabank,Burgan Bank,Rakip Kuruluş Kredisi,6,7,2,Sigorta kolaylığı; Online store,Kendi sigortacısının olması / Tanıdık acente olması,%26 - %50,1,55.6,0,0
CSI-NCR-00024,Kredi Kullanmayan Müşteri,Stenos Auto_2025_CSI_KrediKullanmayanlar_Soru_Formu_v4-Final,2026-02-22,Stenos Ankara Çankaya,Ankara,İç Anadolu Bölgesi,Av. Nura Durmuş İhsanoğlu,Otomobil-Binek,Retail,45,Erkek,25.001 - 50.000 TL,2,Faiz oranları yüksek geldi,Faiz oranları yüksek geldi,Burgan Bank; Alternatifbank,Burgan Bank,Rakip Kuruluş Kredisi,5,10,2,İşlem masrafı; Özel müşteri temsilcisi; Sigorta kolaylığı,Servis hizmet memnuniyetsizliği; Sigorta şirketi memnuniyetsizliği,%51 - %75,1,44.4,0,1
CSI-NCR-00025,Kredi Kullanmayan Müşteri,Stenos Auto_2025_CSI_KrediKullanmayanlar_Soru_Formu_v4-Final,2025-02-27,Stenos İzmir Bornova,İzmir,Ege Bölgesi,Yasan Şehamet Fırat Akdeniz,Hafif Ticari,Retail,34,Erkek,150.000 TL üzeri,2,Nakit alımı tercih ettim,Nakit alımı tercih ettim,Denizbank; Türkiye Finans,Henüz kredi kullanmadım,Nakit / Havale,6,8,2,İşlem masrafı; Özel müşteri temsilcisi; Ödeme tatili / Ödemesiz dönem,Sigorta şirketi memnuniyetsizliği,%0 -%25,1,55.6,0,0
CSI-NCR-00026,Kredi Kullanmayan Müşteri,Stenos Auto_2025_CSI_KrediKullanmayanlar_Soru_Formu_v4-Final,2025-12-21,Stenos Trabzon Ortahisar,Trabzon,Karadeniz Bölgesi,Fenni Atatöre İnönü Aksu,Otomobil-Binek,Retail,28,Kadın,50.001 - 85.000 TL,2,Kendi bankamın teklifi daha uygundu,Kendi bankamın teklifi daha uygundu,Vakıflar Bankası; HSBC Bank; Akbank,Vakıflar Bankası,Rakip Kuruluş Kredisi,4,7,2,Online store,Servis hizmet memnuniyetsizliği,%26 - %50,2,33.3,0,0
CSI-NCR-00027,Kredi Kullanmayan Müşteri,Stenos Auto_2025_CSI_KrediKullanmayanlar_Soru_Formu_v4-Final,2025-12-06,Stenos Trabzon Ortahisar,Trabzon,Karadeniz Bölgesi,Serda Akçay,Otomobil-Binek,Retail,62,Erkek,150.000 TL üzeri,2,Nakit alımı tercih ettim,Nakit alımı tercih ettim,Ziraat Bankası,Henüz kredi kullanmadım,Nakit / Havale,9,5,2,Sigorta kolaylığı; Vade seçenekleri,Kendi sigortacısının olması / Tanıdık acente olması; Servis hizmet memnuniyetsizliği,%51 - %75,1,88.9,1,1
CSI-NCR-00028,Kredi Kullanmayan Müşteri,Stenos Auto_2025_CSI_KrediKullanmayanlar_Soru_Formu_v4-Final,2026-04-02,Stenos Trabzon Ortahisar,Trabzon,Karadeniz Bölgesi,İntihap Şafak,Otomobil-Binek,Retail,78,Erkek,150.000 TL üzeri,2,Nakit alımı tercih ettim,Nakit alımı tercih ettim,AlBaraka,Henüz kredi kullanmadım,Nakit / Havale,8,7,2,İşlem masrafı; Ödeme tatili / Ödemesiz dönem,Sigorta şirketi memnuniyetsizliği,%51 - %75,1,77.8,0,1
CSI-NCR-00029,Kredi Kullanmayan Müşteri,Stenos Auto_2025_CSI_KrediKullanmayanlar_Soru_Formu_v4-Final,2026-04-08,Stenos Denizli Merkezefendi,Denizli,Ege Bölgesi,Dölensoy Alemdar,Otomobil-Binek,Retail,62,Erkek,50.001 - 85.000 TL,2,Nakit alımı tercih ettim,Nakit alımı tercih ettim,Türkiye Finans; Ziraat Bankası,Henüz kredi kullanmadım,Nakit / Havale,8,8,2,Vade seçenekleri; İşlem masrafı; Özel müşteri temsilcisi,Sigorta şirketi memnuniyetsizliği; Kendi sigortacısının olması / Tanıdık acente olması,%76 - %100,1,77.8,0,1
CSI-NCR-00030,Kredi Kullanmayan Müşteri,Stenos Auto_2025_CSI_KrediKullanmayanlar_Soru_Formu_v4-Final,2026-01-14,Stenos Kayseri Melikgazi,Kayseri,İç Anadolu Bölgesi,Okt. Arziye Ruhide Yorulmaz Gülen,Hafif Ticari,Filo,41,Erkek,50.001 - 85.000 TL,2,Faiz oranları yüksek geldi,Faiz oranları yüksek geldi,Kuveyt Türk; Burgan Bank; Garanti Bankası; QNB Fibabank,Kuveyt Türk,Rakip Kuruluş Kredisi,5,6,2,Sigorta kolaylığı,Kendi sigortacısının olması / Tanıdık acente olması; Servis hizmet memnuniyetsizliği,%51 - %75,1,44.4,0,1
CSI-NCR-00031,Kredi Kullanmayan Müşteri,Stenos Auto_2025_CSI_KrediKullanmayanlar_Soru_Formu_v4-Final,2025-07-20,Stenos Ankara Çankaya,Ankara,İç Anadolu Bölgesi,Hatin Nüdret Çorlu Arsoy,Otomobil-Binek,Retail,28,Kadın,50.001 - 85.000 TL,2,Nakit alımı tercih ettim,Nakit alımı tercih ettim,Türkiye Finans; Garanti Bankası,Henüz kredi kullanmadım,Nakit / Havale,8,7,1,Online store; Sigorta kolaylığı; İşlem masrafı,Servis hizmet memnuniyetsizliği,%51 - %75,1,77.8,0,1
CSI-NCR-00032,Kredi Kullanmayan Müşteri,Stenos Auto_2025_CSI_KrediKullanmayanlar_Soru_Formu_v4-Final,2025-03-28,Stenos İzmir Bornova,İzmir,Ege Bölgesi,Bay Gümüştekin Ayvas Karadeniz,Otomobil-Binek,Retail,43,Kadın,85.001 - 150.000 TL,2,Faiz oranları yüksek geldi,Faiz oranları yüksek geldi,Kuveyt Türk; ING; QNB Fibabank,Kuveyt Türk,Rakip Kuruluş Kredisi,5,5,2,İşlem masrafı,Servis hizmet memnuniyetsizliği; Sigorta şirketi memnuniyetsizliği,%0 -%25,1,44.4,0,0
CSI-NCR-00033,Kredi Kullanmayan Müşteri,Stenos Auto_2025_CSI_KrediKullanmayanlar_Soru_Formu_v4-Final,2025-12-05,Stenos Denizli Merkezefendi,Denizli,Ege Bölgesi,Eşim Yaman,Otomobil-Binek,Retail,33,Erkek,85.001 - 150.000 TL,2,Nakit alımı tercih ettim,Nakit alımı tercih ettim,Türkiye Finans; AlBaraka,Henüz kredi kullanmadım,Nakit / Havale,5,8,2,Ödeme tatili / Ödemesiz dönem; Özel müşteri temsilcisi; İşlem masrafı,Servis hizmet memnuniyetsizliği,%26 - %50,1,44.4,0,0
CSI-NCR-00034,Kredi Kullanmayan Müşteri,Stenos Auto_2025_CSI_KrediKullanmayanlar_Soru_Formu_v4-Final,2025-09-20,Stenos Adana Seyhan,Adana,Akdeniz Bölgesi,Feremez İnançlı Güçlü,Otomobil-Binek,Retail,37,Kadın,85.001 - 150.000 TL,2,Faiz oranları yüksek geldi,Faiz oranları yüksek geldi,TEB (Türk Ekonomi Bankası); Denizbank; Burgan Bank,TEB (Türk Ekonomi Bankası),Rakip Kuruluş Kredisi,7,7,1,Vade seçenekleri,Kendi sigortacısının olması / Tanıdık acente olması,%51 - %75,1,66.7,0,1
CSI-NCR-00035,Kredi Kullanmayan Müşteri,Stenos Auto_2025_CSI_KrediKullanmayanlar_Soru_Formu_v4-Final,2025-02-03,Stenos Adana Seyhan,Adana,Akdeniz Bölgesi,Çerçi Demirel,Hafif Ticari,Filo,43,Kadın,50.001 - 85.000 TL,2,Borçlanmak istemedim / mevcut kredi yüküm vardı,Borçlanmak istemedim / mevcut kredi yüküm vardı,Finans Bank; Türkiye Finans,Henüz kredi kullanmadım,Nakit / Havale,9,8,2,Online store; Vade seçenekleri; Sigorta kolaylığı,Kendi sigortacısının olması / Tanıdık acente olması; Servis hizmet memnuniyetsizliği,%51 - %75,1,88.9,1,1
CSI-NCR-00036,Kredi Kullanmayan Müşteri,Stenos Auto_2025_CSI_KrediKullanmayanlar_Soru_Formu_v4-Final,2026-06-15,Stenos Malatya Battalgazi,Malatya,Doğu Anadolu Bölgesi,Öğr. Şöhret Yılmaz Akçay,Otomobil-Binek,Retail,21,Erkek,25.001 - 50.000 TL,2,Yeterli kredi limiti / onay alamadım,Yeterli kredi limiti / onay alamadım,Yapı ve Kredi Bankası; HSBC Bank; Burgan Bank,Yapı ve Kredi Bankası,Rakip Kuruluş Kredisi,5,7,1,İşlem masrafı; Vade seçenekleri,Sigorta şirketi memnuniyetsizliği,%76 - %100,1,44.4,0,1
CSI-NCR-00037,Kredi Kullanmayan Müşteri,Stenos Auto_2025_CSI_KrediKullanmayanlar_Soru_Formu_v4-Final,2025-06-03,Stenos Trabzon Ortahisar,Trabzon,Karadeniz Bölgesi,Adlan Eraslan,Otomobil-Binek,Retail,68,Kadın,50.001 - 85.000 TL,2,Yeterli kredi limiti / onay alamadım,Yeterli kredi limiti / onay alamadım,Kuveyt Türk; Finans Bank; Şekerbank,Kuveyt Türk,Rakip Kuruluş Kredisi,6,6,2,Online store,Sigorta şirketi memnuniyetsizliği,%51 - %75,1,55.6,0,1
CSI-NCR-00038,Kredi Kullanmayan Müşteri,Stenos Auto_2025_CSI_KrediKullanmayanlar_Soru_Formu_v4-Final,2025-01-12,Stenos Erzurum Yakutiye,Erzurum,Doğu Anadolu Bölgesi,İzgü Manço,Otomobil-Binek,Retail,50,Erkek,50.001 - 85.000 TL,2,Kampanya ve vade koşulları uygun değildi,Kampanya ve vade koşulları uygun değildi,AlBaraka; OdeaBank,AlBaraka,Rakip Kuruluş Kredisi,6,9,1,Ödeme tatili / Ödemesiz dönem; Sigorta kolaylığı; İşlem masrafı,Kendi sigortacısının olması / Tanıdık acente olması; Servis hizmet memnuniyetsizliği,%76 - %100,2,55.6,0,1
CSI-NCR-00039,Kredi Kullanmayan Müşteri,Stenos Auto_2025_CSI_KrediKullanmayanlar_Soru_Formu_v4-Final,2026-05-19,Stenos Antalya Muratpaşa,Antalya,Akdeniz Bölgesi,Dr. Mahter Havse Hançer,Otomobil-Binek,Retail,42,Erkek,50.001 - 85.000 TL,2,Faiz oranları yüksek geldi,Faiz oranları yüksek geldi,HSBC Bank; AlBaraka; Burgan Bank,HSBC Bank,Rakip Kuruluş Kredisi,5,9,1,Vade seçenekleri,Servis hizmet memnuniyetsizliği; Kendi sigortacısının olması / Tanıdık acente olması,%26 - %50,1,44.4,0,0
CSI-NCR-00040,Kredi Kullanmayan Müşteri,Stenos Auto_2025_CSI_KrediKullanmayanlar_Soru_Formu_v4-Final,2025-11-23,Stenos İstanbul Kadıköy,İstanbul,Marmara Bölgesi,Alcan Enes Seven Şener,Otomobil-Binek,Retail,66,Kadın,150.000 TL üzeri,2,Nakit alımı tercih ettim,Nakit alımı tercih ettim,TEB (Türk Ekonomi Bankası); OdeaBank; Ziraat Bankası,Henüz kredi kullanmadım,Nakit / Havale,4,7,2,Ödeme tatili / Ödemesiz dönem,Servis hizmet memnuniyetsizliği,%0 -%25,1,33.3,0,0
CSI-NCR-00041,Kredi Kullanmayan Müşteri,Stenos Auto_2025_CSI_KrediKullanmayanlar_Soru_Formu_v4-Final,2026-02-23,Stenos Erzurum Yakutiye,Erzurum,Doğu Anadolu Bölgesi,Dr. Dilcan Ticen Tevetoğlu Duran,Otomobil-Binek,Filo,31,Erkek,25.001 - 50.000 TL,2,Borçlanmak istemedim / mevcut kredi yüküm vardı,Borçlanmak istemedim / mevcut kredi yüküm vardı,Halk Bankası,Henüz kredi kullanmadım,Nakit / Havale,7,7,1,Vade seçenekleri; Ödeme tatili / Ödemesiz dönem,Kendi sigortacısının olması / Tanıdık acente olması,%76 - %100,2,66.7,0,1
CSI-NCR-00042,Kredi Kullanmayan Müşteri,Stenos Auto_2025_CSI_KrediKullanmayanlar_Soru_Formu_v4-Final,2025-03-17,Stenos Malatya Battalgazi,Malatya,Doğu Anadolu Bölgesi,Temirhan Zorlu,Otomobil-Binek,Retail,45,Erkek,25.000 TL altı,2,Kendi bankamın teklifi daha uygundu,Kendi bankamın teklifi daha uygundu,Şekerbank; Burgan Bank,Şekerbank,Rakip Kuruluş Kredisi,6,8,2,Ödeme tatili / Ödemesiz dönem; Özel müşteri temsilcisi; İşlem masrafı,Kendi sigortacısının olması / Tanıdık acente olması; Servis hizmet memnuniyetsizliği,%51 - %75,1,55.6,0,1
CSI-NCR-00043,Kredi Kullanmayan Müşteri,Stenos Auto_2025_CSI_KrediKullanmayanlar_Soru_Formu_v4-Final,2025-07-09,Stenos Adana Seyhan,Adana,Akdeniz Bölgesi,Doç. Beyler Feyruz Şafak,Otomobil-Binek,Retail,43,Kadın,50.001 - 85.000 TL,2,Faiz oranları yüksek geldi,Faiz oranları yüksek geldi,Halk Bankası; Kuveyt Türk; Anadolubank; İş Bankası,Halk Bankası,Rakip Kuruluş Kredisi,6,10,2,Vade seçenekleri; Sigorta kolaylığı; Ödeme tatili / Ödemesiz dönem,Servis hizmet memnuniyetsizliği,%51 - %75,1,55.6,0,1
CSI-NCR-00044,Kredi Kullanmayan Müşteri,Stenos Auto_2025_CSI_KrediKullanmayanlar_Soru_Formu_v4-Final,2025-12-29,Stenos Kayseri Melikgazi,Kayseri,İç Anadolu Bölgesi,Tanyolaç Ergül,Otomobil-Binek,Retail,62,Erkek,25.001 - 50.000 TL,2,Faiz oranları yüksek geldi,Faiz oranları yüksek geldi,Ziraat Bankası; İş Bankası,Ziraat Bankası,Rakip Kuruluş Kredisi,5,9,1,Ödeme tatili / Ödemesiz dönem,Servis hizmet memnuniyetsizliği,%51 - %75,1,44.4,0,1
CSI-NCR-00045,Kredi Kullanmayan Müşteri,Stenos Auto_2025_CSI_KrediKullanmayanlar_Soru_Formu_v4-Final,2025-05-29,Stenos Adana Seyhan,Adana,Akdeniz Bölgesi,Yrd. Doç. Kızıltunç Cindoruk Ülker,Otomobil-Binek,Filo,34,Kadın,25.001 - 50.000 TL,2,Faiz oranları yüksek geldi,Faiz oranları yüksek geldi,Akbank; Kuveyt Türk; OdeaBank,OdeaBank,Rakip Kuruluş Kredisi,6,8,2,Sigorta kolaylığı; Vade seçenekleri; Ödeme tatili / Ödemesiz dönem,Servis hizmet memnuniyetsizliği; Kendi sigortacısının olması / Tanıdık acente olması,%26 - %50,1,55.6,0,0
CSI-NCR-00046,Kredi Kullanmayan Müşteri,Stenos Auto_2025_CSI_KrediKullanmayanlar_Soru_Formu_v4-Final,2026-02-28,Stenos Adana Seyhan,Adana,Akdeniz Bölgesi,Recepali Arsoy,Otomobil-Binek,Retail,50,Erkek,85.001 - 150.000 TL,2,Nakit alımı tercih ettim,Nakit alımı tercih ettim,Türkiye Finans; Kuveyt Türk,Henüz kredi kullanmadım,Nakit / Havale,5,5,1,Özel müşteri temsilcisi; Ödeme tatili / Ödemesiz dönem; Sigorta kolaylığı,Kendi sigortacısının olması / Tanıdık acente olması,%26 - %50,1,44.4,0,0
CSI-NCR-00047,Kredi Kullanmayan Müşteri,Stenos Auto_2025_CSI_KrediKullanmayanlar_Soru_Formu_v4-Final,2025-04-24,Stenos Erzurum Yakutiye,Erzurum,Doğu Anadolu Bölgesi,Remazan Duran,Otomobil-Binek,Retail,34,Kadın,25.000 TL altı,2,Yeterli kredi limiti / onay alamadım,Yeterli kredi limiti / onay alamadım,Garanti Bankası; Burgan Bank,Garanti Bankası,Rakip Kuruluş Kredisi,6,8,1,İşlem masrafı,Sigorta şirketi memnuniyetsizliği; Kendi sigortacısının olması / Tanıdık acente olması,%0 -%25,1,55.6,0,0
CSI-NCR-00048,Kredi Kullanmayan Müşteri,Stenos Auto_2025_CSI_KrediKullanmayanlar_Soru_Formu_v4-Final,2025-04-24,Stenos Gaziantep Şahinbey,Gaziantep,Güney Doğu Anadolu Bölgesi,Kibar Bilge,Otomobil-Binek,Retail,29,Erkek,50.001 - 85.000 TL,2,Borçlanmak istemedim / mevcut kredi yüküm vardı,Borçlanmak istemedim / mevcut kredi yüküm vardı,Anadolubank; İş Bankası; OdeaBank,Henüz kredi kullanmadım,Nakit / Havale,5,10,2,Vade seçenekleri,Sigorta şirketi memnuniyetsizliği; Kendi sigortacısının olması / Tanıdık acente olması,%26 - %50,2,44.4,0,0
CSI-NCR-00049,Kredi Kullanmayan Müşteri,Stenos Auto_2025_CSI_KrediKullanmayanlar_Soru_Formu_v4-Final,2025-01-03,Stenos Denizli Merkezefendi,Denizli,Ege Bölgesi,Bayan Nürice Arsoy Eraslan,Otomobil-Binek,Filo,42,Kadın,85.001 - 150.000 TL,2,Nakit alımı tercih ettim,Nakit alımı tercih ettim,İş Bankası; AlBaraka,Henüz kredi kullanmadım,Nakit / Havale,6,9,2,Sigorta kolaylığı; Özel müşteri temsilcisi; Online store,Kendi sigortacısının olması / Tanıdık acente olması,%0 -%25,1,55.6,0,0
CSI-NCR-00050,Kredi Kullanmayan Müşteri,Stenos Auto_2025_CSI_KrediKullanmayanlar_Soru_Formu_v4-Final,2025-05-18,Stenos Antalya Muratpaşa,Antalya,Akdeniz Bölgesi,Hüsmen Çetin,Otomobil-Binek,Retail,52,Kadın,50.001 - 85.000 TL,2,Kampanya ve vade koşulları uygun değildi,Kampanya ve vade koşulları uygun değildi,ING; Ziraat Bankası; Türkiye Finans,ING,Rakip Kuruluş Kredisi,9,8,1,Sigorta kolaylığı; İşlem masrafı,Servis hizmet memnuniyetsizliği,%26 - %50,1,88.9,1,0
CSI-NCR-00051,Kredi Kullanmayan Müşteri,Stenos Auto_2025_CSI_KrediKullanmayanlar_Soru_Formu_v4-Final,2025-05-13,Stenos Ankara Çankaya,Ankara,İç Anadolu Bölgesi,Hazrat Yüksel,Otomobil-Binek,Retail,42,Erkek,50.001 - 85.000 TL,2,Kendi bankamın teklifi daha uygundu,Kendi bankamın teklifi daha uygundu,Vakıflar Bankası; AlBaraka; Kuveyt Türk,Vakıflar Bankası,Rakip Kuruluş Kredisi,4,8,2,Özel müşteri temsilcisi; Ödeme tatili / Ödemesiz dönem,Sigorta şirketi memnuniyetsizliği,%51 - %75,2,33.3,0,1
CSI-NCR-00052,Kredi Kullanmayan Müşteri,Stenos Auto_2025_CSI_KrediKullanmayanlar_Soru_Formu_v4-Final,2026-03-09,Stenos Kayseri Melikgazi,Kayseri,İç Anadolu Bölgesi,Öncel Seçme Korutürk İnönü,Hafif Ticari,Retail,26,Erkek,85.001 - 150.000 TL,2,Kendi bankamın teklifi daha uygundu,Kendi bankamın teklifi daha uygundu,Burgan Bank; Alternatifbank; Şekerbank,Burgan Bank,Rakip Kuruluş Kredisi,7,8,1,Sigorta kolaylığı,Sigorta şirketi memnuniyetsizliği,%51 - %75,1,66.7,0,1
CSI-NCR-00053,Kredi Kullanmayan Müşteri,Stenos Auto_2025_CSI_KrediKullanmayanlar_Soru_Formu_v4-Final,2025-11-03,Stenos Denizli Merkezefendi,Denizli,Ege Bölgesi,Emiş Türk,Otomobil-Binek,Filo,35,Erkek,50.001 - 85.000 TL,2,Yeterli kredi limiti / onay alamadım,Yeterli kredi limiti / onay alamadım,Burgan Bank; ING,Burgan Bank,Rakip Kuruluş Kredisi,6,9,1,Sigorta kolaylığı; Ödeme tatili / Ödemesiz dönem; Özel müşteri temsilcisi,Sigorta şirketi memnuniyetsizliği,%51 - %75,2,55.6,0,1
CSI-NCR-00054,Kredi Kullanmayan Müşteri,Stenos Auto_2025_CSI_KrediKullanmayanlar_Soru_Formu_v4-Final,2025-04-07,Stenos Malatya Battalgazi,Malatya,Doğu Anadolu Bölgesi,Zöhrehan Naide Alemdar Şensoy,Otomobil-Binek,Retail,41,Erkek,25.001 - 50.000 TL,2,Yeterli kredi limiti / onay alamadım,Yeterli kredi limiti / onay alamadım,Akbank; Türkiye Finans,Akbank,Rakip Kuruluş Kredisi,3,9,2,Özel müşteri temsilcisi; Online store; Vade seçenekleri,Servis hizmet memnuniyetsizliği,%0 -%25,1,22.2,0,0
CSI-NCR-00055,Kredi Kullanmayan Müşteri,Stenos Auto_2025_CSI_KrediKullanmayanlar_Soru_Formu_v4-Final,2025-11-28,Stenos İzmir Bornova,İzmir,Ege Bölgesi,Av. Özakan Tarhan,Otomobil-Binek,Filo,37,Erkek,85.001 - 150.000 TL,2,Nakit alımı tercih ettim,Nakit alımı tercih ettim,Ziraat Bankası; ING; Halk Bankası,Henüz kredi kullanmadım,Nakit / Havale,9,6,1,Vade seçenekleri; Sigorta kolaylığı; Özel müşteri temsilcisi,Servis hizmet memnuniyetsizliği; Kendi sigortacısının olması / Tanıdık acente olması,%51 - %75,1,88.9,1,1
CSI-NCR-00056,Kredi Kullanmayan Müşteri,Stenos Auto_2025_CSI_KrediKullanmayanlar_Soru_Formu_v4-Final,2025-04-28,Stenos Adana Seyhan,Adana,Akdeniz Bölgesi,Doç. Söyler Gülbeyan Sezgin Yaman,Otomobil-Binek,Retail,53,Erkek,50.001 - 85.000 TL,2,Faiz oranları yüksek geldi,Faiz oranları yüksek geldi,Türkiye Finans; Akbank; Ziraat Bankası; Kuveyt Türk,Türkiye Finans,Rakip Kuruluş Kredisi,9,7,1,Online store,Kendi sigortacısının olması / Tanıdık acente olması,%76 - %100,1,88.9,1,1
CSI-NCR-00057,Kredi Kullanmayan Müşteri,Stenos Auto_2025_CSI_KrediKullanmayanlar_Soru_Formu_v4-Final,2025-08-24,Stenos Trabzon Ortahisar,Trabzon,Karadeniz Bölgesi,Yağızkurt Öcalan,Otomobil-Binek,Filo,47,Kadın,25.001 - 50.000 TL,2,Yeterli kredi limiti / onay alamadım,Yeterli kredi limiti / onay alamadım,TEB (Türk Ekonomi Bankası); Garanti Bankası; Yapı ve Kredi Bankası,TEB (Türk Ekonomi Bankası),Rakip Kuruluş Kredisi,9,4,1,Ödeme tatili / Ödemesiz dönem,Kendi sigortacısının olması / Tanıdık acente olması; Servis hizmet memnuniyetsizliği,%26 - %50,1,88.9,1,0
CSI-NCR-00058,Kredi Kullanmayan Müşteri,Stenos Auto_2025_CSI_KrediKullanmayanlar_Soru_Formu_v4-Final,2026-05-04,Stenos Erzurum Yakutiye,Erzurum,Doğu Anadolu Bölgesi,Bayan Mecide Gülsalın Türk Çetin,Hafif Ticari,Retail,47,Erkek,25.000 TL altı,2,Faiz oranları yüksek geldi,Faiz oranları yüksek geldi,Türkiye Finans; TEB (Türk Ekonomi Bankası); Finans Bank,Türkiye Finans,Rakip Kuruluş Kredisi,2,9,2,Online store; Sigorta kolaylığı,Sigorta şirketi memnuniyetsizliği,%0 -%25,1,11.1,0,0
CSI-NCR-00059,Kredi Kullanmayan Müşteri,Stenos Auto_2025_CSI_KrediKullanmayanlar_Soru_Formu_v4-Final,2026-02-20,Stenos Gaziantep Şahinbey,Gaziantep,Güney Doğu Anadolu Bölgesi,Aköz Hayrioğlu,Otomobil-Binek,Filo,42,Kadın,25.001 - 50.000 TL,2,Yeterli kredi limiti / onay alamadım,Yeterli kredi limiti / onay alamadım,İş Bankası; AlBaraka; Alternatifbank; Burgan Bank,İş Bankası,Rakip Kuruluş Kredisi,6,10,1,Sigorta kolaylığı; Vade seçenekleri,Kendi sigortacısının olması / Tanıdık acente olması,%51 - %75,1,55.6,0,1
CSI-NCR-00060,Kredi Kullanmayan Müşteri,Stenos Auto_2025_CSI_KrediKullanmayanlar_Soru_Formu_v4-Final,2026-01-04,Stenos Kayseri Melikgazi,Kayseri,İç Anadolu Bölgesi,Varlık Pesent Alemdar,Otomobil-Binek,Filo,43,Erkek,150.000 TL üzeri,2,Nakit alımı tercih ettim,Nakit alımı tercih ettim,ING; İş Bankası; QNB Fibabank,Henüz kredi kullanmadım,Nakit / Havale,7,8,2,Online store; Ödeme tatili / Ödemesiz dönem; Özel müşteri temsilcisi,Kendi sigortacısının olması / Tanıdık acente olması,%26 - %50,1,66.7,0,0
CSI-NCR-00061,Kredi Kullanmayan Müşteri,Stenos Auto_2025_CSI_KrediKullanmayanlar_Soru_Formu_v4-Final,2025-05-22,Stenos Antalya Muratpaşa,Antalya,Akdeniz Bölgesi,Çev. Aycagül İnönü Şensoy,Hafif Ticari,Filo,47,Erkek,25.001 - 50.000 TL,2,Faiz oranları yüksek geldi,Faiz oranları yüksek geldi,Akbank; İş Bankası; Ziraat Bankası,Akbank,Rakip Kuruluş Kredisi,9,10,1,İşlem masrafı; Online store; Vade seçenekleri,Servis hizmet memnuniyetsizliği,%76 - %100,1,88.9,1,1
CSI-NCR-00062,Kredi Kullanmayan Müşteri,Stenos Auto_2025_CSI_KrediKullanmayanlar_Soru_Formu_v4-Final,2025-03-02,Stenos Erzurum Yakutiye,Erzurum,Doğu Anadolu Bölgesi,Ferat Ergül,Otomobil-Binek,Retail,43,Kadın,25.000 TL altı,2,Faiz oranları yüksek geldi,Faiz oranları yüksek geldi,Şekerbank; TEB (Türk Ekonomi Bankası); Ziraat Bankası; Kuveyt Türk,Şekerbank,Rakip Kuruluş Kredisi,5,10,2,İşlem masrafı,Sigorta şirketi memnuniyetsizliği,%0 -%25,1,44.4,0,0
CSI-NCR-00063,Kredi Kullanmayan Müşteri,Stenos Auto_2025_CSI_KrediKullanmayanlar_Soru_Formu_v4-Final,2026-03-09,Stenos Adana Seyhan,Adana,Akdeniz Bölgesi,Turabi Güçal Aslan,Otomobil-Binek,Retail,35,Erkek,85.001 - 150.000 TL,2,Faiz oranları yüksek geldi,Faiz oranları yüksek geldi,QNB Fibabank; Yapı ve Kredi Bankası,QNB Fibabank,Rakip Kuruluş Kredisi,9,8,2,Vade seçenekleri; İşlem masrafı; Sigorta kolaylığı,Sigorta şirketi memnuniyetsizliği; Kendi sigortacısının olması / Tanıdık acente olması,%76 - %100,1,88.9,1,1
CSI-NCR-00064,Kredi Kullanmayan Müşteri,Stenos Auto_2025_CSI_KrediKullanmayanlar_Soru_Formu_v4-Final,2025-11-04,Stenos Antalya Muratpaşa,Antalya,Akdeniz Bölgesi,Öztürk Kamar Şafak Akgündüz,Otomobil-Binek,Filo,48,Erkek,25.000 TL altı,2,Faiz oranları yüksek geldi,Faiz oranları yüksek geldi,Vakıflar Bankası; OdeaBank,OdeaBank,Rakip Kuruluş Kredisi,7,6,1,İşlem masrafı; Vade seçenekleri; Online store,Servis hizmet memnuniyetsizliği,%26 - %50,2,66.7,0,0
CSI-NCR-00065,Kredi Kullanmayan Müşteri,Stenos Auto_2025_CSI_KrediKullanmayanlar_Soru_Formu_v4-Final,2025-12-29,Stenos Malatya Battalgazi,Malatya,Doğu Anadolu Bölgesi,Sejda Akçay Kısakürek,Otomobil-Binek,Retail,49,Erkek,50.001 - 85.000 TL,2,Nakit alımı tercih ettim,Nakit alımı tercih ettim,AlBaraka; Şekerbank; Denizbank,Henüz kredi kullanmadım,Nakit / Havale,7,8,2,İşlem masrafı,Kendi sigortacısının olması / Tanıdık acente olması,%26 - %50,1,66.7,0,0
CSI-NCR-00066,Kredi Kullanmayan Müşteri,Stenos Auto_2025_CSI_KrediKullanmayanlar_Soru_Formu_v4-Final,2026-06-18,Stenos Erzurum Yakutiye,Erzurum,Doğu Anadolu Bölgesi,Güldünya Soylu,Hafif Ticari,Retail,25,Erkek,25.001 - 50.000 TL,2,Kendi bankamın teklifi daha uygundu,Kendi bankamın teklifi daha uygundu,Türkiye Finans; Anadolubank,Türkiye Finans,Rakip Kuruluş Kredisi,9,7,1,İşlem masrafı; Online store,Servis hizmet memnuniyetsizliği; Kendi sigortacısının olması / Tanıdık acente olması,%76 - %100,1,88.9,1,1
CSI-NCR-00067,Kredi Kullanmayan Müşteri,Stenos Auto_2025_CSI_KrediKullanmayanlar_Soru_Formu_v4-Final,2025-06-28,Stenos Ankara Çankaya,Ankara,İç Anadolu Bölgesi,Okt. Vezrife Aslan Sezgin,Otomobil-Binek,Retail,62,Erkek,85.001 - 150.000 TL,2,Nakit alımı tercih ettim,Nakit alımı tercih ettim,Türkiye Finans; Akbank,Henüz kredi kullanmadım,Nakit / Havale,8,8,2,Online store,Servis hizmet memnuniyetsizliği,%76 - %100,1,77.8,0,1
CSI-NCR-00068,Kredi Kullanmayan Müşteri,Stenos Auto_2025_CSI_KrediKullanmayanlar_Soru_Formu_v4-Final,2026-03-01,Stenos Gaziantep Şahinbey,Gaziantep,Güney Doğu Anadolu Bölgesi,Yunt Şafak,Otomobil-Binek,Retail,55,Kadın,25.001 - 50.000 TL,2,Yeterli kredi limiti / onay alamadım,Yeterli kredi limiti / onay alamadım,ING; OdeaBank; Anadolubank,ING,Rakip Kuruluş Kredisi,6,6,2,Sigorta kolaylığı; Vade seçenekleri,Sigorta şirketi memnuniyetsizliği; Kendi sigortacısının olması / Tanıdık acente olması,%51 - %75,1,55.6,0,1
CSI-NCR-00069,Kredi Kullanmayan Müşteri,Stenos Auto_2025_CSI_KrediKullanmayanlar_Soru_Formu_v4-Final,2025-10-23,Stenos Erzurum Yakutiye,Erzurum,Doğu Anadolu Bölgesi,Melihcan Tevetoğlu,Otomobil-Binek,Retail,63,Erkek,50.001 - 85.000 TL,2,Faiz oranları yüksek geldi,Faiz oranları yüksek geldi,Burgan Bank; Halk Bankası; İş Bankası; Yapı ve Kredi Bankası,Burgan Bank,Rakip Kuruluş Kredisi,5,4,1,Ödeme tatili / Ödemesiz dönem; Özel müşteri temsilcisi,Sigorta şirketi memnuniyetsizliği; Servis hizmet memnuniyetsizliği,%26 - %50,1,44.4,0,0
CSI-NCR-00070,Kredi Kullanmayan Müşteri,Stenos Auto_2025_CSI_KrediKullanmayanlar_Soru_Formu_v4-Final,2025-04-15,Stenos Erzurum Yakutiye,Erzurum,Doğu Anadolu Bölgesi,Arş. Gör. Filit Hayrioğlu,Otomobil-Binek,Retail,31,Erkek,25.001 - 50.000 TL,2,Faiz oranları yüksek geldi,Faiz oranları yüksek geldi,Halk Bankası; Burgan Bank,Halk Bankası,Rakip Kuruluş Kredisi,5,8,2,Online store; Özel müşteri temsilcisi,Sigorta şirketi memnuniyetsizliği,%51 - %75,1,44.4,0,1
CSI-NCR-00071,Kredi Kullanmayan Müşteri,Stenos Auto_2025_CSI_KrediKullanmayanlar_Soru_Formu_v4-Final,2025-02-14,Stenos Trabzon Ortahisar,Trabzon,Karadeniz Bölgesi,Asım Günşen Ülker Arslan,Otomobil-Binek,Retail,39,Kadın,25.001 - 50.000 TL,2,Borçlanmak istemedim / mevcut kredi yüküm vardı,Borçlanmak istemedim / mevcut kredi yüküm vardı,HSBC Bank; AlBaraka; Halk Bankası,Henüz kredi kullanmadım,Nakit / Havale,4,9,2,Ödeme tatili / Ödemesiz dönem; Online store; Vade seçenekleri,Kendi sigortacısının olması / Tanıdık acente olması; Servis hizmet memnuniyetsizliği,%0 -%25,1,33.3,0,0
CSI-NCR-00072,Kredi Kullanmayan Müşteri,Stenos Auto_2025_CSI_KrediKullanmayanlar_Soru_Formu_v4-Final,2025-12-28,Stenos Kayseri Melikgazi,Kayseri,İç Anadolu Bölgesi,Semat Şefiye Demirel,Hafif Ticari,Retail,39,Kadın,150.000 TL üzeri,2,Faiz oranları yüksek geldi,Faiz oranları yüksek geldi,İş Bankası; Kuveyt Türk,İş Bankası,Rakip Kuruluş Kredisi,4,6,2,İşlem masrafı,Kendi sigortacısının olması / Tanıdık acente olması,%0 -%25,2,33.3,0,0
CSI-NCR-00073,Kredi Kullanmayan Müşteri,Stenos Auto_2025_CSI_KrediKullanmayanlar_Soru_Formu_v4-Final,2025-05-02,Stenos Adana Seyhan,Adana,Akdeniz Bölgesi,Uz. Selvi Necva Dumanlı,Hafif Ticari,Retail,34,Erkek,85.001 - 150.000 TL,2,Kendi bankamın teklifi daha uygundu,Kendi bankamın teklifi daha uygundu,Yapı ve Kredi Bankası; Vakıflar Bankası; Şekerbank; Ziraat Bankası,Yapı ve Kredi Bankası,Rakip Kuruluş Kredisi,6,9,2,Özel müşteri temsilcisi; Sigorta kolaylığı; Ödeme tatili / Ödemesiz dönem,Servis hizmet memnuniyetsizliği,%26 - %50,1,55.6,0,0
CSI-NCR-00074,Kredi Kullanmayan Müşteri,Stenos Auto_2025_CSI_KrediKullanmayanlar_Soru_Formu_v4-Final,2026-02-27,Stenos İstanbul Maslak,İstanbul,Marmara Bölgesi,Yunt Huzuri Mansız,Otomobil-Binek,Retail,39,Kadın,25.001 - 50.000 TL,2,Faiz oranları yüksek geldi,Faiz oranları yüksek geldi,Denizbank; Akbank; Alternatifbank,Denizbank,Rakip Kuruluş Kredisi,3,4,2,Sigorta kolaylığı; Online store,Sigorta şirketi memnuniyetsizliği,%26 - %50,1,22.2,0,0
CSI-NCR-00075,Kredi Kullanmayan Müşteri,Stenos Auto_2025_CSI_KrediKullanmayanlar_Soru_Formu_v4-Final,2026-02-01,Stenos Denizli Merkezefendi,Denizli,Ege Bölgesi,Çev. Açılay Bergen Ülker,Otomobil-Binek,Retail,60,Erkek,25.001 - 50.000 TL,2,Yeterli kredi limiti / onay alamadım,Yeterli kredi limiti / onay alamadım,Şekerbank; Garanti Bankası,Şekerbank,Rakip Kuruluş Kredisi,5,10,2,Ödeme tatili / Ödemesiz dönem,Sigorta şirketi memnuniyetsizliği; Kendi sigortacısının olması / Tanıdık acente olması,%26 - %50,1,44.4,0,0
CSI-NCR-00076,Kredi Kullanmayan Müşteri,Stenos Auto_2025_CSI_KrediKullanmayanlar_Soru_Formu_v4-Final,2025-08-12,Stenos Kayseri Melikgazi,Kayseri,İç Anadolu Bölgesi,Nezengül Zorlu Sezgin,Hafif Ticari,Retail,38,Kadın,85.001 - 150.000 TL,2,Nakit alımı tercih ettim,Nakit alımı tercih ettim,Vakıflar Bankası; Anadolubank; Ziraat Bankası,Henüz kredi kullanmadım,Nakit / Havale,4,7,2,Online store; Özel müşteri temsilcisi,Kendi sigortacısının olması / Tanıdık acente olması,%0 -%25,2,33.3,0,0
CSI-NCR-00077,Kredi Kullanmayan Müşteri,Stenos Auto_2025_CSI_KrediKullanmayanlar_Soru_Formu_v4-Final,2025-10-05,Stenos Adana Seyhan,Adana,Akdeniz Bölgesi,Bay Beyda Akdeniz,Hafif Ticari,Retail,41,Erkek,85.001 - 150.000 TL,2,Nakit alımı tercih ettim,Nakit alımı tercih ettim,Yapı ve Kredi Bankası,Henüz kredi kullanmadım,Nakit / Havale,6,7,1,Sigorta kolaylığı; Online store; Ödeme tatili / Ödemesiz dönem,Kendi sigortacısının olması / Tanıdık acente olması,%76 - %100,1,55.6,0,1
CSI-NCR-00078,Kredi Kullanmayan Müşteri,Stenos Auto_2025_CSI_KrediKullanmayanlar_Soru_Formu_v4-Final,2025-12-17,Stenos Ankara Çankaya,Ankara,İç Anadolu Bölgesi,Bayan Egenur Bediriye Yüksel Öcalan,Hafif Ticari,Filo,35,Kadın,25.001 - 50.000 TL,2,Faiz oranları yüksek geldi,Faiz oranları yüksek geldi,ING; Anadolubank,ING,Rakip Kuruluş Kredisi,6,9,1,Sigorta kolaylığı,Kendi sigortacısının olması / Tanıdık acente olması; Sigorta şirketi memnuniyetsizliği,%26 - %50,1,55.6,0,0
CSI-NCR-00079,Kredi Kullanmayan Müşteri,Stenos Auto_2025_CSI_KrediKullanmayanlar_Soru_Formu_v4-Final,2025-08-19,Stenos Erzurum Yakutiye,Erzurum,Doğu Anadolu Bölgesi,Nevsale Nurtaç Akça Durdu,Hafif Ticari,Retail,50,Kadın,50.001 - 85.000 TL,2,Yeterli kredi limiti / onay alamadım,Yeterli kredi limiti / onay alamadım,OdeaBank; ING,OdeaBank,Rakip Kuruluş Kredisi,4,5,2,Sigorta kolaylığı,Sigorta şirketi memnuniyetsizliği; Kendi sigortacısının olması / Tanıdık acente olması,%51 - %75,1,33.3,0,1
CSI-NCR-00080,Kredi Kullanmayan Müşteri,Stenos Auto_2025_CSI_KrediKullanmayanlar_Soru_Formu_v4-Final,2026-04-20,Stenos Ankara Çankaya,Ankara,İç Anadolu Bölgesi,Talayer Birsen Tarhan,Otomobil-Binek,Retail,62,Kadın,25.001 - 50.000 TL,2,Kampanya ve vade koşulları uygun değildi,Kampanya ve vade koşulları uygun değildi,ING,ING,Rakip Kuruluş Kredisi,8,3,2,Özel müşteri temsilcisi,Kendi sigortacısının olması / Tanıdık acente olması; Servis hizmet memnuniyetsizliği,%51 - %75,1,77.8,0,1
CSI-NCR-00081,Kredi Kullanmayan Müşteri,Stenos Auto_2025_CSI_KrediKullanmayanlar_Soru_Formu_v4-Final,2025-02-23,Stenos İstanbul Maslak,İstanbul,Marmara Bölgesi,Okt. Nura Selvi İnönü Erdoğan,Otomobil-Binek,Retail,66,Erkek,50.001 - 85.000 TL,2,Faiz oranları yüksek geldi,Faiz oranları yüksek geldi,Halk Bankası; Denizbank; Burgan Bank,Halk Bankası,Rakip Kuruluş Kredisi,3,5,1,Vade seçenekleri; Özel müşteri temsilcisi,Kendi sigortacısının olması / Tanıdık acente olması,%0 -%25,1,22.2,0,0
CSI-NCR-00082,Kredi Kullanmayan Müşteri,Stenos Auto_2025_CSI_KrediKullanmayanlar_Soru_Formu_v4-Final,2026-06-23,Stenos Adana Seyhan,Adana,Akdeniz Bölgesi,Rohat Arsoy,Otomobil-Binek,Retail,41,Kadın,25.001 - 50.000 TL,2,Faiz oranları yüksek geldi,Faiz oranları yüksek geldi,Burgan Bank; Şekerbank,Burgan Bank,Rakip Kuruluş Kredisi,5,4,2,Ödeme tatili / Ödemesiz dönem,Servis hizmet memnuniyetsizliği; Sigorta şirketi memnuniyetsizliği,%0 -%25,1,44.4,0,0
CSI-NCR-00083,Kredi Kullanmayan Müşteri,Stenos Auto_2025_CSI_KrediKullanmayanlar_Soru_Formu_v4-Final,2025-01-30,Stenos Malatya Battalgazi,Malatya,Doğu Anadolu Bölgesi,Minibe Şensoy Aslan,Otomobil-Binek,Retail,27,Erkek,50.001 - 85.000 TL,2,Borçlanmak istemedim / mevcut kredi yüküm vardı,Borçlanmak istemedim / mevcut kredi yüküm vardı,Akbank,Henüz kredi kullanmadım,Nakit / Havale,9,5,1,Ödeme tatili / Ödemesiz dönem; İşlem masrafı; Sigorta kolaylığı,Kendi sigortacısının olması / Tanıdık acente olması,%76 - %100,1,88.9,1,1
CSI-NCR-00084,Kredi Kullanmayan Müşteri,Stenos Auto_2025_CSI_KrediKullanmayanlar_Soru_Formu_v4-Final,2025-04-14,Stenos Malatya Battalgazi,Malatya,Doğu Anadolu Bölgesi,Dr. Akatay Zahid Akçay,Otomobil-Binek,Retail,58,Kadın,150.000 TL üzeri,2,Nakit alımı tercih ettim,Nakit alımı tercih ettim,Ziraat Bankası; İş Bankası; Vakıflar Bankası,Henüz kredi kullanmadım,Nakit / Havale,9,5,2,Ödeme tatili / Ödemesiz dönem; Sigorta kolaylığı; Vade seçenekleri,Sigorta şirketi memnuniyetsizliği; Servis hizmet memnuniyetsizliği,%51 - %75,1,88.9,1,1
CSI-NCR-00085,Kredi Kullanmayan Müşteri,Stenos Auto_2025_CSI_KrediKullanmayanlar_Soru_Formu_v4-Final,2026-02-05,Stenos Diyarbakır Kayapınar,Diyarbakır,Güney Doğu Anadolu Bölgesi,Arş. Gör. Nürice Çamurcuoğlu Durmuş,Hafif Ticari,Retail,21,Erkek,25.001 - 50.000 TL,2,Yeterli kredi limiti / onay alamadım,Yeterli kredi limiti / onay alamadım,ING; Halk Bankası; QNB Fibabank; Şekerbank,ING,Rakip Kuruluş Kredisi,8,8,1,Özel müşteri temsilcisi; Vade seçenekleri,Kendi sigortacısının olması / Tanıdık acente olması; Sigorta şirketi memnuniyetsizliği,%0 -%25,1,77.8,0,0
CSI-NCR-00086,Kredi Kullanmayan Müşteri,Stenos Auto_2025_CSI_KrediKullanmayanlar_Soru_Formu_v4-Final,2025-02-05,Stenos Diyarbakır Kayapınar,Diyarbakır,Güney Doğu Anadolu Bölgesi,Eroğul Önsal Eraslan Demirel,Otomobil-Binek,Retail,41,Erkek,50.001 - 85.000 TL,2,Faiz oranları yüksek geldi,Faiz oranları yüksek geldi,Akbank; AlBaraka,Akbank,Rakip Kuruluş Kredisi,8,6,1,Ödeme tatili / Ödemesiz dönem; Özel müşteri temsilcisi,Sigorta şirketi memnuniyetsizliği; Servis hizmet memnuniyetsizliği,%51 - %75,1,77.8,0,1
CSI-NCR-00087,Kredi Kullanmayan Müşteri,Stenos Auto_2025_CSI_KrediKullanmayanlar_Soru_Formu_v4-Final,2025-05-09,Stenos Malatya Battalgazi,Malatya,Doğu Anadolu Bölgesi,Öğr. Şevketfeza Macide Sezer Çamurcuoğlu,Otomobil-Binek,Retail,35,Erkek,50.001 - 85.000 TL,2,Faiz oranları yüksek geldi,Faiz oranları yüksek geldi,Finans Bank; ING; HSBC Bank; Akbank,Finans Bank,Rakip Kuruluş Kredisi,1,10,2,İşlem masrafı; Özel müşteri temsilcisi,Kendi sigortacısının olması / Tanıdık acente olması,%51 - %75,1,0.0,0,1
CSI-NCR-00088,Kredi Kullanmayan Müşteri,Stenos Auto_2025_CSI_KrediKullanmayanlar_Soru_Formu_v4-Final,2025-03-19,Stenos Erzurum Yakutiye,Erzurum,Doğu Anadolu Bölgesi,Öğr. Dürrüşehvar Yaman Akdeniz,Otomobil-Binek,Filo,50,Erkek,50.001 - 85.000 TL,2,Faiz oranları yüksek geldi,Faiz oranları yüksek geldi,ING; Burgan Bank,ING,Rakip Kuruluş Kredisi,6,10,1,Online store,Servis hizmet memnuniyetsizliği,%51 - %75,1,55.6,0,1
CSI-NCR-00089,Kredi Kullanmayan Müşteri,Stenos Auto_2025_CSI_KrediKullanmayanlar_Soru_Formu_v4-Final,2026-02-02,Stenos Antalya Muratpaşa,Antalya,Akdeniz Bölgesi,Musafet Akçay,Otomobil-Binek,Retail,23,Kadın,50.001 - 85.000 TL,2,Faiz oranları yüksek geldi,Faiz oranları yüksek geldi,Yapı ve Kredi Bankası; Alternatifbank; Ziraat Bankası,Yapı ve Kredi Bankası,Rakip Kuruluş Kredisi,4,9,1,İşlem masrafı; Ödeme tatili / Ödemesiz dönem; Özel müşteri temsilcisi,Kendi sigortacısının olması / Tanıdık acente olması; Servis hizmet memnuniyetsizliği,%0 -%25,2,33.3,0,0
CSI-NCR-00090,Kredi Kullanmayan Müşteri,Stenos Auto_2025_CSI_KrediKullanmayanlar_Soru_Formu_v4-Final,2025-11-29,Stenos İstanbul Kadıköy,İstanbul,Marmara Bölgesi,Dr. Muhiye Nazlihan Demirel Erdoğan,Otomobil-Binek,Retail,47,Erkek,25.001 - 50.000 TL,2,Yeterli kredi limiti / onay alamadım,Yeterli kredi limiti / onay alamadım,Şekerbank; Burgan Bank; Yapı ve Kredi Bankası,Şekerbank,Rakip Kuruluş Kredisi,4,10,2,Ödeme tatili / Ödemesiz dönem,Servis hizmet memnuniyetsizliği,%51 - %75,1,33.3,0,1
CSI-NCR-00091,Kredi Kullanmayan Müşteri,Stenos Auto_2025_CSI_KrediKullanmayanlar_Soru_Formu_v4-Final,2025-02-28,Stenos Ankara Çankaya,Ankara,İç Anadolu Bölgesi,Melûl Ferhan Demirel,Otomobil-Binek,Retail,35,Erkek,85.001 - 150.000 TL,2,Kendi bankamın teklifi daha uygundu,Kendi bankamın teklifi daha uygundu,HSBC Bank; QNB Fibabank,HSBC Bank,Rakip Kuruluş Kredisi,7,4,1,Sigorta kolaylığı; Online store; Vade seçenekleri,Sigorta şirketi memnuniyetsizliği,%51 - %75,1,66.7,0,1
CSI-NCR-00092,Kredi Kullanmayan Müşteri,Stenos Auto_2025_CSI_KrediKullanmayanlar_Soru_Formu_v4-Final,2025-08-06,Stenos Gaziantep Şahinbey,Gaziantep,Güney Doğu Anadolu Bölgesi,Prof. Işıkay Zorlu,Otomobil-Binek,Retail,50,Erkek,50.001 - 85.000 TL,2,Faiz oranları yüksek geldi,Faiz oranları yüksek geldi,Alternatifbank; Finans Bank,Alternatifbank,Rakip Kuruluş Kredisi,6,10,2,Sigorta kolaylığı; Özel müşteri temsilcisi,Servis hizmet memnuniyetsizliği; Sigorta şirketi memnuniyetsizliği,%26 - %50,1,55.6,0,0
CSI-NCR-00093,Kredi Kullanmayan Müşteri,Stenos Auto_2025_CSI_KrediKullanmayanlar_Soru_Formu_v4-Final,2025-04-24,Stenos Gaziantep Şahinbey,Gaziantep,Güney Doğu Anadolu Bölgesi,Dr. Denizalp Özkent Yaman,Otomobil-Binek,Retail,21,Erkek,50.001 - 85.000 TL,2,Nakit alımı tercih ettim,Nakit alımı tercih ettim,Garanti Bankası; QNB Fibabank,Henüz kredi kullanmadım,Nakit / Havale,6,8,2,Sigorta kolaylığı,Kendi sigortacısının olması / Tanıdık acente olması; Sigorta şirketi memnuniyetsizliği,%26 - %50,1,55.6,0,0
CSI-NCR-00094,Kredi Kullanmayan Müşteri,Stenos Auto_2025_CSI_KrediKullanmayanlar_Soru_Formu_v4-Final,2026-06-18,Stenos Ankara Çankaya,Ankara,İç Anadolu Bölgesi,Prof. Okseven Akatay Arsoy,Otomobil-Binek,Retail,27,Erkek,85.001 - 150.000 TL,2,Faiz oranları yüksek geldi,Faiz oranları yüksek geldi,Yapı ve Kredi Bankası; OdeaBank,Yapı ve Kredi Bankası,Rakip Kuruluş Kredisi,7,10,1,Vade seçenekleri; Özel müşteri temsilcisi; Ödeme tatili / Ödemesiz dönem,Servis hizmet memnuniyetsizliği,%26 - %50,1,66.7,0,0
CSI-NCR-00095,Kredi Kullanmayan Müşteri,Stenos Auto_2025_CSI_KrediKullanmayanlar_Soru_Formu_v4-Final,2025-02-14,Stenos Diyarbakır Kayapınar,Diyarbakır,Güney Doğu Anadolu Bölgesi,Silanur Âlemşah Yaman Mansız,Hafif Ticari,Retail,55,Erkek,150.000 TL üzeri,2,Nakit alımı tercih ettim,Nakit alımı tercih ettim,Halk Bankası; OdeaBank; Kuveyt Türk,Henüz kredi kullanmadım,Nakit / Havale,10,5,2,Vade seçenekleri; Ödeme tatili / Ödemesiz dönem,Servis hizmet memnuniyetsizliği; Kendi sigortacısının olması / Tanıdık acente olması,%76 - %100,1,100.0,1,1
CSI-NCR-00096,Kredi Kullanmayan Müşteri,Stenos Auto_2025_CSI_KrediKullanmayanlar_Soru_Formu_v4-Final,2025-11-23,Stenos İzmir Bornova,İzmir,Ege Bölgesi,Apaydın Hançer,Otomobil-Binek,Retail,56,Kadın,50.001 - 85.000 TL,2,Faiz oranları yüksek geldi,Faiz oranları yüksek geldi,Denizbank; QNB Fibabank; Ziraat Bankası; Garanti Bankası,Denizbank,Rakip Kuruluş Kredisi,3,9,2,Online store; İşlem masrafı,Servis hizmet memnuniyetsizliği,%0 -%25,1,22.2,0,0
CSI-NCR-00097,Kredi Kullanmayan Müşteri,Stenos Auto_2025_CSI_KrediKullanmayanlar_Soru_Formu_v4-Final,2025-09-18,Stenos İzmir Bornova,İzmir,Ege Bölgesi,Söyler Fırat Seven,Hafif Ticari,Filo,28,Erkek,85.001 - 150.000 TL,2,Nakit alımı tercih ettim,Nakit alımı tercih ettim,Denizbank,Henüz kredi kullanmadım,Nakit / Havale,10,5,1,Online store; Sigorta kolaylığı,Kendi sigortacısının olması / Tanıdık acente olması,%51 - %75,1,100.0,1,1
CSI-NCR-00098,Kredi Kullanmayan Müşteri,Stenos Auto_2025_CSI_KrediKullanmayanlar_Soru_Formu_v4-Final,2025-11-10,Stenos Ankara Çankaya,Ankara,İç Anadolu Bölgesi,Av. Ümray Beray Yaman,Otomobil-Binek,Retail,55,Kadın,50.001 - 85.000 TL,2,Faiz oranları yüksek geldi,Faiz oranları yüksek geldi,Yapı ve Kredi Bankası; ING; Burgan Bank; AlBaraka,Yapı ve Kredi Bankası,Rakip Kuruluş Kredisi,6,6,2,İşlem masrafı; Özel müşteri temsilcisi,Kendi sigortacısının olması / Tanıdık acente olması; Sigorta şirketi memnuniyetsizliği,%26 - %50,1,55.6,0,0
CSI-NCR-00099,Kredi Kullanmayan Müşteri,Stenos Auto_2025_CSI_KrediKullanmayanlar_Soru_Formu_v4-Final,2026-06-17,Stenos Gaziantep Şahinbey,Gaziantep,Güney Doğu Anadolu Bölgesi,Beray Dumanlı,Otomobil-Binek,Retail,53,Kadın,150.000 TL üzeri,2,Nakit alımı tercih ettim,Nakit alımı tercih ettim,OdeaBank; Alternatifbank,Henüz kredi kullanmadım,Nakit / Havale,9,8,2,Özel müşteri temsilcisi,Kendi sigortacısının olması / Tanıdık acente olması,%51 - %75,1,88.9,1,1
CSI-NCR-00100,Kredi Kullanmayan Müşteri,Stenos Auto_2025_CSI_KrediKullanmayanlar_Soru_Formu_v4-Final,2025-06-05,Stenos Malatya Battalgazi,Malatya,Doğu Anadolu Bölgesi,Dr. Vefia Nazende Yaman Akgündüz,Otomobil-Binek,Retail,71,Kadın,50.001 - 85.000 TL,2,Kendi bankamın teklifi daha uygundu,Kendi bankamın teklifi daha uygundu,Alternatifbank; TEB (Türk Ekonomi Bankası),Alternatifbank,Rakip Kuruluş Kredisi,10,6,1,İşlem masrafı; Ödeme tatili / Ödemesiz dönem,Servis hizmet memnuniyetsizliği,%26 - %50,2,100.0,1,0
CSI-NCR-00101,Kredi Kullanmayan Müşteri,Stenos Auto_2025_CSI_KrediKullanmayanlar_Soru_Formu_v4-Final,2026-02-08,Stenos Adana Seyhan,Adana,Akdeniz Bölgesi,Prof. Bedi Şafak,Otomobil-Binek,Retail,47,Erkek,50.001 - 85.000 TL,2,Faiz oranları yüksek geldi,Faiz oranları yüksek geldi,Ziraat Bankası; Türkiye Finans; TEB (Türk Ekonomi Bankası),Ziraat Bankası,Rakip Kuruluş Kredisi,3,10,1,Sigorta kolaylığı,Servis hizmet memnuniyetsizliği,%0 -%25,2,22.2,0,0
CSI-NCR-00102,Kredi Kullanmayan Müşteri,Stenos Auto_2025_CSI_KrediKullanmayanlar_Soru_Formu_v4-Final,2025-08-31,Stenos Antalya Muratpaşa,Antalya,Akdeniz Bölgesi,İsak Bayzettin Fırat,Otomobil-Binek,Filo,38,Kadın,85.001 - 150.000 TL,2,Faiz oranları yüksek geldi,Faiz oranları yüksek geldi,Akbank; Garanti Bankası; HSBC Bank,Akbank,Rakip Kuruluş Kredisi,8,8,1,Vade seçenekleri; Özel müşteri temsilcisi,Sigorta şirketi memnuniyetsizliği; Servis hizmet memnuniyetsizliği,%26 - %50,1,77.8,0,0
CSI-NCR-00103,Kredi Kullanmayan Müşteri,Stenos Auto_2025_CSI_KrediKullanmayanlar_Soru_Formu_v4-Final,2026-01-06,Stenos Ankara Çankaya,Ankara,İç Anadolu Bölgesi,Göken Aksu,Otomobil-Binek,Retail,21,Kadın,85.001 - 150.000 TL,2,Kampanya ve vade koşulları uygun değildi,Kampanya ve vade koşulları uygun değildi,AlBaraka; İş Bankası; Vakıflar Bankası; Alternatifbank,AlBaraka,Rakip Kuruluş Kredisi,8,9,2,Vade seçenekleri; Ödeme tatili / Ödemesiz dönem; Online store,Kendi sigortacısının olması / Tanıdık acente olması,%76 - %100,1,77.8,0,1
CSI-NCR-00104,Kredi Kullanmayan Müşteri,Stenos Auto_2025_CSI_KrediKullanmayanlar_Soru_Formu_v4-Final,2025-06-18,Stenos Malatya Battalgazi,Malatya,Doğu Anadolu Bölgesi,Okt. Yankı Bilgin,Otomobil-Binek,Retail,53,Kadın,85.001 - 150.000 TL,2,Kendi bankamın teklifi daha uygundu,Kendi bankamın teklifi daha uygundu,Ziraat Bankası; QNB Fibabank; Garanti Bankası; Burgan Bank,Ziraat Bankası,Rakip Kuruluş Kredisi,6,10,1,Ödeme tatili / Ödemesiz dönem; Online store; Sigorta kolaylığı,Sigorta şirketi memnuniyetsizliği,%26 - %50,1,55.6,0,0
CSI-NCR-00105,Kredi Kullanmayan Müşteri,Stenos Auto_2025_CSI_KrediKullanmayanlar_Soru_Formu_v4-Final,2025-04-09,Stenos Gaziantep Şahinbey,Gaziantep,Güney Doğu Anadolu Bölgesi,Vezrife Lâle Akdeniz Çorlu,Otomobil-Binek,Retail,65,Erkek,50.001 - 85.000 TL,2,Faiz oranları yüksek geldi,Faiz oranları yüksek geldi,Kuveyt Türk; Şekerbank; ING; TEB (Türk Ekonomi Bankası),Kuveyt Türk,Rakip Kuruluş Kredisi,7,6,1,İşlem masrafı,Servis hizmet memnuniyetsizliği,%26 - %50,1,66.7,0,0
CSI-NCR-00106,Kredi Kullanmayan Müşteri,Stenos Auto_2025_CSI_KrediKullanmayanlar_Soru_Formu_v4-Final,2025-02-14,Stenos Bursa Nilüfer,Bursa,Marmara Bölgesi,Gülkadın Şener,Hafif Ticari,Retail,39,Erkek,150.000 TL üzeri,2,Nakit alımı tercih ettim,Nakit alımı tercih ettim,Şekerbank,Henüz kredi kullanmadım,Nakit / Havale,8,10,2,Online store; Ödeme tatili / Ödemesiz dönem,Kendi sigortacısının olması / Tanıdık acente olması; Sigorta şirketi memnuniyetsizliği,%51 - %75,1,77.8,0,1
CSI-NCR-00107,Kredi Kullanmayan Müşteri,Stenos Auto_2025_CSI_KrediKullanmayanlar_Soru_Formu_v4-Final,2025-02-07,Stenos Bursa Nilüfer,Bursa,Marmara Bölgesi,Efil Şener,Otomobil-Binek,Retail,41,Erkek,25.001 - 50.000 TL,2,Borçlanmak istemedim / mevcut kredi yüküm vardı,Borçlanmak istemedim / mevcut kredi yüküm vardı,HSBC Bank; İş Bankası,Henüz kredi kullanmadım,Nakit / Havale,8,8,2,Online store; Vade seçenekleri,Servis hizmet memnuniyetsizliği,%26 - %50,1,77.8,0,0
CSI-NCR-00108,Kredi Kullanmayan Müşteri,Stenos Auto_2025_CSI_KrediKullanmayanlar_Soru_Formu_v4-Final,2026-06-18,Stenos Ankara Çankaya,Ankara,İç Anadolu Bölgesi,Şirivan Zahfer Çorlu,Otomobil-Binek,Filo,52,Erkek,85.001 - 150.000 TL,2,Kampanya ve vade koşulları uygun değildi,Kampanya ve vade koşulları uygun değildi,Alternatifbank; ING; Şekerbank,Alternatifbank,Rakip Kuruluş Kredisi,8,6,1,Sigorta kolaylığı; Vade seçenekleri; İşlem masrafı,Sigorta şirketi memnuniyetsizliği,%76 - %100,1,77.8,0,1
CSI-NCR-00109,Kredi Kullanmayan Müşteri,Stenos Auto_2025_CSI_KrediKullanmayanlar_Soru_Formu_v4-Final,2026-03-18,Stenos Malatya Battalgazi,Malatya,Doğu Anadolu Bölgesi,Yrd. Doç. Sezginbaş Manço,Otomobil-Binek,Retail,31,Erkek,150.000 TL üzeri,2,Nakit alımı tercih ettim,Nakit alımı tercih ettim,Finans Bank,Henüz kredi kullanmadım,Nakit / Havale,8,10,2,Vade seçenekleri; Özel müşteri temsilcisi,Sigorta şirketi memnuniyetsizliği,%51 - %75,1,77.8,0,1
CSI-NCR-00110,Kredi Kullanmayan Müşteri,Stenos Auto_2025_CSI_KrediKullanmayanlar_Soru_Formu_v4-Final,2025-05-20,Stenos İstanbul Kadıköy,İstanbul,Marmara Bölgesi,Dr. Taşkan Gül,Hafif Ticari,Retail,38,Erkek,50.001 - 85.000 TL,2,Faiz oranları yüksek geldi,Faiz oranları yüksek geldi,TEB (Türk Ekonomi Bankası); Yapı ve Kredi Bankası; Ziraat Bankası; Halk Bankası,TEB (Türk Ekonomi Bankası),Rakip Kuruluş Kredisi,4,6,2,Sigorta kolaylığı; Özel müşteri temsilcisi,Kendi sigortacısının olması / Tanıdık acente olması,%26 - %50,2,33.3,0,0
CSI-NCR-00111,Kredi Kullanmayan Müşteri,Stenos Auto_2025_CSI_KrediKullanmayanlar_Soru_Formu_v4-Final,2025-10-10,Stenos İzmir Bornova,İzmir,Ege Bölgesi,Özdeş Türk,Otomobil-Binek,Retail,56,Kadın,50.001 - 85.000 TL,2,Kendi bankamın teklifi daha uygundu,Kendi bankamın teklifi daha uygundu,AlBaraka; Denizbank; HSBC Bank,AlBaraka,Rakip Kuruluş Kredisi,6,7,2,Sigorta kolaylığı,Kendi sigortacısının olması / Tanıdık acente olması; Sigorta şirketi memnuniyetsizliği,%51 - %75,1,55.6,0,1
CSI-NCR-00112,Kredi Kullanmayan Müşteri,Stenos Auto_2025_CSI_KrediKullanmayanlar_Soru_Formu_v4-Final,2026-02-17,Stenos Diyarbakır Kayapınar,Diyarbakır,Güney Doğu Anadolu Bölgesi,Atalay Türk,Otomobil-Binek,Retail,35,Erkek,25.001 - 50.000 TL,2,Yeterli kredi limiti / onay alamadım,Yeterli kredi limiti / onay alamadım,Kuveyt Türk; Burgan Bank; TEB (Türk Ekonomi Bankası),Kuveyt Türk,Rakip Kuruluş Kredisi,3,10,2,Ödeme tatili / Ödemesiz dönem,Kendi sigortacısının olması / Tanıdık acente olması; Servis hizmet memnuniyetsizliği,%0 -%25,1,22.2,0,0
CSI-NCR-00113,Kredi Kullanmayan Müşteri,Stenos Auto_2025_CSI_KrediKullanmayanlar_Soru_Formu_v4-Final,2025-06-22,Stenos Antalya Muratpaşa,Antalya,Akdeniz Bölgesi,Gülözge Öcalan,Otomobil-Binek,Retail,59,Erkek,50.001 - 85.000 TL,2,Faiz oranları yüksek geldi,Faiz oranları yüksek geldi,Burgan Bank; Akbank,Burgan Bank,Rakip Kuruluş Kredisi,7,8,2,Vade seçenekleri,Servis hizmet memnuniyetsizliği; Kendi sigortacısının olması / Tanıdık acente olması,%76 - %100,1,66.7,0,1
CSI-NCR-00114,Kredi Kullanmayan Müşteri,Stenos Auto_2025_CSI_KrediKullanmayanlar_Soru_Formu_v4-Final,2025-08-23,Stenos Samsun İlkadım,Samsun,Karadeniz Bölgesi,Yrd. Doç. Asu Tercan Akgündüz,Otomobil-Binek,Retail,48,Kadın,50.001 - 85.000 TL,2,Borçlanmak istemedim / mevcut kredi yüküm vardı,Borçlanmak istemedim / mevcut kredi yüküm vardı,Ziraat Bankası; İş Bankası,Henüz kredi kullanmadım,Nakit / Havale,6,10,1,Online store; İşlem masrafı,Kendi sigortacısının olması / Tanıdık acente olması,%26 - %50,1,55.6,0,0
CSI-NCR-00115,Kredi Kullanmayan Müşteri,Stenos Auto_2025_CSI_KrediKullanmayanlar_Soru_Formu_v4-Final,2026-02-16,Stenos Kayseri Melikgazi,Kayseri,İç Anadolu Bölgesi,Menişan Süner Yüksel,Otomobil-Binek,Retail,50,Erkek,50.001 - 85.000 TL,2,Faiz oranları yüksek geldi,Faiz oranları yüksek geldi,Denizbank; Kuveyt Türk; Ziraat Bankası; Vakıflar Bankası,Denizbank,Rakip Kuruluş Kredisi,8,8,1,Online store; Ödeme tatili / Ödemesiz dönem,Servis hizmet memnuniyetsizliği,%76 - %100,1,77.8,0,1
CSI-NCR-00116,Kredi Kullanmayan Müşteri,Stenos Auto_2025_CSI_KrediKullanmayanlar_Soru_Formu_v4-Final,2025-04-09,Stenos İstanbul Kadıköy,İstanbul,Marmara Bölgesi,Melaha Ertaş Erdoğan,Otomobil-Binek,Filo,47,Erkek,150.000 TL üzeri,2,Borçlanmak istemedim / mevcut kredi yüküm vardı,Borçlanmak istemedim / mevcut kredi yüküm vardı,HSBC Bank,Henüz kredi kullanmadım,Nakit / Havale,7,7,1,İşlem masrafı,Sigorta şirketi memnuniyetsizliği; Servis hizmet memnuniyetsizliği,%51 - %75,1,66.7,0,1
CSI-NCR-00117,Kredi Kullanmayan Müşteri,Stenos Auto_2025_CSI_KrediKullanmayanlar_Soru_Formu_v4-Final,2025-10-17,Stenos Malatya Battalgazi,Malatya,Doğu Anadolu Bölgesi,Boynak Meşhur Seven,Otomobil-Binek,Retail,38,Kadın,85.001 - 150.000 TL,2,Faiz oranları yüksek geldi,Faiz oranları yüksek geldi,Alternatifbank; Ziraat Bankası; Burgan Bank; Türkiye Finans,Alternatifbank,Rakip Kuruluş Kredisi,3,4,2,Ödeme tatili / Ödemesiz dönem; Vade seçenekleri,Servis hizmet memnuniyetsizliği,%26 - %50,1,22.2,0,0
CSI-NCR-00118,Kredi Kullanmayan Müşteri,Stenos Auto_2025_CSI_KrediKullanmayanlar_Soru_Formu_v4-Final,2025-04-17,Stenos Erzurum Yakutiye,Erzurum,Doğu Anadolu Bölgesi,Öğr. Gülseren Şama Tevetoğlu,Otomobil-Binek,Retail,35,Erkek,50.001 - 85.000 TL,2,Nakit alımı tercih ettim,Nakit alımı tercih ettim,Kuveyt Türk,Henüz kredi kullanmadım,Nakit / Havale,7,9,2,İşlem masrafı; Online store; Özel müşteri temsilcisi,Kendi sigortacısının olması / Tanıdık acente olması,%51 - %75,1,66.7,0,1
CSI-NCR-00119,Kredi Kullanmayan Müşteri,Stenos Auto_2025_CSI_KrediKullanmayanlar_Soru_Formu_v4-Final,2025-01-30,Stenos Denizli Merkezefendi,Denizli,Ege Bölgesi,Gözel Bilge,Otomobil-Binek,Filo,25,Erkek,25.000 TL altı,2,Yeterli kredi limiti / onay alamadım,Yeterli kredi limiti / onay alamadım,QNB Fibabank; Vakıflar Bankası; Şekerbank; Akbank,QNB Fibabank,Rakip Kuruluş Kredisi,6,9,2,Online store; Sigorta kolaylığı,Servis hizmet memnuniyetsizliği,%51 - %75,1,55.6,0,1
CSI-NCR-00120,Kredi Kullanmayan Müşteri,Stenos Auto_2025_CSI_KrediKullanmayanlar_Soru_Formu_v4-Final,2026-01-12,Stenos Antalya Muratpaşa,Antalya,Akdeniz Bölgesi,Nazi Gülen,Otomobil-Binek,Filo,60,Kadın,85.001 - 150.000 TL,2,Faiz oranları yüksek geldi,Faiz oranları yüksek geldi,QNB Fibabank; Kuveyt Türk; ING,QNB Fibabank,Rakip Kuruluş Kredisi,7,10,1,Vade seçenekleri; Özel müşteri temsilcisi,Sigorta şirketi memnuniyetsizliği; Kendi sigortacısının olması / Tanıdık acente olması,%26 - %50,1,66.7,0,0
CSI-NCR-00121,Kredi Kullanmayan Müşteri,Stenos Auto_2025_CSI_KrediKullanmayanlar_Soru_Formu_v4-Final,2026-02-10,Stenos Trabzon Ortahisar,Trabzon,Karadeniz Bölgesi,Çetinsu Arsoy,Otomobil-Binek,Retail,41,Erkek,150.000 TL üzeri,2,Faiz oranları yüksek geldi,Faiz oranları yüksek geldi,AlBaraka; ING; Türkiye Finans,AlBaraka,Rakip Kuruluş Kredisi,5,8,1,Özel müşteri temsilcisi; Sigorta kolaylığı,Kendi sigortacısının olması / Tanıdık acente olması; Sigorta şirketi memnuniyetsizliği,%51 - %75,1,44.4,0,1
CSI-NCR-00122,Kredi Kullanmayan Müşteri,Stenos Auto_2025_CSI_KrediKullanmayanlar_Soru_Formu_v4-Final,2026-06-23,Stenos Erzurum Yakutiye,Erzurum,Doğu Anadolu Bölgesi,Gümüştekin Eral Ertaş Demir,Otomobil-Binek,Filo,35,Erkek,50.001 - 85.000 TL,2,Faiz oranları yüksek geldi,Faiz oranları yüksek geldi,Yapı ve Kredi Bankası; Kuveyt Türk; Şekerbank; Denizbank,Yapı ve Kredi Bankası,Rakip Kuruluş Kredisi,9,5,1,Vade seçenekleri; İşlem masrafı,Kendi sigortacısının olması / Tanıdık acente olması,%51 - %75,1,88.9,1,1
CSI-NCR-00123,Kredi Kullanmayan Müşteri,Stenos Auto_2025_CSI_KrediKullanmayanlar_Soru_Formu_v4-Final,2025-04-20,Stenos Antalya Muratpaşa,Antalya,Akdeniz Bölgesi,Serda Yüksel,Otomobil-Binek,Retail,56,Kadın,85.001 - 150.000 TL,2,Faiz oranları yüksek geldi,Faiz oranları yüksek geldi,Kuveyt Türk; QNB Fibabank; OdeaBank,Kuveyt Türk,Rakip Kuruluş Kredisi,8,7,1,Ödeme tatili / Ödemesiz dönem,Sigorta şirketi memnuniyetsizliği; Kendi sigortacısının olması / Tanıdık acente olması,%76 - %100,1,77.8,0,1
CSI-NCR-00124,Kredi Kullanmayan Müşteri,Stenos Auto_2025_CSI_KrediKullanmayanlar_Soru_Formu_v4-Final,2026-02-12,Stenos Gaziantep Şahinbey,Gaziantep,Güney Doğu Anadolu Bölgesi,Aytek Yorulmaz,Otomobil-Binek,Retail,58,Erkek,50.001 - 85.000 TL,2,Faiz oranları yüksek geldi,Faiz oranları yüksek geldi,Yapı ve Kredi Bankası; ING; Anadolubank; Akbank,Yapı ve Kredi Bankası,Rakip Kuruluş Kredisi,9,8,2,Online store; Ödeme tatili / Ödemesiz dönem,Kendi sigortacısının olması / Tanıdık acente olması; Servis hizmet memnuniyetsizliği,%76 - %100,1,88.9,1,1
CSI-NCR-00125,Kredi Kullanmayan Müşteri,Stenos Auto_2025_CSI_KrediKullanmayanlar_Soru_Formu_v4-Final,2026-06-01,Stenos Malatya Battalgazi,Malatya,Doğu Anadolu Bölgesi,Nurveren Şöhret Seven,Hafif Ticari,Retail,54,Erkek,85.001 - 150.000 TL,2,Yeterli kredi limiti / onay alamadım,Yeterli kredi limiti / onay alamadım,Akbank; Garanti Bankası; AlBaraka,Akbank,Rakip Kuruluş Kredisi,7,8,2,Ödeme tatili / Ödemesiz dönem; İşlem masrafı; Özel müşteri temsilcisi,Servis hizmet memnuniyetsizliği,%51 - %75,1,66.7,0,1
CSI-NCR-00126,Kredi Kullanmayan Müşteri,Stenos Auto_2025_CSI_KrediKullanmayanlar_Soru_Formu_v4-Final,2025-12-22,Stenos Erzurum Yakutiye,Erzurum,Doğu Anadolu Bölgesi,Av. Bozerk Üzer Hayrioğlu,Otomobil-Binek,Retail,42,Kadın,25.001 - 50.000 TL,2,Faiz oranları yüksek geldi,Faiz oranları yüksek geldi,Akbank; OdeaBank; HSBC Bank; Finans Bank,Akbank,Rakip Kuruluş Kredisi,10,8,2,Vade seçenekleri,Sigorta şirketi memnuniyetsizliği,%76 - %100,1,100.0,1,1
CSI-NCR-00127,Kredi Kullanmayan Müşteri,Stenos Auto_2025_CSI_KrediKullanmayanlar_Soru_Formu_v4-Final,2026-06-23,Stenos Antalya Muratpaşa,Antalya,Akdeniz Bölgesi,Gülev İnönü,Otomobil-Binek,Retail,40,Kadın,50.001 - 85.000 TL,2,Kendi bankamın teklifi daha uygundu,Kendi bankamın teklifi daha uygundu,Anadolubank; TEB (Türk Ekonomi Bankası); AlBaraka,Anadolubank,Rakip Kuruluş Kredisi,9,10,2,Vade seçenekleri,Kendi sigortacısının olması / Tanıdık acente olması; Servis hizmet memnuniyetsizliği,%76 - %100,2,88.9,1,1
CSI-NCR-00128,Kredi Kullanmayan Müşteri,Stenos Auto_2025_CSI_KrediKullanmayanlar_Soru_Formu_v4-Final,2026-06-28,Stenos Denizli Merkezefendi,Denizli,Ege Bölgesi,Öğr. Paker Ertaş,Hafif Ticari,Retail,51,Erkek,85.001 - 150.000 TL,2,Kendi bankamın teklifi daha uygundu,Kendi bankamın teklifi daha uygundu,İş Bankası; Şekerbank; Denizbank,İş Bankası,Rakip Kuruluş Kredisi,4,8,1,Özel müşteri temsilcisi; Online store; İşlem masrafı,Servis hizmet memnuniyetsizliği; Kendi sigortacısının olması / Tanıdık acente olması,%51 - %75,1,33.3,0,1
CSI-NCR-00129,Kredi Kullanmayan Müşteri,Stenos Auto_2025_CSI_KrediKullanmayanlar_Soru_Formu_v4-Final,2026-03-16,Stenos Kayseri Melikgazi,Kayseri,İç Anadolu Bölgesi,Çev. Tercan Yıldırım Çorlu,Otomobil-Binek,Retail,35,Kadın,150.000 TL üzeri,2,Kendi bankamın teklifi daha uygundu,Kendi bankamın teklifi daha uygundu,TEB (Türk Ekonomi Bankası); İş Bankası; Alternatifbank,Alternatifbank,Rakip Kuruluş Kredisi,6,5,2,Sigorta kolaylığı; Ödeme tatili / Ödemesiz dönem; Vade seçenekleri,Kendi sigortacısının olması / Tanıdık acente olması; Sigorta şirketi memnuniyetsizliği,%76 - %100,1,55.6,0,1
CSI-NCR-00130,Kredi Kullanmayan Müşteri,Stenos Auto_2025_CSI_KrediKullanmayanlar_Soru_Formu_v4-Final,2026-06-16,Stenos Trabzon Ortahisar,Trabzon,Karadeniz Bölgesi,Tülin Ertaş Yüksel,Otomobil-Binek,Filo,49,Erkek,25.001 - 50.000 TL,2,Kendi bankamın teklifi daha uygundu,Kendi bankamın teklifi daha uygundu,Burgan Bank; Alternatifbank,Burgan Bank,Rakip Kuruluş Kredisi,9,10,2,Sigorta kolaylığı,Kendi sigortacısının olması / Tanıdık acente olması,%26 - %50,1,88.9,1,0
CSI-NCR-00131,Kredi Kullanmayan Müşteri,Stenos Auto_2025_CSI_KrediKullanmayanlar_Soru_Formu_v4-Final,2025-12-07,Stenos İstanbul Maslak,İstanbul,Marmara Bölgesi,Siper Ergül,Otomobil-Binek,Retail,42,Erkek,85.001 - 150.000 TL,2,Faiz oranları yüksek geldi,Faiz oranları yüksek geldi,HSBC Bank; TEB (Türk Ekonomi Bankası); OdeaBank; Türkiye Finans,HSBC Bank,Rakip Kuruluş Kredisi,6,8,2,Özel müşteri temsilcisi; Ödeme tatili / Ödemesiz dönem; İşlem masrafı,Kendi sigortacısının olması / Tanıdık acente olması,%0 -%25,2,55.6,0,0
CSI-NCR-00132,Kredi Kullanmayan Müşteri,Stenos Auto_2025_CSI_KrediKullanmayanlar_Soru_Formu_v4-Final,2025-09-14,Stenos Gaziantep Şahinbey,Gaziantep,Güney Doğu Anadolu Bölgesi,Aliihsan Fatih Soylu,Otomobil-Binek,Retail,45,Erkek,25.001 - 50.000 TL,2,Yeterli kredi limiti / onay alamadım,Yeterli kredi limiti / onay alamadım,Şekerbank; HSBC Bank; İş Bankası; Türkiye Finans,Şekerbank,Rakip Kuruluş Kredisi,3,8,2,İşlem masrafı; Ödeme tatili / Ödemesiz dönem,Kendi sigortacısının olması / Tanıdık acente olması,%26 - %50,2,22.2,0,0
CSI-NCR-00133,Kredi Kullanmayan Müşteri,Stenos Auto_2025_CSI_KrediKullanmayanlar_Soru_Formu_v4-Final,2026-05-01,Stenos Diyarbakır Kayapınar,Diyarbakır,Güney Doğu Anadolu Bölgesi,Çev. Zehranur Yılmaz Akdeniz,Otomobil-Binek,Retail,35,Kadın,25.001 - 50.000 TL,2,Yeterli kredi limiti / onay alamadım,Yeterli kredi limiti / onay alamadım,ING; Ziraat Bankası,ING,Rakip Kuruluş Kredisi,6,8,1,Vade seçenekleri; Ödeme tatili / Ödemesiz dönem; İşlem masrafı,Servis hizmet memnuniyetsizliği,%26 - %50,2,55.6,0,0
CSI-NCR-00134,Kredi Kullanmayan Müşteri,Stenos Auto_2025_CSI_KrediKullanmayanlar_Soru_Formu_v4-Final,2026-04-16,Stenos Trabzon Ortahisar,Trabzon,Karadeniz Bölgesi,Memili Bellisan Akgündüz Eraslan,Hafif Ticari,Retail,47,Erkek,85.001 - 150.000 TL,2,Nakit alımı tercih ettim,Nakit alımı tercih ettim,Garanti Bankası; TEB (Türk Ekonomi Bankası),Henüz kredi kullanmadım,Nakit / Havale,9,6,1,Sigorta kolaylığı; Online store,Servis hizmet memnuniyetsizliği; Sigorta şirketi memnuniyetsizliği,%76 - %100,1,88.9,1,1
CSI-NCR-00135,Kredi Kullanmayan Müşteri,Stenos Auto_2025_CSI_KrediKullanmayanlar_Soru_Formu_v4-Final,2025-02-20,Stenos İstanbul Kadıköy,İstanbul,Marmara Bölgesi,Rahiye Neşrin Türk Gülen,Hafif Ticari,Retail,48,Kadın,50.001 - 85.000 TL,2,Faiz oranları yüksek geldi,Faiz oranları yüksek geldi,Denizbank; İş Bankası; TEB (Türk Ekonomi Bankası); Burgan Bank,Denizbank,Rakip Kuruluş Kredisi,4,7,2,İşlem masrafı; Sigorta kolaylığı; Online store,Kendi sigortacısının olması / Tanıdık acente olması; Servis hizmet memnuniyetsizliği,%26 - %50,1,33.3,0,0
CSI-NCR-00136,Kredi Kullanmayan Müşteri,Stenos Auto_2025_CSI_KrediKullanmayanlar_Soru_Formu_v4-Final,2025-05-25,Stenos Trabzon Ortahisar,Trabzon,Karadeniz Bölgesi,Serda Selaheddin Akar,Hafif Ticari,Retail,58,Erkek,50.001 - 85.000 TL,2,Nakit alımı tercih ettim,Nakit alımı tercih ettim,Kuveyt Türk; Akbank; HSBC Bank,Henüz kredi kullanmadım,Nakit / Havale,8,6,1,Online store; Ödeme tatili / Ödemesiz dönem; Vade seçenekleri,Servis hizmet memnuniyetsizliği; Sigorta şirketi memnuniyetsizliği,%76 - %100,1,77.8,0,1
CSI-NCR-00137,Kredi Kullanmayan Müşteri,Stenos Auto_2025_CSI_KrediKullanmayanlar_Soru_Formu_v4-Final,2025-05-21,Stenos Malatya Battalgazi,Malatya,Doğu Anadolu Bölgesi,Çağlar Mahter Erdoğan Kısakürek,Otomobil-Binek,Retail,37,Kadın,150.000 TL üzeri,2,Borçlanmak istemedim / mevcut kredi yüküm vardı,Borçlanmak istemedim / mevcut kredi yüküm vardı,OdeaBank; İş Bankası,Henüz kredi kullanmadım,Nakit / Havale,6,9,2,Vade seçenekleri,Sigorta şirketi memnuniyetsizliği; Kendi sigortacısının olması / Tanıdık acente olması,%26 - %50,1,55.6,0,0
CSI-NCR-00138,Kredi Kullanmayan Müşteri,Stenos Auto_2025_CSI_KrediKullanmayanlar_Soru_Formu_v4-Final,2026-04-25,Stenos İstanbul Maslak,İstanbul,Marmara Bölgesi,Prof. Zümre Lerze Alemdar Mansız,Otomobil-Binek,Filo,35,Kadın,150.000 TL üzeri,2,Nakit alımı tercih ettim,Nakit alımı tercih ettim,Burgan Bank; Yapı ve Kredi Bankası,Henüz kredi kullanmadım,Nakit / Havale,6,9,1,Vade seçenekleri,Kendi sigortacısının olması / Tanıdık acente olması,%51 - %75,1,55.6,0,1
CSI-NCR-00139,Kredi Kullanmayan Müşteri,Stenos Auto_2025_CSI_KrediKullanmayanlar_Soru_Formu_v4-Final,2025-04-20,Stenos İstanbul Maslak,İstanbul,Marmara Bölgesi,Başok Aytek Gülen Arsoy,Otomobil-Binek,Retail,35,Erkek,50.001 - 85.000 TL,2,Borçlanmak istemedim / mevcut kredi yüküm vardı,Borçlanmak istemedim / mevcut kredi yüküm vardı,QNB Fibabank; Yapı ve Kredi Bankası,Henüz kredi kullanmadım,Nakit / Havale,6,9,1,Sigorta kolaylığı,Kendi sigortacısının olması / Tanıdık acente olması,%26 - %50,1,55.6,0,0
CSI-NCR-00140,Kredi Kullanmayan Müşteri,Stenos Auto_2025_CSI_KrediKullanmayanlar_Soru_Formu_v4-Final,2025-05-25,Stenos İstanbul Maslak,İstanbul,Marmara Bölgesi,Ömriye Akça,Hafif Ticari,Retail,47,Erkek,50.001 - 85.000 TL,2,Faiz oranları yüksek geldi,Faiz oranları yüksek geldi,Şekerbank; Kuveyt Türk; Yapı ve Kredi Bankası,Şekerbank,Rakip Kuruluş Kredisi,5,7,1,Vade seçenekleri; Online store; Sigorta kolaylığı,Kendi sigortacısının olması / Tanıdık acente olması,%0 -%25,1,44.4,0,0
CSI-NCR-00141,Kredi Kullanmayan Müşteri,Stenos Auto_2025_CSI_KrediKullanmayanlar_Soru_Formu_v4-Final,2025-10-14,Stenos Ankara Çankaya,Ankara,İç Anadolu Bölgesi,Evrim Gülmisal Tevetoğlu Zorlu,Hafif Ticari,Retail,36,Erkek,85.001 - 150.000 TL,2,Nakit alımı tercih ettim,Nakit alımı tercih ettim,İş Bankası; QNB Fibabank; Halk Bankası,Henüz kredi kullanmadım,Nakit / Havale,8,10,2,Özel müşteri temsilcisi; Sigorta kolaylığı,Kendi sigortacısının olması / Tanıdık acente olması; Sigorta şirketi memnuniyetsizliği,%26 - %50,2,77.8,0,0
CSI-NCR-00142,Kredi Kullanmayan Müşteri,Stenos Auto_2025_CSI_KrediKullanmayanlar_Soru_Formu_v4-Final,2025-02-17,Stenos Diyarbakır Kayapınar,Diyarbakır,Güney Doğu Anadolu Bölgesi,Tomurcuk Türk Türk,Hafif Ticari,Retail,28,Erkek,85.001 - 150.000 TL,2,Faiz oranları yüksek geldi,Faiz oranları yüksek geldi,Yapı ve Kredi Bankası; Türkiye Finans; Şekerbank,Yapı ve Kredi Bankası,Rakip Kuruluş Kredisi,8,6,2,Özel müşteri temsilcisi,Kendi sigortacısının olması / Tanıdık acente olması; Servis hizmet memnuniyetsizliği,%76 - %100,1,77.8,0,1
CSI-NCR-00143,Kredi Kullanmayan Müşteri,Stenos Auto_2025_CSI_KrediKullanmayanlar_Soru_Formu_v4-Final,2026-06-20,Stenos Gaziantep Şahinbey,Gaziantep,Güney Doğu Anadolu Bölgesi,Beren Yayak Şama,Hafif Ticari,Filo,46,Erkek,50.001 - 85.000 TL,2,Faiz oranları yüksek geldi,Faiz oranları yüksek geldi,Vakıflar Bankası; Ziraat Bankası; Burgan Bank; Şekerbank,Vakıflar Bankası,Rakip Kuruluş Kredisi,5,10,2,Özel müşteri temsilcisi; Vade seçenekleri; Online store,Sigorta şirketi memnuniyetsizliği; Kendi sigortacısının olması / Tanıdık acente olması,%26 - %50,1,44.4,0,0
CSI-NCR-00144,Kredi Kullanmayan Müşteri,Stenos Auto_2025_CSI_KrediKullanmayanlar_Soru_Formu_v4-Final,2025-09-18,Stenos İstanbul Kadıköy,İstanbul,Marmara Bölgesi,Arş. Gör. Sevgen Manço Tevetoğlu,Otomobil-Binek,Retail,39,Erkek,25.001 - 50.000 TL,2,Faiz oranları yüksek geldi,Faiz oranları yüksek geldi,Türkiye Finans; Alternatifbank; Akbank,Türkiye Finans,Rakip Kuruluş Kredisi,4,10,1,Online store; Ödeme tatili / Ödemesiz dönem,Kendi sigortacısının olması / Tanıdık acente olması; Sigorta şirketi memnuniyetsizliği,%26 - %50,1,33.3,0,0
CSI-NCR-00145,Kredi Kullanmayan Müşteri,Stenos Auto_2025_CSI_KrediKullanmayanlar_Soru_Formu_v4-Final,2025-04-18,Stenos Erzurum Yakutiye,Erzurum,Doğu Anadolu Bölgesi,Günşen İhsanoğlu,Otomobil-Binek,Filo,45,Kadın,85.001 - 150.000 TL,2,Nakit alımı tercih ettim,Nakit alımı tercih ettim,Akbank,Henüz kredi kullanmadım,Nakit / Havale,9,7,1,Vade seçenekleri; Sigorta kolaylığı; İşlem masrafı,Sigorta şirketi memnuniyetsizliği; Kendi sigortacısının olması / Tanıdık acente olması,%51 - %75,1,88.9,1,1
CSI-NCR-00146,Kredi Kullanmayan Müşteri,Stenos Auto_2025_CSI_KrediKullanmayanlar_Soru_Formu_v4-Final,2025-05-25,Stenos Antalya Muratpaşa,Antalya,Akdeniz Bölgesi,Feyzin Gülen,Otomobil-Binek,Retail,43,Erkek,50.001 - 85.000 TL,2,Faiz oranları yüksek geldi,Faiz oranları yüksek geldi,AlBaraka; Denizbank,AlBaraka,Rakip Kuruluş Kredisi,7,9,2,Vade seçenekleri; Özel müşteri temsilcisi,Sigorta şirketi memnuniyetsizliği,%76 - %100,1,66.7,0,1
CSI-NCR-00147,Kredi Kullanmayan Müşteri,Stenos Auto_2025_CSI_KrediKullanmayanlar_Soru_Formu_v4-Final,2026-03-08,Stenos Malatya Battalgazi,Malatya,Doğu Anadolu Bölgesi,İzel Nades Zorlu,Otomobil-Binek,Retail,49,Kadın,50.001 - 85.000 TL,2,Kendi bankamın teklifi daha uygundu,Kendi bankamın teklifi daha uygundu,Ziraat Bankası; TEB (Türk Ekonomi Bankası); Burgan Bank; Anadolubank,Ziraat Bankası,Rakip Kuruluş Kredisi,6,5,2,İşlem masrafı; Sigorta kolaylığı; Ödeme tatili / Ödemesiz dönem,Sigorta şirketi memnuniyetsizliği; Kendi sigortacısının olması / Tanıdık acente olması,%51 - %75,1,55.6,0,1
CSI-NCR-00148,Kredi Kullanmayan Müşteri,Stenos Auto_2025_CSI_KrediKullanmayanlar_Soru_Formu_v4-Final,2025-12-10,Stenos Denizli Merkezefendi,Denizli,Ege Bölgesi,Doç. Özbilge Hançer Güçlü,Otomobil-Binek,Filo,35,Erkek,85.001 - 150.000 TL,2,Yeterli kredi limiti / onay alamadım,Yeterli kredi limiti / onay alamadım,Yapı ve Kredi Bankası; Akbank; Halk Bankası; Alternatifbank,Yapı ve Kredi Bankası,Rakip Kuruluş Kredisi,4,6,1,Ödeme tatili / Ödemesiz dönem,Kendi sigortacısının olması / Tanıdık acente olması; Sigorta şirketi memnuniyetsizliği,%0 -%25,1,33.3,0,0
CSI-NCR-00149,Kredi Kullanmayan Müşteri,Stenos Auto_2025_CSI_KrediKullanmayanlar_Soru_Formu_v4-Final,2025-08-17,Stenos Samsun İlkadım,Samsun,Karadeniz Bölgesi,Kanak Şama,Hafif Ticari,Retail,34,Erkek,50.001 - 85.000 TL,2,Faiz oranları yüksek geldi,Faiz oranları yüksek geldi,Garanti Bankası; TEB (Türk Ekonomi Bankası),Garanti Bankası,Rakip Kuruluş Kredisi,7,7,1,Özel müşteri temsilcisi; Vade seçenekleri; Sigorta kolaylığı,Kendi sigortacısının olması / Tanıdık acente olması; Sigorta şirketi memnuniyetsizliği,%51 - %75,1,66.7,0,1
CSI-NCR-00150,Kredi Kullanmayan Müşteri,Stenos Auto_2025_CSI_KrediKullanmayanlar_Soru_Formu_v4-Final,2025-06-20,Stenos Ankara Çankaya,Ankara,İç Anadolu Bölgesi,Kızıltunç Siper Hançer Çetin,Otomobil-Binek,Retail,56,Erkek,25.001 - 50.000 TL,2,Yeterli kredi limiti / onay alamadım,Yeterli kredi limiti / onay alamadım,Kuveyt Türk; HSBC Bank; Ziraat Bankası,Kuveyt Türk,Rakip Kuruluş Kredisi,3,8,2,Sigorta kolaylığı,Kendi sigortacısının olması / Tanıdık acente olması,%76 - %100,1,22.2,0,1
CSI-NCR-00151,Kredi Kullanmayan Müşteri,Stenos Auto_2025_CSI_KrediKullanmayanlar_Soru_Formu_v4-Final,2026-05-16,Stenos Ankara Çankaya,Ankara,İç Anadolu Bölgesi,Sücaettin Güçlü,Hafif Ticari,Retail,38,Kadın,25.001 - 50.000 TL,2,Faiz oranları yüksek geldi,Faiz oranları yüksek geldi,ING; Burgan Bank; Garanti Bankası,ING,Rakip Kuruluş Kredisi,3,10,1,Vade seçenekleri; İşlem masrafı,Servis hizmet memnuniyetsizliği,%26 - %50,1,22.2,0,0
CSI-NCR-00152,Kredi Kullanmayan Müşteri,Stenos Auto_2025_CSI_KrediKullanmayanlar_Soru_Formu_v4-Final,2026-03-07,Stenos İzmir Bornova,İzmir,Ege Bölgesi,Üçgül Durdu,Otomobil-Binek,Retail,51,Erkek,150.000 TL üzeri,2,Nakit alımı tercih ettim,Nakit alımı tercih ettim,Türkiye Finans; Finans Bank,Henüz kredi kullanmadım,Nakit / Havale,8,8,2,Online store; İşlem masrafı,Kendi sigortacısının olması / Tanıdık acente olması,%26 - %50,1,77.8,0,0
CSI-NCR-00153,Kredi Kullanmayan Müşteri,Stenos Auto_2025_CSI_KrediKullanmayanlar_Soru_Formu_v4-Final,2026-02-24,Stenos Diyarbakır Kayapınar,Diyarbakır,Güney Doğu Anadolu Bölgesi,Doç. Aliseydi Siper Güçlü,Otomobil-Binek,Retail,30,Erkek,50.001 - 85.000 TL,2,Nakit alımı tercih ettim,Nakit alımı tercih ettim,Ziraat Bankası; OdeaBank,Henüz kredi kullanmadım,Nakit / Havale,8,7,2,Özel müşteri temsilcisi,Sigorta şirketi memnuniyetsizliği; Kendi sigortacısının olması / Tanıdık acente olması,%51 - %75,1,77.8,0,1
CSI-NCR-00154,Kredi Kullanmayan Müşteri,Stenos Auto_2025_CSI_KrediKullanmayanlar_Soru_Formu_v4-Final,2025-08-17,Stenos Denizli Merkezefendi,Denizli,Ege Bölgesi,Arş. Gör. Tekiner Gül,Otomobil-Binek,Retail,31,Erkek,50.001 - 85.000 TL,2,Faiz oranları yüksek geldi,Faiz oranları yüksek geldi,Ziraat Bankası; QNB Fibabank,Ziraat Bankası,Rakip Kuruluş Kredisi,5,7,1,Sigorta kolaylığı; İşlem masrafı; Online store,Servis hizmet memnuniyetsizliği; Kendi sigortacısının olması / Tanıdık acente olması,%51 - %75,1,44.4,0,1
CSI-NCR-00155,Kredi Kullanmayan Müşteri,Stenos Auto_2025_CSI_KrediKullanmayanlar_Soru_Formu_v4-Final,2026-06-14,Stenos İstanbul Maslak,İstanbul,Marmara Bölgesi,Fadıla Alemdar Tarhan,Otomobil-Binek,Retail,42,Erkek,85.001 - 150.000 TL,2,Faiz oranları yüksek geldi,Faiz oranları yüksek geldi,Halk Bankası; HSBC Bank; Akbank; Ziraat Bankası,Halk Bankası,Rakip Kuruluş Kredisi,8,10,1,Özel müşteri temsilcisi; Ödeme tatili / Ödemesiz dönem,Sigorta şirketi memnuniyetsizliği; Servis hizmet memnuniyetsizliği,%51 - %75,1,77.8,0,1
CSI-NCR-00156,Kredi Kullanmayan Müşteri,Stenos Auto_2025_CSI_KrediKullanmayanlar_Soru_Formu_v4-Final,2026-02-25,Stenos Denizli Merkezefendi,Denizli,Ege Bölgesi,Bay Serol Vezat Demir,Otomobil-Binek,Retail,37,Erkek,25.000 TL altı,2,Faiz oranları yüksek geldi,Faiz oranları yüksek geldi,ING; Vakıflar Bankası; Halk Bankası,ING,Rakip Kuruluş Kredisi,10,8,1,Ödeme tatili / Ödemesiz dönem,Servis hizmet memnuniyetsizliği,%76 - %100,1,100.0,1,1
CSI-NCR-00157,Kredi Kullanmayan Müşteri,Stenos Auto_2025_CSI_KrediKullanmayanlar_Soru_Formu_v4-Final,2025-08-14,Stenos Malatya Battalgazi,Malatya,Doğu Anadolu Bölgesi,Adlan Dumanlı,Otomobil-Binek,Retail,61,Erkek,50.001 - 85.000 TL,2,Faiz oranları yüksek geldi,Faiz oranları yüksek geldi,Garanti Bankası; Anadolubank,Garanti Bankası,Rakip Kuruluş Kredisi,8,8,2,İşlem masrafı; Vade seçenekleri,Sigorta şirketi memnuniyetsizliği; Kendi sigortacısının olması / Tanıdık acente olması,%51 - %75,2,77.8,0,1
CSI-NCR-00158,Kredi Kullanmayan Müşteri,Stenos Auto_2025_CSI_KrediKullanmayanlar_Soru_Formu_v4-Final,2026-06-05,Stenos Bursa Nilüfer,Bursa,Marmara Bölgesi,Rıfkıye Manço,Otomobil-Binek,Retail,57,Erkek,85.001 - 150.000 TL,2,Faiz oranları yüksek geldi,Faiz oranları yüksek geldi,Ziraat Bankası; Yapı ve Kredi Bankası; Türkiye Finans,Ziraat Bankası,Rakip Kuruluş Kredisi,4,7,1,Ödeme tatili / Ödemesiz dönem; Online store,Servis hizmet memnuniyetsizliği; Sigorta şirketi memnuniyetsizliği,%0 -%25,1,33.3,0,0
CSI-NCR-00159,Kredi Kullanmayan Müşteri,Stenos Auto_2025_CSI_KrediKullanmayanlar_Soru_Formu_v4-Final,2026-05-31,Stenos Denizli Merkezefendi,Denizli,Ege Bölgesi,Doç. Gülseren Revza Zorlu,Otomobil-Binek,Filo,40,Erkek,25.000 TL altı,2,Faiz oranları yüksek geldi,Faiz oranları yüksek geldi,Vakıflar Bankası; Halk Bankası; Türkiye Finans,Vakıflar Bankası,Rakip Kuruluş Kredisi,6,5,2,Sigorta kolaylığı; İşlem masrafı,Kendi sigortacısının olması / Tanıdık acente olması,%26 - %50,2,55.6,0,0
CSI-NCR-00160,Kredi Kullanmayan Müşteri,Stenos Auto_2025_CSI_KrediKullanmayanlar_Soru_Formu_v4-Final,2026-02-11,Stenos Erzurum Yakutiye,Erzurum,Doğu Anadolu Bölgesi,Av. Balca Demirel Yaman,Otomobil-Binek,Retail,32,Kadın,50.001 - 85.000 TL,2,Borçlanmak istemedim / mevcut kredi yüküm vardı,Borçlanmak istemedim / mevcut kredi yüküm vardı,Yapı ve Kredi Bankası; Kuveyt Türk,Henüz kredi kullanmadım,Nakit / Havale,7,7,1,Online store; İşlem masrafı; Sigorta kolaylığı,Sigorta şirketi memnuniyetsizliği,%51 - %75,1,66.7,0,1
CSI-NCR-00161,Kredi Kullanmayan Müşteri,Stenos Auto_2025_CSI_KrediKullanmayanlar_Soru_Formu_v4-Final,2026-03-28,Stenos İzmir Bornova,İzmir,Ege Bölgesi,Seha Hayrioğlu,Otomobil-Binek,Retail,64,Erkek,85.001 - 150.000 TL,2,Yeterli kredi limiti / onay alamadım,Yeterli kredi limiti / onay alamadım,Yapı ve Kredi Bankası; Akbank; Vakıflar Bankası; Anadolubank,Yapı ve Kredi Bankası,Rakip Kuruluş Kredisi,9,6,1,İşlem masrafı; Özel müşteri temsilcisi,Sigorta şirketi memnuniyetsizliği; Kendi sigortacısının olması / Tanıdık acente olması,%26 - %50,1,88.9,1,0
CSI-NCR-00162,Kredi Kullanmayan Müşteri,Stenos Auto_2025_CSI_KrediKullanmayanlar_Soru_Formu_v4-Final,2025-08-17,Stenos İstanbul Kadıköy,İstanbul,Marmara Bölgesi,Arş. Gör. Nurgil Hayrioğlu Akçay,Hafif Ticari,Retail,38,Erkek,50.001 - 85.000 TL,2,Borçlanmak istemedim / mevcut kredi yüküm vardı,Borçlanmak istemedim / mevcut kredi yüküm vardı,Burgan Bank; İş Bankası,Henüz kredi kullanmadım,Nakit / Havale,8,8,2,Ödeme tatili / Ödemesiz dönem; Vade seçenekleri; Sigorta kolaylığı,Servis hizmet memnuniyetsizliği; Sigorta şirketi memnuniyetsizliği,%51 - %75,1,77.8,0,1
CSI-NCR-00163,Kredi Kullanmayan Müşteri,Stenos Auto_2025_CSI_KrediKullanmayanlar_Soru_Formu_v4-Final,2025-09-08,Stenos İstanbul Kadıköy,İstanbul,Marmara Bölgesi,Arş. Gör. Natalia Zöhrehan Ergül Tarhan,Otomobil-Binek,Filo,30,Erkek,85.001 - 150.000 TL,2,Faiz oranları yüksek geldi,Faiz oranları yüksek geldi,QNB Fibabank; AlBaraka; TEB (Türk Ekonomi Bankası); ING,QNB Fibabank,Rakip Kuruluş Kredisi,6,7,1,Ödeme tatili / Ödemesiz dönem,Servis hizmet memnuniyetsizliği,%0 -%25,1,55.6,0,0
CSI-NCR-00164,Kredi Kullanmayan Müşteri,Stenos Auto_2025_CSI_KrediKullanmayanlar_Soru_Formu_v4-Final,2025-04-12,Stenos Samsun İlkadım,Samsun,Karadeniz Bölgesi,Şeref Güçlü,Hafif Ticari,Retail,31,Erkek,25.001 - 50.000 TL,2,Borçlanmak istemedim / mevcut kredi yüküm vardı,Borçlanmak istemedim / mevcut kredi yüküm vardı,Burgan Bank; ING; QNB Fibabank,Henüz kredi kullanmadım,Nakit / Havale,5,8,2,İşlem masrafı,Sigorta şirketi memnuniyetsizliği; Servis hizmet memnuniyetsizliği,%26 - %50,1,44.4,0,0
CSI-NCR-00165,Kredi Kullanmayan Müşteri,Stenos Auto_2025_CSI_KrediKullanmayanlar_Soru_Formu_v4-Final,2025-11-28,Stenos Kayseri Melikgazi,Kayseri,İç Anadolu Bölgesi,Erdibay Aslan,Otomobil-Binek,Retail,45,Erkek,50.001 - 85.000 TL,2,Faiz oranları yüksek geldi,Faiz oranları yüksek geldi,Vakıflar Bankası; ING; Kuveyt Türk; İş Bankası,Vakıflar Bankası,Rakip Kuruluş Kredisi,8,10,2,Online store; Özel müşteri temsilcisi; Ödeme tatili / Ödemesiz dönem,Kendi sigortacısının olması / Tanıdık acente olması,%76 - %100,1,77.8,0,1
CSI-NCR-00166,Kredi Kullanmayan Müşteri,Stenos Auto_2025_CSI_KrediKullanmayanlar_Soru_Formu_v4-Final,2025-06-29,Stenos Adana Seyhan,Adana,Akdeniz Bölgesi,Hadrey Melaha Öcalan,Hafif Ticari,Retail,42,Kadın,85.001 - 150.000 TL,2,Nakit alımı tercih ettim,Nakit alımı tercih ettim,Yapı ve Kredi Bankası; QNB Fibabank,Henüz kredi kullanmadım,Nakit / Havale,10,9,1,Online store,Kendi sigortacısının olması / Tanıdık acente olması; Servis hizmet memnuniyetsizliği,%51 - %75,1,100.0,1,1
CSI-NCR-00167,Kredi Kullanmayan Müşteri,Stenos Auto_2025_CSI_KrediKullanmayanlar_Soru_Formu_v4-Final,2025-06-05,Stenos Adana Seyhan,Adana,Akdeniz Bölgesi,Gülter Tan Hayrioğlu,Otomobil-Binek,Retail,38,Kadın,25.000 TL altı,2,Yeterli kredi limiti / onay alamadım,Yeterli kredi limiti / onay alamadım,Halk Bankası; AlBaraka,Halk Bankası,Rakip Kuruluş Kredisi,6,9,2,İşlem masrafı; Özel müşteri temsilcisi,Sigorta şirketi memnuniyetsizliği,%26 - %50,1,55.6,0,0
CSI-NCR-00168,Kredi Kullanmayan Müşteri,Stenos Auto_2025_CSI_KrediKullanmayanlar_Soru_Formu_v4-Final,2026-06-30,Stenos Malatya Battalgazi,Malatya,Doğu Anadolu Bölgesi,Okt. Örfiye İhsanoğlu İhsanoğlu,Hafif Ticari,Retail,21,Erkek,50.001 - 85.000 TL,2,Faiz oranları yüksek geldi,Faiz oranları yüksek geldi,ING; HSBC Bank; QNB Fibabank; Ziraat Bankası,ING,Rakip Kuruluş Kredisi,5,8,2,Online store,Kendi sigortacısının olması / Tanıdık acente olması; Sigorta şirketi memnuniyetsizliği,%26 - %50,1,44.4,0,0
CSI-NCR-00169,Kredi Kullanmayan Müşteri,Stenos Auto_2025_CSI_KrediKullanmayanlar_Soru_Formu_v4-Final,2025-03-27,Stenos Samsun İlkadım,Samsun,Karadeniz Bölgesi,Mahnaz Demir,Otomobil-Binek,Retail,46,Kadın,50.001 - 85.000 TL,2,Faiz oranları yüksek geldi,Faiz oranları yüksek geldi,İş Bankası; Türkiye Finans,İş Bankası,Rakip Kuruluş Kredisi,7,6,1,Vade seçenekleri,Kendi sigortacısının olması / Tanıdık acente olması,%51 - %75,1,66.7,0,1
CSI-NCR-00170,Kredi Kullanmayan Müşteri,Stenos Auto_2025_CSI_KrediKullanmayanlar_Soru_Formu_v4-Final,2026-04-20,Stenos İstanbul Maslak,İstanbul,Marmara Bölgesi,Peren Alemdar Ergül,Otomobil-Binek,Retail,34,Erkek,25.001 - 50.000 TL,2,Faiz oranları yüksek geldi,Faiz oranları yüksek geldi,Türkiye Finans; AlBaraka; Alternatifbank,Türkiye Finans,Rakip Kuruluş Kredisi,7,8,1,Özel müşteri temsilcisi,Kendi sigortacısının olması / Tanıdık acente olması; Servis hizmet memnuniyetsizliği,%76 - %100,1,66.7,0,1
CSI-NCR-00171,Kredi Kullanmayan Müşteri,Stenos Auto_2025_CSI_KrediKullanmayanlar_Soru_Formu_v4-Final,2025-05-06,Stenos İstanbul Kadıköy,İstanbul,Marmara Bölgesi,Fetullah Türk,Hafif Ticari,Retail,51,Erkek,50.001 - 85.000 TL,2,Yeterli kredi limiti / onay alamadım,Yeterli kredi limiti / onay alamadım,Alternatifbank; Anadolubank; ING,Alternatifbank,Rakip Kuruluş Kredisi,7,7,2,İşlem masrafı,Kendi sigortacısının olması / Tanıdık acente olması; Sigorta şirketi memnuniyetsizliği,%26 - %50,2,66.7,0,0
CSI-NCR-00172,Kredi Kullanmayan Müşteri,Stenos Auto_2025_CSI_KrediKullanmayanlar_Soru_Formu_v4-Final,2025-01-19,Stenos Ankara Çankaya,Ankara,İç Anadolu Bölgesi,Beste Nazimet İhsanoğlu,Hafif Ticari,Retail,58,Kadın,85.001 - 150.000 TL,2,Kendi bankamın teklifi daha uygundu,Kendi bankamın teklifi daha uygundu,Halk Bankası; İş Bankası; ING,Halk Bankası,Rakip Kuruluş Kredisi,8,4,1,Sigorta kolaylığı,Servis hizmet memnuniyetsizliği; Sigorta şirketi memnuniyetsizliği,%51 - %75,1,77.8,0,1
CSI-NCR-00173,Kredi Kullanmayan Müşteri,Stenos Auto_2025_CSI_KrediKullanmayanlar_Soru_Formu_v4-Final,2025-01-14,Stenos Kayseri Melikgazi,Kayseri,İç Anadolu Bölgesi,Dr. Ildız Söyler Bilir Akar,Hafif Ticari,Retail,49,Kadın,85.001 - 150.000 TL,2,Nakit alımı tercih ettim,Nakit alımı tercih ettim,Ziraat Bankası; OdeaBank,Henüz kredi kullanmadım,Nakit / Havale,7,10,2,Özel müşteri temsilcisi; Vade seçenekleri,Servis hizmet memnuniyetsizliği,%76 - %100,1,66.7,0,1
CSI-NCR-00174,Kredi Kullanmayan Müşteri,Stenos Auto_2025_CSI_KrediKullanmayanlar_Soru_Formu_v4-Final,2025-08-04,Stenos İzmir Bornova,İzmir,Ege Bölgesi,Özay Sezer,Otomobil-Binek,Retail,29,Erkek,85.001 - 150.000 TL,2,Nakit alımı tercih ettim,Nakit alımı tercih ettim,Denizbank; Garanti Bankası,Henüz kredi kullanmadım,Nakit / Havale,4,10,1,Online store; Sigorta kolaylığı,Kendi sigortacısının olması / Tanıdık acente olması,%0 -%25,1,33.3,0,0
CSI-NCR-00175,Kredi Kullanmayan Müşteri,Stenos Auto_2025_CSI_KrediKullanmayanlar_Soru_Formu_v4-Final,2025-08-31,Stenos İstanbul Kadıköy,İstanbul,Marmara Bölgesi,Ergül Sakarya,Hafif Ticari,Retail,55,Kadın,25.001 - 50.000 TL,2,Faiz oranları yüksek geldi,Faiz oranları yüksek geldi,Denizbank; Anadolubank; HSBC Bank; Vakıflar Bankası,Denizbank,Rakip Kuruluş Kredisi,5,10,1,Özel müşteri temsilcisi,Servis hizmet memnuniyetsizliği,%51 - %75,1,44.4,0,1
CSI-NCR-00176,Kredi Kullanmayan Müşteri,Stenos Auto_2025_CSI_KrediKullanmayanlar_Soru_Formu_v4-Final,2025-06-19,Stenos Trabzon Ortahisar,Trabzon,Karadeniz Bölgesi,Öğr. Aliihsan Tüzeer Akçay,Hafif Ticari,Retail,47,Kadın,25.001 - 50.000 TL,2,Yeterli kredi limiti / onay alamadım,Yeterli kredi limiti / onay alamadım,Türkiye Finans; Ziraat Bankası,Türkiye Finans,Rakip Kuruluş Kredisi,6,7,1,Sigorta kolaylığı; Vade seçenekleri; Online store,Servis hizmet memnuniyetsizliği,%0 -%25,1,55.6,0,0
CSI-NCR-00177,Kredi Kullanmayan Müşteri,Stenos Auto_2025_CSI_KrediKullanmayanlar_Soru_Formu_v4-Final,2026-01-04,Stenos Ankara Çankaya,Ankara,İç Anadolu Bölgesi,Dr. Elhan Alkor Sakarya,Otomobil-Binek,Filo,51,Kadın,25.001 - 50.000 TL,2,Yeterli kredi limiti / onay alamadım,Yeterli kredi limiti / onay alamadım,Akbank; Halk Bankası; HSBC Bank; Anadolubank,Akbank,Rakip Kuruluş Kredisi,8,10,1,Özel müşteri temsilcisi,Kendi sigortacısının olması / Tanıdık acente olması; Servis hizmet memnuniyetsizliği,%76 - %100,1,77.8,0,1
CSI-NCR-00178,Kredi Kullanmayan Müşteri,Stenos Auto_2025_CSI_KrediKullanmayanlar_Soru_Formu_v4-Final,2025-09-11,Stenos Samsun İlkadım,Samsun,Karadeniz Bölgesi,Okt. Solma Cemiyle Tarhan,Otomobil-Binek,Filo,33,Erkek,50.001 - 85.000 TL,2,Kendi bankamın teklifi daha uygundu,Kendi bankamın teklifi daha uygundu,OdeaBank; Vakıflar Bankası,OdeaBank,Rakip Kuruluş Kredisi,8,8,2,İşlem masrafı; Sigorta kolaylığı,Kendi sigortacısının olması / Tanıdık acente olması; Sigorta şirketi memnuniyetsizliği,%51 - %75,1,77.8,0,1
CSI-NCR-00179,Kredi Kullanmayan Müşteri,Stenos Auto_2025_CSI_KrediKullanmayanlar_Soru_Formu_v4-Final,2025-02-24,Stenos İstanbul Kadıköy,İstanbul,Marmara Bölgesi,Abdulsemet Durmuş,Otomobil-Binek,Retail,43,Erkek,25.000 TL altı,2,Yeterli kredi limiti / onay alamadım,Yeterli kredi limiti / onay alamadım,Denizbank; ING; Halk Bankası,Denizbank,Rakip Kuruluş Kredisi,6,9,1,Vade seçenekleri; Ödeme tatili / Ödemesiz dönem; Online store,Servis hizmet memnuniyetsizliği,%0 -%25,1,55.6,0,0
CSI-NCR-00180,Kredi Kullanmayan Müşteri,Stenos Auto_2025_CSI_KrediKullanmayanlar_Soru_Formu_v4-Final,2025-06-14,Stenos İstanbul Kadıköy,İstanbul,Marmara Bölgesi,Öğr. Tunguç İhsanoğlu,Otomobil-Binek,Filo,48,Erkek,50.001 - 85.000 TL,2,Nakit alımı tercih ettim,Nakit alımı tercih ettim,Akbank; Şekerbank,Henüz kredi kullanmadım,Nakit / Havale,8,8,2,Özel müşteri temsilcisi,Sigorta şirketi memnuniyetsizliği; Servis hizmet memnuniyetsizliği,%51 - %75,1,77.8,0,1
CSI-NCR-00181,Kredi Kullanmayan Müşteri,Stenos Auto_2025_CSI_KrediKullanmayanlar_Soru_Formu_v4-Final,2025-02-14,Stenos Trabzon Ortahisar,Trabzon,Karadeniz Bölgesi,Öğr. Gülnaziye İnönü Arslan,Otomobil-Binek,Retail,38,Erkek,50.001 - 85.000 TL,2,Yeterli kredi limiti / onay alamadım,Yeterli kredi limiti / onay alamadım,Burgan Bank; TEB (Türk Ekonomi Bankası),Burgan Bank,Rakip Kuruluş Kredisi,7,7,2,Vade seçenekleri; İşlem masrafı; Online store,Sigorta şirketi memnuniyetsizliği,%51 - %75,1,66.7,0,1
CSI-NCR-00182,Kredi Kullanmayan Müşteri,Stenos Auto_2025_CSI_KrediKullanmayanlar_Soru_Formu_v4-Final,2025-02-04,Stenos Erzurum Yakutiye,Erzurum,Doğu Anadolu Bölgesi,Macide Şensoy,Otomobil-Binek,Retail,42,Erkek,25.001 - 50.000 TL,2,Faiz oranları yüksek geldi,Faiz oranları yüksek geldi,QNB Fibabank; Yapı ve Kredi Bankası,QNB Fibabank,Rakip Kuruluş Kredisi,7,10,2,İşlem masrafı,Servis hizmet memnuniyetsizliği,%51 - %75,1,66.7,0,1
CSI-NCR-00183,Kredi Kullanmayan Müşteri,Stenos Auto_2025_CSI_KrediKullanmayanlar_Soru_Formu_v4-Final,2025-04-04,Stenos Diyarbakır Kayapınar,Diyarbakır,Güney Doğu Anadolu Bölgesi,Ökkaş Ayaydın Şensoy,Hafif Ticari,Retail,51,Erkek,85.001 - 150.000 TL,2,Nakit alımı tercih ettim,Nakit alımı tercih ettim,Ziraat Bankası,Henüz kredi kullanmadım,Nakit / Havale,10,9,2,Ödeme tatili / Ödemesiz dönem; Özel müşteri temsilcisi,Servis hizmet memnuniyetsizliği,%51 - %75,1,100.0,1,1
CSI-NCR-00184,Kredi Kullanmayan Müşteri,Stenos Auto_2025_CSI_KrediKullanmayanlar_Soru_Formu_v4-Final,2026-02-28,Stenos Antalya Muratpaşa,Antalya,Akdeniz Bölgesi,Arş. Gör. Zennun Yigit Akdeniz,Hafif Ticari,Filo,32,Erkek,25.001 - 50.000 TL,2,Faiz oranları yüksek geldi,Faiz oranları yüksek geldi,Kuveyt Türk; Şekerbank; Vakıflar Bankası; Türkiye Finans,Kuveyt Türk,Rakip Kuruluş Kredisi,7,6,2,Özel müşteri temsilcisi; Sigorta kolaylığı,Sigorta şirketi memnuniyetsizliği,%26 - %50,1,66.7,0,0
CSI-NCR-00185,Kredi Kullanmayan Müşteri,Stenos Auto_2025_CSI_KrediKullanmayanlar_Soru_Formu_v4-Final,2026-02-27,Stenos Kayseri Melikgazi,Kayseri,İç Anadolu Bölgesi,Cannur Ledün Akgündüz,Otomobil-Binek,Retail,28,Erkek,25.000 TL altı,2,Yeterli kredi limiti / onay alamadım,Yeterli kredi limiti / onay alamadım,Ziraat Bankası; Şekerbank; İş Bankası; Finans Bank,Ziraat Bankası,Rakip Kuruluş Kredisi,5,7,2,Sigorta kolaylığı,Servis hizmet memnuniyetsizliği; Sigorta şirketi memnuniyetsizliği,%51 - %75,1,44.4,0,1
CSI-NCR-00186,Kredi Kullanmayan Müşteri,Stenos Auto_2025_CSI_KrediKullanmayanlar_Soru_Formu_v4-Final,2026-04-03,Stenos İzmir Bornova,İzmir,Ege Bölgesi,Bay İşcan Gülen,Otomobil-Binek,Filo,57,Kadın,85.001 - 150.000 TL,2,Kendi bankamın teklifi daha uygundu,Kendi bankamın teklifi daha uygundu,AlBaraka; OdeaBank; Akbank,AlBaraka,Rakip Kuruluş Kredisi,9,4,2,Ödeme tatili / Ödemesiz dönem; Online store; Özel müşteri temsilcisi,Kendi sigortacısının olması / Tanıdık acente olması,%51 - %75,1,88.9,1,1
CSI-NCR-00187,Kredi Kullanmayan Müşteri,Stenos Auto_2025_CSI_KrediKullanmayanlar_Soru_Formu_v4-Final,2026-03-18,Stenos İstanbul Maslak,İstanbul,Marmara Bölgesi,Uz. Maksüde Akgündüz Türk,Otomobil-Binek,Retail,46,Erkek,25.001 - 50.000 TL,2,Faiz oranları yüksek geldi,Faiz oranları yüksek geldi,Akbank; Yapı ve Kredi Bankası,Akbank,Rakip Kuruluş Kredisi,8,8,2,Ödeme tatili / Ödemesiz dönem; Özel müşteri temsilcisi,Servis hizmet memnuniyetsizliği,%26 - %50,1,77.8,0,0
CSI-NCR-00188,Kredi Kullanmayan Müşteri,Stenos Auto_2025_CSI_KrediKullanmayanlar_Soru_Formu_v4-Final,2025-10-22,Stenos İstanbul Kadıköy,İstanbul,Marmara Bölgesi,Gençay Durdu,Otomobil-Binek,Retail,53,Erkek,50.001 - 85.000 TL,2,Faiz oranları yüksek geldi,Faiz oranları yüksek geldi,TEB (Türk Ekonomi Bankası); Burgan Bank,TEB (Türk Ekonomi Bankası),Rakip Kuruluş Kredisi,8,5,2,Online store,Sigorta şirketi memnuniyetsizliği; Kendi sigortacısının olması / Tanıdık acente olması,%51 - %75,1,77.8,0,1
CSI-NCR-00189,Kredi Kullanmayan Müşteri,Stenos Auto_2025_CSI_KrediKullanmayanlar_Soru_Formu_v4-Final,2025-06-27,Stenos Malatya Battalgazi,Malatya,Doğu Anadolu Bölgesi,Hakikat Fenni Ertaş Şensoy,Hafif Ticari,Filo,39,Erkek,85.001 - 150.000 TL,2,Faiz oranları yüksek geldi,Faiz oranları yüksek geldi,Garanti Bankası; Halk Bankası; Kuveyt Türk,Garanti Bankası,Rakip Kuruluş Kredisi,7,10,2,İşlem masrafı; Sigorta kolaylığı,Kendi sigortacısının olması / Tanıdık acente olması; Servis hizmet memnuniyetsizliği,%26 - %50,1,66.7,0,0
CSI-NCR-00190,Kredi Kullanmayan Müşteri,Stenos Auto_2025_CSI_KrediKullanmayanlar_Soru_Formu_v4-Final,2025-01-18,Stenos Adana Seyhan,Adana,Akdeniz Bölgesi,Uz. Tuğçe Ertaş Aslan,Otomobil-Binek,Retail,45,Erkek,50.001 - 85.000 TL,2,Yeterli kredi limiti / onay alamadım,Yeterli kredi limiti / onay alamadım,Türkiye Finans; QNB Fibabank,Türkiye Finans,Rakip Kuruluş Kredisi,5,10,1,İşlem masrafı; Vade seçenekleri; Özel müşteri temsilcisi,Sigorta şirketi memnuniyetsizliği; Kendi sigortacısının olması / Tanıdık acente olması,%76 - %100,1,44.4,0,1
CSI-NCR-00191,Kredi Kullanmayan Müşteri,Stenos Auto_2025_CSI_KrediKullanmayanlar_Soru_Formu_v4-Final,2025-12-27,Stenos İstanbul Kadıköy,İstanbul,Marmara Bölgesi,Ünsever Demir,Hafif Ticari,Retail,29,Erkek,50.001 - 85.000 TL,2,Kendi bankamın teklifi daha uygundu,Kendi bankamın teklifi daha uygundu,TEB (Türk Ekonomi Bankası); Akbank,TEB (Türk Ekonomi Bankası),Rakip Kuruluş Kredisi,9,7,2,Ödeme tatili / Ödemesiz dönem; İşlem masrafı; Online store,Kendi sigortacısının olması / Tanıdık acente olması,%76 - %100,1,88.9,1,1
CSI-NCR-00192,Kredi Kullanmayan Müşteri,Stenos Auto_2025_CSI_KrediKullanmayanlar_Soru_Formu_v4-Final,2025-05-04,Stenos Bursa Nilüfer,Bursa,Marmara Bölgesi,Feyzin Gül,Otomobil-Binek,Retail,47,Erkek,50.001 - 85.000 TL,2,Kendi bankamın teklifi daha uygundu,Kendi bankamın teklifi daha uygundu,Vakıflar Bankası; Garanti Bankası,Vakıflar Bankası,Rakip Kuruluş Kredisi,8,10,2,Online store,Kendi sigortacısının olması / Tanıdık acente olması; Sigorta şirketi memnuniyetsizliği,%51 - %75,1,77.8,0,1
CSI-NCR-00193,Kredi Kullanmayan Müşteri,Stenos Auto_2025_CSI_KrediKullanmayanlar_Soru_Formu_v4-Final,2025-05-01,Stenos Diyarbakır Kayapınar,Diyarbakır,Güney Doğu Anadolu Bölgesi,Dr. Irıs Gülder Yılmaz Korutürk,Otomobil-Binek,Retail,42,Erkek,150.000 TL üzeri,2,Kendi bankamın teklifi daha uygundu,Kendi bankamın teklifi daha uygundu,Burgan Bank; OdeaBank; HSBC Bank,Burgan Bank,Rakip Kuruluş Kredisi,4,7,1,Sigorta kolaylığı; Vade seçenekleri,Kendi sigortacısının olması / Tanıdık acente olması,%0 -%25,1,33.3,0,0
CSI-NCR-00194,Kredi Kullanmayan Müşteri,Stenos Auto_2025_CSI_KrediKullanmayanlar_Soru_Formu_v4-Final,2026-06-14,Stenos İstanbul Maslak,İstanbul,Marmara Bölgesi,Mehdiye Durdu,Otomobil-Binek,Retail,40,Kadın,50.001 - 85.000 TL,2,Faiz oranları yüksek geldi,Faiz oranları yüksek geldi,Anadolubank; İş Bankası; Şekerbank,Anadolubank,Rakip Kuruluş Kredisi,6,9,2,Online store,Kendi sigortacısının olması / Tanıdık acente olması,%0 -%25,1,55.6,0,0
CSI-NCR-00195,Kredi Kullanmayan Müşteri,Stenos Auto_2025_CSI_KrediKullanmayanlar_Soru_Formu_v4-Final,2025-04-08,Stenos Bursa Nilüfer,Bursa,Marmara Bölgesi,Cannur Mansız,Otomobil-Binek,Retail,44,Kadın,85.001 - 150.000 TL,2,Nakit alımı tercih ettim,Nakit alımı tercih ettim,Türkiye Finans; QNB Fibabank,Henüz kredi kullanmadım,Nakit / Havale,7,6,2,Özel müşteri temsilcisi,Kendi sigortacısının olması / Tanıdık acente olması; Sigorta şirketi memnuniyetsizliği,%26 - %50,1,66.7,0,0
CSI-NCR-00196,Kredi Kullanmayan Müşteri,Stenos Auto_2025_CSI_KrediKullanmayanlar_Soru_Formu_v4-Final,2025-01-24,Stenos Diyarbakır Kayapınar,Diyarbakır,Güney Doğu Anadolu Bölgesi,Salimet Zorlu Hayrioğlu,Otomobil-Binek,Retail,46,Erkek,50.001 - 85.000 TL,2,Faiz oranları yüksek geldi,Faiz oranları yüksek geldi,Şekerbank; Alternatifbank,Şekerbank,Rakip Kuruluş Kredisi,5,8,1,Vade seçenekleri; İşlem masrafı,Servis hizmet memnuniyetsizliği; Kendi sigortacısının olması / Tanıdık acente olması,%0 -%25,1,44.4,0,0
CSI-NCR-00197,Kredi Kullanmayan Müşteri,Stenos Auto_2025_CSI_KrediKullanmayanlar_Soru_Formu_v4-Final,2026-06-11,Stenos İstanbul Kadıköy,İstanbul,Marmara Bölgesi,Koçak Ülker,Otomobil-Binek,Retail,37,Erkek,25.000 TL altı,2,Yeterli kredi limiti / onay alamadım,Yeterli kredi limiti / onay alamadım,Finans Bank; Burgan Bank; Vakıflar Bankası,Finans Bank,Rakip Kuruluş Kredisi,8,6,2,Ödeme tatili / Ödemesiz dönem; Vade seçenekleri,Servis hizmet memnuniyetsizliği,%51 - %75,1,77.8,0,1
CSI-NCR-00198,Kredi Kullanmayan Müşteri,Stenos Auto_2025_CSI_KrediKullanmayanlar_Soru_Formu_v4-Final,2025-05-13,Stenos Gaziantep Şahinbey,Gaziantep,Güney Doğu Anadolu Bölgesi,Cezayir Berksay Güçlü Hayrioğlu,Hafif Ticari,Retail,54,Erkek,150.000 TL üzeri,2,Borçlanmak istemedim / mevcut kredi yüküm vardı,Borçlanmak istemedim / mevcut kredi yüküm vardı,İş Bankası; Halk Bankası,Henüz kredi kullanmadım,Nakit / Havale,6,5,2,Vade seçenekleri; Online store; Özel müşteri temsilcisi,Kendi sigortacısının olması / Tanıdık acente olması; Sigorta şirketi memnuniyetsizliği,%26 - %50,1,55.6,0,0
CSI-NCR-00199,Kredi Kullanmayan Müşteri,Stenos Auto_2025_CSI_KrediKullanmayanlar_Soru_Formu_v4-Final,2025-07-17,Stenos İzmir Bornova,İzmir,Ege Bölgesi,Bay Ermutlu Kayrabay Yüksel,Otomobil-Binek,Retail,27,Erkek,25.001 - 50.000 TL,2,Nakit alımı tercih ettim,Nakit alımı tercih ettim,AlBaraka,Henüz kredi kullanmadım,Nakit / Havale,7,10,1,Vade seçenekleri,Sigorta şirketi memnuniyetsizliği; Kendi sigortacısının olması / Tanıdık acente olması,%76 - %100,1,66.7,0,1
CSI-NCR-00200,Kredi Kullanmayan Müşteri,Stenos Auto_2025_CSI_KrediKullanmayanlar_Soru_Formu_v4-Final,2025-02-27,Stenos Bursa Nilüfer,Bursa,Marmara Bölgesi,Prof. Kerime Mümtaze Hançer Zengin,Hafif Ticari,Retail,59,Erkek,25.000 TL altı,2,Borçlanmak istemedim / mevcut kredi yüküm vardı,Borçlanmak istemedim / mevcut kredi yüküm vardı,İş Bankası; AlBaraka; Türkiye Finans,Henüz kredi kullanmadım,Nakit / Havale,5,9,1,Sigorta kolaylığı; İşlem masrafı,Sigorta şirketi memnuniyetsizliği,%26 - %50,1,44.4,0,0
CSI-NCR-00201,Kredi Kullanmayan Müşteri,Stenos Auto_2025_CSI_KrediKullanmayanlar_Soru_Formu_v4-Final,2025-07-03,Stenos Gaziantep Şahinbey,Gaziantep,Güney Doğu Anadolu Bölgesi,Ermutlu Şensoy,Otomobil-Binek,Retail,67,Erkek,50.001 - 85.000 TL,2,Kendi bankamın teklifi daha uygundu,Kendi bankamın teklifi daha uygundu,ING; Ziraat Bankası,ING,Rakip Kuruluş Kredisi,8,10,1,Sigorta kolaylığı; İşlem masrafı,Servis hizmet memnuniyetsizliği,%76 - %100,1,77.8,0,1
CSI-NCR-00202,Kredi Kullanmayan Müşteri,Stenos Auto_2025_CSI_KrediKullanmayanlar_Soru_Formu_v4-Final,2026-06-17,Stenos Erzurum Yakutiye,Erzurum,Doğu Anadolu Bölgesi,Hatin Balca Ülker Demir,Otomobil-Binek,Retail,40,Erkek,25.001 - 50.000 TL,2,Yeterli kredi limiti / onay alamadım,Yeterli kredi limiti / onay alamadım,Alternatifbank; Finans Bank; Denizbank,Alternatifbank,Rakip Kuruluş Kredisi,2,6,2,Online store,Sigorta şirketi memnuniyetsizliği,%0 -%25,1,11.1,0,0
CSI-NCR-00203,Kredi Kullanmayan Müşteri,Stenos Auto_2025_CSI_KrediKullanmayanlar_Soru_Formu_v4-Final,2026-02-11,Stenos Bursa Nilüfer,Bursa,Marmara Bölgesi,Çev. Fermuta Rayla Tarhan Zorlu,Otomobil-Binek,Retail,61,Erkek,25.001 - 50.000 TL,2,Yeterli kredi limiti / onay alamadım,Yeterli kredi limiti / onay alamadım,Akbank; Şekerbank; Halk Bankası,Akbank,Rakip Kuruluş Kredisi,6,10,1,İşlem masrafı,Kendi sigortacısının olması / Tanıdık acente olması; Sigorta şirketi memnuniyetsizliği,%0 -%25,1,55.6,0,0
CSI-NCR-00204,Kredi Kullanmayan Müşteri,Stenos Auto_2025_CSI_KrediKullanmayanlar_Soru_Formu_v4-Final,2025-09-02,Stenos Diyarbakır Kayapınar,Diyarbakır,Güney Doğu Anadolu Bölgesi,Duha Mehdiye Arsoy,Otomobil-Binek,Retail,46,Erkek,50.001 - 85.000 TL,2,Faiz oranları yüksek geldi,Faiz oranları yüksek geldi,Kuveyt Türk; Finans Bank; AlBaraka,Kuveyt Türk,Rakip Kuruluş Kredisi,8,8,2,Özel müşteri temsilcisi,Sigorta şirketi memnuniyetsizliği; Servis hizmet memnuniyetsizliği,%26 - %50,1,77.8,0,0
CSI-NCR-00205,Kredi Kullanmayan Müşteri,Stenos Auto_2025_CSI_KrediKullanmayanlar_Soru_Formu_v4-Final,2025-05-26,Stenos İstanbul Maslak,İstanbul,Marmara Bölgesi,Öğr. Bektaşi Nezihi Manço,Otomobil-Binek,Retail,28,Erkek,85.001 - 150.000 TL,2,Kendi bankamın teklifi daha uygundu,Kendi bankamın teklifi daha uygundu,Akbank; Kuveyt Türk; AlBaraka,Akbank,Rakip Kuruluş Kredisi,7,10,2,Sigorta kolaylığı; Vade seçenekleri; İşlem masrafı,Sigorta şirketi memnuniyetsizliği; Servis hizmet memnuniyetsizliği,%51 - %75,2,66.7,0,1
CSI-NCR-00206,Kredi Kullanmayan Müşteri,Stenos Auto_2025_CSI_KrediKullanmayanlar_Soru_Formu_v4-Final,2025-06-28,Stenos Denizli Merkezefendi,Denizli,Ege Bölgesi,Doç. Şelâle Nurda Seven Sezer,Otomobil-Binek,Retail,61,Kadın,25.001 - 50.000 TL,2,Faiz oranları yüksek geldi,Faiz oranları yüksek geldi,Vakıflar Bankası; Türkiye Finans; Yapı ve Kredi Bankası,Vakıflar Bankası,Rakip Kuruluş Kredisi,6,9,1,Vade seçenekleri,Servis hizmet memnuniyetsizliği; Sigorta şirketi memnuniyetsizliği,%51 - %75,1,55.6,0,1
CSI-NCR-00207,Kredi Kullanmayan Müşteri,Stenos Auto_2025_CSI_KrediKullanmayanlar_Soru_Formu_v4-Final,2025-12-06,Stenos Antalya Muratpaşa,Antalya,Akdeniz Bölgesi,Prof. Zelha Sezgin Ülker,Otomobil-Binek,Filo,55,Erkek,25.001 - 50.000 TL,2,Yeterli kredi limiti / onay alamadım,Yeterli kredi limiti / onay alamadım,Vakıflar Bankası; ING; Denizbank,Vakıflar Bankası,Rakip Kuruluş Kredisi,3,9,2,Sigorta kolaylığı; Özel müşteri temsilcisi; Online store,Servis hizmet memnuniyetsizliği,%51 - %75,1,22.2,0,1
CSI-NCR-00208,Kredi Kullanmayan Müşteri,Stenos Auto_2025_CSI_KrediKullanmayanlar_Soru_Formu_v4-Final,2025-05-24,Stenos Erzurum Yakutiye,Erzurum,Doğu Anadolu Bölgesi,Çinerk Yüksel,Otomobil-Binek,Retail,38,Erkek,25.000 TL altı,2,Faiz oranları yüksek geldi,Faiz oranları yüksek geldi,AlBaraka; Akbank,AlBaraka,Rakip Kuruluş Kredisi,6,5,2,Vade seçenekleri; Ödeme tatili / Ödemesiz dönem,Sigorta şirketi memnuniyetsizliği,%51 - %75,2,55.6,0,1
CSI-NCR-00209,Kredi Kullanmayan Müşteri,Stenos Auto_2025_CSI_KrediKullanmayanlar_Soru_Formu_v4-Final,2025-03-22,Stenos İzmir Bornova,İzmir,Ege Bölgesi,Remazan Dumanlı,Otomobil-Binek,Retail,30,Erkek,50.001 - 85.000 TL,2,Kendi bankamın teklifi daha uygundu,Kendi bankamın teklifi daha uygundu,Vakıflar Bankası; Şekerbank; QNB Fibabank; Halk Bankası,Vakıflar Bankası,Rakip Kuruluş Kredisi,8,8,1,Özel müşteri temsilcisi; Online store,Kendi sigortacısının olması / Tanıdık acente olması,%51 - %75,1,77.8,0,1
CSI-NCR-00210,Kredi Kullanmayan Müşteri,Stenos Auto_2025_CSI_KrediKullanmayanlar_Soru_Formu_v4-Final,2026-02-20,Stenos Diyarbakır Kayapınar,Diyarbakır,Güney Doğu Anadolu Bölgesi,Besey Özdeş Demir Yorulmaz,Otomobil-Binek,Filo,36,Erkek,50.001 - 85.000 TL,2,Yeterli kredi limiti / onay alamadım,Yeterli kredi limiti / onay alamadım,Vakıflar Bankası; Akbank; Alternatifbank,Vakıflar Bankası,Rakip Kuruluş Kredisi,3,9,2,Özel müşteri temsilcisi,Servis hizmet memnuniyetsizliği; Kendi sigortacısının olması / Tanıdık acente olması,%0 -%25,1,22.2,0,0
CSI-NCR-00211,Kredi Kullanmayan Müşteri,Stenos Auto_2025_CSI_KrediKullanmayanlar_Soru_Formu_v4-Final,2026-04-14,Stenos Adana Seyhan,Adana,Akdeniz Bölgesi,Serol Duran,Otomobil-Binek,Retail,62,Erkek,85.001 - 150.000 TL,2,Nakit alımı tercih ettim,Nakit alımı tercih ettim,ING; Türkiye Finans; Alternatifbank,Henüz kredi kullanmadım,Nakit / Havale,9,9,2,Online store; Vade seçenekleri,Kendi sigortacısının olması / Tanıdık acente olması; Servis hizmet memnuniyetsizliği,%76 - %100,1,88.9,1,1
CSI-NCR-00212,Kredi Kullanmayan Müşteri,Stenos Auto_2025_CSI_KrediKullanmayanlar_Soru_Formu_v4-Final,2026-05-10,Stenos İstanbul Kadıköy,İstanbul,Marmara Bölgesi,Burakhan Hayrioğlu,Otomobil-Binek,Retail,48,Kadın,25.001 - 50.000 TL,2,Yeterli kredi limiti / onay alamadım,Yeterli kredi limiti / onay alamadım,Kuveyt Türk; Denizbank,Kuveyt Türk,Rakip Kuruluş Kredisi,7,7,1,Ödeme tatili / Ödemesiz dönem; Sigorta kolaylığı; İşlem masrafı,Kendi sigortacısının olması / Tanıdık acente olması; Sigorta şirketi memnuniyetsizliği,%51 - %75,2,66.7,0,1
CSI-NCR-00213,Kredi Kullanmayan Müşteri,Stenos Auto_2025_CSI_KrediKullanmayanlar_Soru_Formu_v4-Final,2026-04-03,Stenos Denizli Merkezefendi,Denizli,Ege Bölgesi,Dr. Gülsiye İlkbahar Soylu Çorlu,Otomobil-Binek,Retail,49,Kadın,50.001 - 85.000 TL,2,Faiz oranları yüksek geldi,Faiz oranları yüksek geldi,AlBaraka; Kuveyt Türk; Şekerbank,AlBaraka,Rakip Kuruluş Kredisi,6,5,1,Özel müşteri temsilcisi; Vade seçenekleri,Servis hizmet memnuniyetsizliği,%26 - %50,1,55.6,0,0
CSI-NCR-00214,Kredi Kullanmayan Müşteri,Stenos Auto_2025_CSI_KrediKullanmayanlar_Soru_Formu_v4-Final,2025-10-02,Stenos Trabzon Ortahisar,Trabzon,Karadeniz Bölgesi,Prof. Azade Servinaz Yaman Zorlu,Otomobil-Binek,Retail,63,Kadın,150.000 TL üzeri,2,Nakit alımı tercih ettim,Nakit alımı tercih ettim,Finans Bank; OdeaBank,Henüz kredi kullanmadım,Nakit / Havale,6,5,1,Ödeme tatili / Ödemesiz dönem,Servis hizmet memnuniyetsizliği; Kendi sigortacısının olması / Tanıdık acente olması,%26 - %50,1,55.6,0,0
CSI-NCR-00215,Kredi Kullanmayan Müşteri,Stenos Auto_2025_CSI_KrediKullanmayanlar_Soru_Formu_v4-Final,2026-03-06,Stenos Erzurum Yakutiye,Erzurum,Doğu Anadolu Bölgesi,Öğr. Özdeş Ağbegim Durmuş,Hafif Ticari,Retail,36,Erkek,50.001 - 85.000 TL,2,Faiz oranları yüksek geldi,Faiz oranları yüksek geldi,Halk Bankası; Finans Bank; Garanti Bankası,Halk Bankası,Rakip Kuruluş Kredisi,6,6,1,Online store; Sigorta kolaylığı; İşlem masrafı,Kendi sigortacısının olması / Tanıdık acente olması; Servis hizmet memnuniyetsizliği,%26 - %50,1,55.6,0,0
CSI-NCR-00216,Kredi Kullanmayan Müşteri,Stenos Auto_2025_CSI_KrediKullanmayanlar_Soru_Formu_v4-Final,2026-05-17,Stenos Malatya Battalgazi,Malatya,Doğu Anadolu Bölgesi,Dr. Meveddet Amre Gülen Eraslan,Hafif Ticari,Retail,52,Kadın,150.000 TL üzeri,2,Kendi bankamın teklifi daha uygundu,Kendi bankamın teklifi daha uygundu,Garanti Bankası; Alternatifbank; İş Bankası,Garanti Bankası,Rakip Kuruluş Kredisi,7,7,1,Ödeme tatili / Ödemesiz dönem; İşlem masrafı; Özel müşteri temsilcisi,Sigorta şirketi memnuniyetsizliği,%26 - %50,1,66.7,0,0
CSI-NCR-00217,Kredi Kullanmayan Müşteri,Stenos Auto_2025_CSI_KrediKullanmayanlar_Soru_Formu_v4-Final,2025-01-05,Stenos Malatya Battalgazi,Malatya,Doğu Anadolu Bölgesi,Âdem Bilir,Hafif Ticari,Retail,40,Erkek,25.001 - 50.000 TL,2,Faiz oranları yüksek geldi,Faiz oranları yüksek geldi,HSBC Bank; Alternatifbank; Halk Bankası; Anadolubank,HSBC Bank,Rakip Kuruluş Kredisi,8,10,2,Vade seçenekleri; İşlem masrafı; Online store,Sigorta şirketi memnuniyetsizliği; Kendi sigortacısının olması / Tanıdık acente olması,%76 - %100,1,77.8,0,1
CSI-NCR-00218,Kredi Kullanmayan Müşteri,Stenos Auto_2025_CSI_KrediKullanmayanlar_Soru_Formu_v4-Final,2025-07-22,Stenos Gaziantep Şahinbey,Gaziantep,Güney Doğu Anadolu Bölgesi,Alanalp Şafak,Otomobil-Binek,Retail,29,Kadın,85.001 - 150.000 TL,2,Nakit alımı tercih ettim,Nakit alımı tercih ettim,QNB Fibabank; Anadolubank; OdeaBank,Henüz kredi kullanmadım,Nakit / Havale,3,5,2,Özel müşteri temsilcisi; Vade seçenekleri; Online store,Sigorta şirketi memnuniyetsizliği,%0 -%25,1,22.2,0,0
CSI-NCR-00219,Kredi Kullanmayan Müşteri,Stenos Auto_2025_CSI_KrediKullanmayanlar_Soru_Formu_v4-Final,2025-04-19,Stenos Erzurum Yakutiye,Erzurum,Doğu Anadolu Bölgesi,Banü Zevlüde Yorulmaz İhsanoğlu,Otomobil-Binek,Filo,42,Erkek,50.001 - 85.000 TL,2,Faiz oranları yüksek geldi,Faiz oranları yüksek geldi,Yapı ve Kredi Bankası; TEB (Türk Ekonomi Bankası); OdeaBank,Yapı ve Kredi Bankası,Rakip Kuruluş Kredisi,5,5,2,Ödeme tatili / Ödemesiz dönem,Kendi sigortacısının olması / Tanıdık acente olması; Sigorta şirketi memnuniyetsizliği,%51 - %75,1,44.4,0,1
CSI-NCR-00220,Kredi Kullanmayan Müşteri,Stenos Auto_2025_CSI_KrediKullanmayanlar_Soru_Formu_v4-Final,2026-06-11,Stenos Gaziantep Şahinbey,Gaziantep,Güney Doğu Anadolu Bölgesi,Necdat Türk,Otomobil-Binek,Retail,44,Erkek,150.000 TL üzeri,2,Nakit alımı tercih ettim,Nakit alımı tercih ettim,Alternatifbank,Henüz kredi kullanmadım,Nakit / Havale,9,4,2,Ödeme tatili / Ödemesiz dönem,Servis hizmet memnuniyetsizliği; Kendi sigortacısının olması / Tanıdık acente olması,%26 - %50,1,88.9,1,0
CSI-NCR-00221,Kredi Kullanmayan Müşteri,Stenos Auto_2025_CSI_KrediKullanmayanlar_Soru_Formu_v4-Final,2026-05-03,Stenos Kayseri Melikgazi,Kayseri,İç Anadolu Bölgesi,Rehime Gülay Öcalan,Hafif Ticari,Retail,35,Erkek,50.001 - 85.000 TL,2,Nakit alımı tercih ettim,Nakit alımı tercih ettim,OdeaBank; Anadolubank,Henüz kredi kullanmadım,Nakit / Havale,9,9,2,İşlem masrafı,Sigorta şirketi memnuniyetsizliği,%76 - %100,1,88.9,1,1
CSI-NCR-00222,Kredi Kullanmayan Müşteri,Stenos Auto_2025_CSI_KrediKullanmayanlar_Soru_Formu_v4-Final,2026-03-17,Stenos Gaziantep Şahinbey,Gaziantep,Güney Doğu Anadolu Bölgesi,Çıdal Şensoy,Otomobil-Binek,Retail,50,Erkek,25.001 - 50.000 TL,2,Borçlanmak istemedim / mevcut kredi yüküm vardı,Borçlanmak istemedim / mevcut kredi yüküm vardı,Burgan Bank; OdeaBank,Henüz kredi kullanmadım,Nakit / Havale,7,4,2,Özel müşteri temsilcisi,Sigorta şirketi memnuniyetsizliği; Kendi sigortacısının olması / Tanıdık acente olması,%26 - %50,1,66.7,0,0
CSI-NCR-00223,Kredi Kullanmayan Müşteri,Stenos Auto_2025_CSI_KrediKullanmayanlar_Soru_Formu_v4-Final,2025-05-26,Stenos Denizli Merkezefendi,Denizli,Ege Bölgesi,Okt. Nursim Seniha Bilge,Otomobil-Binek,Retail,38,Kadın,25.001 - 50.000 TL,2,Yeterli kredi limiti / onay alamadım,Yeterli kredi limiti / onay alamadım,HSBC Bank; Anadolubank; QNB Fibabank,HSBC Bank,Rakip Kuruluş Kredisi,7,6,2,Ödeme tatili / Ödemesiz dönem; İşlem masrafı; Online store,Sigorta şirketi memnuniyetsizliği; Servis hizmet memnuniyetsizliği,%0 -%25,1,66.7,0,0
CSI-NCR-00224,Kredi Kullanmayan Müşteri,Stenos Auto_2025_CSI_KrediKullanmayanlar_Soru_Formu_v4-Final,2026-06-12,Stenos İstanbul Kadıköy,İstanbul,Marmara Bölgesi,Nurey Çorlu Tarhan,Otomobil-Binek,Retail,57,Erkek,25.001 - 50.000 TL,2,Kendi bankamın teklifi daha uygundu,Kendi bankamın teklifi daha uygundu,Ziraat Bankası; Vakıflar Bankası,Ziraat Bankası,Rakip Kuruluş Kredisi,5,6,1,Sigorta kolaylığı; Online store,Kendi sigortacısının olması / Tanıdık acente olması,%51 - %75,1,44.4,0,1
CSI-NCR-00225,Kredi Kullanmayan Müşteri,Stenos Auto_2025_CSI_KrediKullanmayanlar_Soru_Formu_v4-Final,2025-01-26,Stenos Adana Seyhan,Adana,Akdeniz Bölgesi,Tunçboğa Bilge,Hafif Ticari,Filo,30,Erkek,25.001 - 50.000 TL,2,Faiz oranları yüksek geldi,Faiz oranları yüksek geldi,Finans Bank; Halk Bankası; Kuveyt Türk,Finans Bank,Rakip Kuruluş Kredisi,6,7,2,Özel müşteri temsilcisi; Vade seçenekleri,Sigorta şirketi memnuniyetsizliği; Servis hizmet memnuniyetsizliği,%26 - %50,1,55.6,0,0
CSI-NCR-00226,Kredi Kullanmayan Müşteri,Stenos Auto_2025_CSI_KrediKullanmayanlar_Soru_Formu_v4-Final,2025-04-09,Stenos Kayseri Melikgazi,Kayseri,İç Anadolu Bölgesi,Durgadin Gözem Duran Gülen,Otomobil-Binek,Retail,55,Kadın,50.001 - 85.000 TL,2,Faiz oranları yüksek geldi,Faiz oranları yüksek geldi,Vakıflar Bankası; Yapı ve Kredi Bankası; Akbank,Vakıflar Bankası,Rakip Kuruluş Kredisi,7,5,2,Özel müşteri temsilcisi; Sigorta kolaylığı; Ödeme tatili / Ödemesiz dönem,Kendi sigortacısının olması / Tanıdık acente olması; Sigorta şirketi memnuniyetsizliği,%0 -%25,1,66.7,0,0
CSI-NCR-00227,Kredi Kullanmayan Müşteri,Stenos Auto_2025_CSI_KrediKullanmayanlar_Soru_Formu_v4-Final,2025-12-03,Stenos İstanbul Kadıköy,İstanbul,Marmara Bölgesi,Yurdanur Bilgin,Otomobil-Binek,Retail,38,Erkek,25.001 - 50.000 TL,2,Faiz oranları yüksek geldi,Faiz oranları yüksek geldi,Halk Bankası; Ziraat Bankası; OdeaBank; Kuveyt Türk,Halk Bankası,Rakip Kuruluş Kredisi,5,9,1,Sigorta kolaylığı,Servis hizmet memnuniyetsizliği; Sigorta şirketi memnuniyetsizliği,%0 -%25,1,44.4,0,0
CSI-NCR-00228,Kredi Kullanmayan Müşteri,Stenos Auto_2025_CSI_KrediKullanmayanlar_Soru_Formu_v4-Final,2026-03-21,Stenos İstanbul Maslak,İstanbul,Marmara Bölgesi,Çelem Yıldırım,Otomobil-Binek,Retail,21,Kadın,85.001 - 150.000 TL,2,Nakit alımı tercih ettim,Nakit alımı tercih ettim,Garanti Bankası; Burgan Bank,Henüz kredi kullanmadım,Nakit / Havale,7,8,2,Özel müşteri temsilcisi; İşlem masrafı; Online store,Kendi sigortacısının olması / Tanıdık acente olması; Sigorta şirketi memnuniyetsizliği,%26 - %50,1,66.7,0,0
CSI-NCR-00229,Kredi Kullanmayan Müşteri,Stenos Auto_2025_CSI_KrediKullanmayanlar_Soru_Formu_v4-Final,2026-05-28,Stenos Bursa Nilüfer,Bursa,Marmara Bölgesi,Seyyide Zinnure Şafak,Otomobil-Binek,Retail,35,Erkek,25.001 - 50.000 TL,2,Kendi bankamın teklifi daha uygundu,Kendi bankamın teklifi daha uygundu,Şekerbank; Kuveyt Türk; AlBaraka,Şekerbank,Rakip Kuruluş Kredisi,8,10,2,Online store,Servis hizmet memnuniyetsizliği,%51 - %75,1,77.8,0,1
CSI-NCR-00230,Kredi Kullanmayan Müşteri,Stenos Auto_2025_CSI_KrediKullanmayanlar_Soru_Formu_v4-Final,2025-05-28,Stenos Kayseri Melikgazi,Kayseri,İç Anadolu Bölgesi,Hanbiken Yüksel Ertaş,Otomobil-Binek,Retail,21,Kadın,50.001 - 85.000 TL,2,Kampanya ve vade koşulları uygun değildi,Kampanya ve vade koşulları uygun değildi,İş Bankası; Akbank,İş Bankası,Rakip Kuruluş Kredisi,8,9,1,Özel müşteri temsilcisi; Sigorta kolaylığı; Online store,Sigorta şirketi memnuniyetsizliği; Kendi sigortacısının olması / Tanıdık acente olması,%51 - %75,1,77.8,0,1
CSI-NCR-00231,Kredi Kullanmayan Müşteri,Stenos Auto_2025_CSI_KrediKullanmayanlar_Soru_Formu_v4-Final,2025-07-30,Stenos Denizli Merkezefendi,Denizli,Ege Bölgesi,Fehmiye Kübran Akar İhsanoğlu,Hafif Ticari,Retail,75,Erkek,50.001 - 85.000 TL,2,Kendi bankamın teklifi daha uygundu,Kendi bankamın teklifi daha uygundu,TEB (Türk Ekonomi Bankası); Garanti Bankası; HSBC Bank; Yapı ve Kredi Bankası,TEB (Türk Ekonomi Bankası),Rakip Kuruluş Kredisi,6,9,2,Online store; Vade seçenekleri,Kendi sigortacısının olması / Tanıdık acente olması,%51 - %75,1,55.6,0,1
CSI-NCR-00232,Kredi Kullanmayan Müşteri,Stenos Auto_2025_CSI_KrediKullanmayanlar_Soru_Formu_v4-Final,2025-08-04,Stenos İstanbul Kadıköy,İstanbul,Marmara Bölgesi,Akgöl Ünsever Ülker Seven,Otomobil-Binek,Retail,61,Kadın,25.001 - 50.000 TL,2,Yeterli kredi limiti / onay alamadım,Yeterli kredi limiti / onay alamadım,Şekerbank; Garanti Bankası,Şekerbank,Rakip Kuruluş Kredisi,3,9,1,Online store; İşlem masrafı; Özel müşteri temsilcisi,Servis hizmet memnuniyetsizliği; Sigorta şirketi memnuniyetsizliği,%26 - %50,1,22.2,0,0
CSI-NCR-00233,Kredi Kullanmayan Müşteri,Stenos Auto_2025_CSI_KrediKullanmayanlar_Soru_Formu_v4-Final,2025-01-02,Stenos Malatya Battalgazi,Malatya,Doğu Anadolu Bölgesi,Ensari Bilir,Otomobil-Binek,Retail,53,Erkek,50.001 - 85.000 TL,2,Faiz oranları yüksek geldi,Faiz oranları yüksek geldi,Kuveyt Türk; QNB Fibabank; ING; Alternatifbank,Kuveyt Türk,Rakip Kuruluş Kredisi,4,9,2,İşlem masrafı; Ödeme tatili / Ödemesiz dönem,Sigorta şirketi memnuniyetsizliği; Servis hizmet memnuniyetsizliği,%0 -%25,2,33.3,0,0
CSI-NCR-00234,Kredi Kullanmayan Müşteri,Stenos Auto_2025_CSI_KrediKullanmayanlar_Soru_Formu_v4-Final,2026-04-18,Stenos İzmir Bornova,İzmir,Ege Bölgesi,Azettin Tevetoğlu,Otomobil-Binek,Retail,60,Erkek,25.001 - 50.000 TL,2,Kendi bankamın teklifi daha uygundu,Kendi bankamın teklifi daha uygundu,AlBaraka; ING; Ziraat Bankası,AlBaraka,Rakip Kuruluş Kredisi,8,10,2,İşlem masrafı,Kendi sigortacısının olması / Tanıdık acente olması; Servis hizmet memnuniyetsizliği,%51 - %75,1,77.8,0,1
CSI-NCR-00235,Kredi Kullanmayan Müşteri,Stenos Auto_2025_CSI_KrediKullanmayanlar_Soru_Formu_v4-Final,2025-06-29,Stenos Kayseri Melikgazi,Kayseri,İç Anadolu Bölgesi,Muhammet Süha Tarhan,Hafif Ticari,Retail,31,Erkek,85.001 - 150.000 TL,2,Nakit alımı tercih ettim,Nakit alımı tercih ettim,Ziraat Bankası,Henüz kredi kullanmadım,Nakit / Havale,7,10,1,Sigorta kolaylığı,Servis hizmet memnuniyetsizliği,%76 - %100,1,66.7,0,1
CSI-NCR-00236,Kredi Kullanmayan Müşteri,Stenos Auto_2025_CSI_KrediKullanmayanlar_Soru_Formu_v4-Final,2025-04-30,Stenos Bursa Nilüfer,Bursa,Marmara Bölgesi,Ercihan Zihni Türk,Otomobil-Binek,Retail,42,Erkek,85.001 - 150.000 TL,2,Kendi bankamın teklifi daha uygundu,Kendi bankamın teklifi daha uygundu,TEB (Türk Ekonomi Bankası); Denizbank; OdeaBank; ING,TEB (Türk Ekonomi Bankası),Rakip Kuruluş Kredisi,4,10,2,Ödeme tatili / Ödemesiz dönem; İşlem masrafı,Servis hizmet memnuniyetsizliği,%0 -%25,1,33.3,0,0
CSI-NCR-00237,Kredi Kullanmayan Müşteri,Stenos Auto_2025_CSI_KrediKullanmayanlar_Soru_Formu_v4-Final,2025-07-09,Stenos Gaziantep Şahinbey,Gaziantep,Güney Doğu Anadolu Bölgesi,Sehel Bilgin Duran,Hafif Ticari,Retail,63,Kadın,150.000 TL üzeri,2,Kendi bankamın teklifi daha uygundu,Kendi bankamın teklifi daha uygundu,HSBC Bank; Alternatifbank; Yapı ve Kredi Bankası,HSBC Bank,Rakip Kuruluş Kredisi,8,5,2,Sigorta kolaylığı; İşlem masrafı,Servis hizmet memnuniyetsizliği; Sigorta şirketi memnuniyetsizliği,%26 - %50,1,77.8,0,0
CSI-NCR-00238,Kredi Kullanmayan Müşteri,Stenos Auto_2025_CSI_KrediKullanmayanlar_Soru_Formu_v4-Final,2026-02-11,Stenos Antalya Muratpaşa,Antalya,Akdeniz Bölgesi,Çağlasın Bilge,Otomobil-Binek,Retail,42,Erkek,85.001 - 150.000 TL,2,Faiz oranları yüksek geldi,Faiz oranları yüksek geldi,Vakıflar Bankası; OdeaBank; QNB Fibabank; Halk Bankası,Vakıflar Bankası,Rakip Kuruluş Kredisi,8,6,2,Özel müşteri temsilcisi,Sigorta şirketi memnuniyetsizliği; Kendi sigortacısının olması / Tanıdık acente olması,%26 - %50,1,77.8,0,0
CSI-NCR-00239,Kredi Kullanmayan Müşteri,Stenos Auto_2025_CSI_KrediKullanmayanlar_Soru_Formu_v4-Final,2026-04-20,Stenos Malatya Battalgazi,Malatya,Doğu Anadolu Bölgesi,Berksay Onurcan Arslan,Hafif Ticari,Retail,47,Kadın,50.001 - 85.000 TL,2,Faiz oranları yüksek geldi,Faiz oranları yüksek geldi,Garanti Bankası; Türkiye Finans,Garanti Bankası,Rakip Kuruluş Kredisi,5,10,2,İşlem masrafı,Sigorta şirketi memnuniyetsizliği; Servis hizmet memnuniyetsizliği,%0 -%25,1,44.4,0,0
CSI-NCR-00240,Kredi Kullanmayan Müşteri,Stenos Auto_2025_CSI_KrediKullanmayanlar_Soru_Formu_v4-Final,2025-04-28,Stenos Erzurum Yakutiye,Erzurum,Doğu Anadolu Bölgesi,Av. Yücelen Sevindik Hayrioğlu,Otomobil-Binek,Filo,45,Kadın,25.000 TL altı,2,Faiz oranları yüksek geldi,Faiz oranları yüksek geldi,Ziraat Bankası; AlBaraka,Ziraat Bankası,Rakip Kuruluş Kredisi,6,7,2,Ödeme tatili / Ödemesiz dönem,Kendi sigortacısının olması / Tanıdık acente olması,%0 -%25,2,55.6,0,0
CSI-NCR-00241,Kredi Kullanmayan Müşteri,Stenos Auto_2025_CSI_KrediKullanmayanlar_Soru_Formu_v4-Final,2025-04-06,Stenos İstanbul Maslak,İstanbul,Marmara Bölgesi,Havali Hançer,Hafif Ticari,Retail,49,Kadın,85.001 - 150.000 TL,2,Nakit alımı tercih ettim,Nakit alımı tercih ettim,Denizbank,Henüz kredi kullanmadım,Nakit / Havale,9,10,1,Sigorta kolaylığı; Vade seçenekleri; Özel müşteri temsilcisi,Servis hizmet memnuniyetsizliği; Kendi sigortacısının olması / Tanıdık acente olması,%76 - %100,1,88.9,1,1
CSI-NCR-00242,Kredi Kullanmayan Müşteri,Stenos Auto_2025_CSI_KrediKullanmayanlar_Soru_Formu_v4-Final,2026-06-30,Stenos Ankara Çankaya,Ankara,İç Anadolu Bölgesi,Tuğrulhan Fırat,Hafif Ticari,Retail,36,Erkek,50.001 - 85.000 TL,2,Kendi bankamın teklifi daha uygundu,Kendi bankamın teklifi daha uygundu,Vakıflar Bankası; OdeaBank,Vakıflar Bankası,Rakip Kuruluş Kredisi,7,8,2,İşlem masrafı; Online store; Vade seçenekleri,Kendi sigortacısının olması / Tanıdık acente olması; Sigorta şirketi memnuniyetsizliği,%51 - %75,1,66.7,0,1
CSI-NCR-00243,Kredi Kullanmayan Müşteri,Stenos Auto_2025_CSI_KrediKullanmayanlar_Soru_Formu_v4-Final,2025-10-26,Stenos Kayseri Melikgazi,Kayseri,İç Anadolu Bölgesi,Öğr. Ginyas Evcimen Yorulmaz,Otomobil-Binek,Retail,61,Erkek,85.001 - 150.000 TL,2,Kendi bankamın teklifi daha uygundu,Kendi bankamın teklifi daha uygundu,Yapı ve Kredi Bankası; TEB (Türk Ekonomi Bankası),Yapı ve Kredi Bankası,Rakip Kuruluş Kredisi,8,10,2,Sigorta kolaylığı; Vade seçenekleri; İşlem masrafı,Kendi sigortacısının olması / Tanıdık acente olması; Servis hizmet memnuniyetsizliği,%76 - %100,1,77.8,0,1
CSI-NCR-00244,Kredi Kullanmayan Müşteri,Stenos Auto_2025_CSI_KrediKullanmayanlar_Soru_Formu_v4-Final,2025-06-03,Stenos Samsun İlkadım,Samsun,Karadeniz Bölgesi,Dr. Umutcan Şafak,Otomobil-Binek,Filo,54,Kadın,85.001 - 150.000 TL,2,Nakit alımı tercih ettim,Nakit alımı tercih ettim,Halk Bankası; HSBC Bank; Alternatifbank,Henüz kredi kullanmadım,Nakit / Havale,9,6,1,Sigorta kolaylığı; Vade seçenekleri; Online store,Kendi sigortacısının olması / Tanıdık acente olması; Servis hizmet memnuniyetsizliği,%51 - %75,1,88.9,1,1
CSI-NCR-00245,Kredi Kullanmayan Müşteri,Stenos Auto_2025_CSI_KrediKullanmayanlar_Soru_Formu_v4-Final,2025-04-26,Stenos Bursa Nilüfer,Bursa,Marmara Bölgesi,Bayan Nazende Akça Şensoy,Hafif Ticari,Retail,21,Erkek,25.000 TL altı,2,Yeterli kredi limiti / onay alamadım,Yeterli kredi limiti / onay alamadım,Denizbank; Ziraat Bankası; TEB (Türk Ekonomi Bankası); Anadolubank,Denizbank,Rakip Kuruluş Kredisi,4,8,2,Vade seçenekleri,Sigorta şirketi memnuniyetsizliği,%26 - %50,2,33.3,0,0
CSI-NCR-00246,Kredi Kullanmayan Müşteri,Stenos Auto_2025_CSI_KrediKullanmayanlar_Soru_Formu_v4-Final,2026-06-20,Stenos İzmir Bornova,İzmir,Ege Bölgesi,Yaşar Hayrioğlu Sezer,Otomobil-Binek,Retail,41,Kadın,25.000 TL altı,2,Faiz oranları yüksek geldi,Faiz oranları yüksek geldi,Vakıflar Bankası; Ziraat Bankası; Finans Bank,Vakıflar Bankası,Rakip Kuruluş Kredisi,6,8,2,Özel müşteri temsilcisi,Servis hizmet memnuniyetsizliği,%51 - %75,1,55.6,0,1
CSI-NCR-00247,Kredi Kullanmayan Müşteri,Stenos Auto_2025_CSI_KrediKullanmayanlar_Soru_Formu_v4-Final,2026-02-28,Stenos Bursa Nilüfer,Bursa,Marmara Bölgesi,Öğr. Faize Melûl Kısakürek,Otomobil-Binek,Retail,52,Kadın,50.001 - 85.000 TL,2,Nakit alımı tercih ettim,Nakit alımı tercih ettim,Vakıflar Bankası,Henüz kredi kullanmadım,Nakit / Havale,6,9,1,Ödeme tatili / Ödemesiz dönem,Sigorta şirketi memnuniyetsizliği,%0 -%25,1,55.6,0,0
CSI-NCR-00248,Kredi Kullanmayan Müşteri,Stenos Auto_2025_CSI_KrediKullanmayanlar_Soru_Formu_v4-Final,2025-04-07,Stenos Erzurum Yakutiye,Erzurum,Doğu Anadolu Bölgesi,Prof. Safet Güçlü,Otomobil-Binek,Filo,37,Erkek,50.001 - 85.000 TL,2,Faiz oranları yüksek geldi,Faiz oranları yüksek geldi,Finans Bank; QNB Fibabank; Anadolubank,Finans Bank,Rakip Kuruluş Kredisi,8,8,2,Özel müşteri temsilcisi; Ödeme tatili / Ödemesiz dönem,Servis hizmet memnuniyetsizliği; Sigorta şirketi memnuniyetsizliği,%76 - %100,2,77.8,0,1
CSI-NCR-00249,Kredi Kullanmayan Müşteri,Stenos Auto_2025_CSI_KrediKullanmayanlar_Soru_Formu_v4-Final,2025-02-28,Stenos Gaziantep Şahinbey,Gaziantep,Güney Doğu Anadolu Bölgesi,Av. Ebuakil Ginyas Akdeniz,Otomobil-Binek,Retail,59,Erkek,25.001 - 50.000 TL,2,Yeterli kredi limiti / onay alamadım,Yeterli kredi limiti / onay alamadım,İş Bankası; Anadolubank; AlBaraka,İş Bankası,Rakip Kuruluş Kredisi,3,7,1,Özel müşteri temsilcisi,Servis hizmet memnuniyetsizliği,%0 -%25,1,22.2,0,0
CSI-NCR-00250,Kredi Kullanmayan Müşteri,Stenos Auto_2025_CSI_KrediKullanmayanlar_Soru_Formu_v4-Final,2025-04-02,Stenos Kayseri Melikgazi,Kayseri,İç Anadolu Bölgesi,Ümmet Ertaş,Otomobil-Binek,Filo,62,Kadın,50.001 - 85.000 TL,2,Faiz oranları yüksek geldi,Faiz oranları yüksek geldi,Vakıflar Bankası; Akbank; HSBC Bank,Vakıflar Bankası,Rakip Kuruluş Kredisi,8,7,1,Ödeme tatili / Ödemesiz dönem; Online store; Özel müşteri temsilcisi,Servis hizmet memnuniyetsizliği; Kendi sigortacısının olması / Tanıdık acente olması,%51 - %75,1,77.8,0,1
