Respondent_ID,Segment,Anket_Adi,Anket_Tarihi,Acente_Adi,Sehir,Bolge,CustomerName,CustomerType,Filo_Retail,Yas,Cinsiyet,Gelir_Grubu,Kredi_Tutari_TL,Vade_Ay,Kredi_Onay_Suresi_Saat,AB1_Arac_Turu_Teyit,A1_Kredi_Dusunuyor_muydu,A6_Karari_Degistiren_Faktor,A3_Stenos_Finans_Bilinirlik,B5_Arastirilan_Kuruluslar,B6_Tercih_Kriterleri,EO0_Genel_Memnuniyet,EO0N_Neden,EON1_Sorun_Giderildi,EO1x1_Acente_Satis_Danismani,EON3_Neden,EON4_Sorun_Giderildi,EO2x1_Stenos_Satis_Yoneticisi,C1_Satis_Elemani_Yaklasimi,C1a_Finansman_Kosullari_Bilgilendirme,C2_Finansman_Secenekleri,C2N_Neden,C8_Geri_Odeme_Kosullari,C5_Surec_Kolaylik_Hiz,C5N_Neden,C7x_Geri_Odeme_Bilgilendirme_Yeterli,C7xN_Neden,E1_Musteri_Hizmetleri_Aradi_mi,E2_Arama_Konusu,E5a_Cagri_Merkezi_Memnuniyeti,E6_Memnuniyetsizlik_Nedeni,N1_Kampanya_Takip,N2_Takip_Kanallari,N3_Mobil_App_Bilinirlik,S44_Brand_Retention,F1_Recommendation_NPS,F1x_Brand_Importance,K1_1_Kasko_Satin_Aldi_mi,K7_Kasko_Tercih_Nedeni,K1_2_Kasko_Teklifi_Verildi_mi,K8_Avantajlardan_Bahsedildi_mi,K9_Akilda_Kalan_Teminat,K1a_Kasko_Tercih_Etmeme_Nedeni,K3_Kasko_Genel_Memnuniyet,K4_Kasko_Yenileme_Tercihi,K5_Kasko_Tavsiye,K6_Kasko_Tavsiye_Nedeni,K2_Kaskodan_Haberdar_Olma,I1_Sorun_Yasadi_mi,I2_Sorun_Giderildi_mi,M1_Veri_Paylasim_Izni,NPS_Kategori,EO0_Endeks_100,EO0_Top2Box,S44_Top2Box
CSI-CRD-00001,Kredi Kullanan Müşteri,Stenos Auto_2025_CSI_Soru_Formu_v2-Final,2026-04-05,Stenos Adana Seyhan,Adana,Akdeniz Bölgesi,Akar Ziyaettin Aslan Yüksel,Hafif Ticari,Retail,36,Erkek,50.001 - 85.000 TL,1015000,36,1.0,1,2,Nakit bütçemi bozmak istemedim,1,Türkiye Finans; Burgan Bank; Vakıflar Bankası,Daha önce kredi kullanmıştım; Personelin genel tutum davranışları; Ulaşım kolaylığı,9,"Süreç hızlı ilerledi, bilgilendirme yeterliydi",,8,Danışman ilgili ve bilgiliydi,,9,8,7,10,,8,9,,1,,2,,,,1,Stenos Auto Mobil App; Web sitesi,2,9,10,8,1.0,Fiyat avantajı,,,,,9.0,7.0,10.0,,"Gazete, dergi ilanlarından; İnternet reklamlarından",1,1.0,1,Promoter,88.9,1,1
CSI-CRD-00002,Kredi Kullanan Müşteri,Stenos Auto_2025_CSI_Soru_Formu_v2-Final,2026-01-05,Stenos Gaziantep Şahinbey,Gaziantep,Güney Doğu Anadolu Bölgesi,Uz. Zamir Açıkel Tarhan,Otomobil-Binek,Retail,41,Erkek,25.000 TL altı,987000,24,5.8,1,1,,1,Halk Bankası,Daha önce kredi kullanmıştım; Daha az döküman/daha az prosedür; Hizmet kalitesi,10,"Süreç hızlı ilerledi, bilgilendirme yeterliydi",,10,Danışman ilgili ve bilgiliydi,,10,10,9,99,,10,9,,1,,1,Kredi geri ödeme planımı temin etmek; Fatura ile ilgili olarak,7.0,,1,Web sitesi; Stenos Auto Mobil App,1,9,9,9,1.0,Teminat içeriği; Kredi avantajı,,,,,10.0,10.0,9.0,,Daha önce kredi kullanan tanıdıklarımdan / tavsiye,2,,2,Promoter,100.0,1,1
CSI-CRD-00003,Kredi Kullanan Müşteri,Stenos Auto_2025_CSI_Soru_Formu_v2-Final,2026-03-15,Stenos İstanbul Kadıköy,İstanbul,Marmara Bölgesi,Suat Şafak,Otomobil-Binek,Retail,53,Erkek,150.000 TL üzeri,2489000,48,9.2,1,1,,2,Vakıflar Bankası; Burgan Bank; Türkiye Finans,Sigorta hizmetlerinin de olması; Sorunların zamanında çözülmesi; Faiz oranı,10,"Süreç hızlı ilerledi, bilgilendirme yeterliydi",,9,Danışman ilgili ve bilgiliydi,,9,99,9,10,,10,8,,1,,2,,,,1,"Gazete, dergi vb.; Web sitesi",1,9,9,9,1.0,Kredi avantajı; Fiyat avantajı,,,,,9.0,10.0,10.0,,"Stenos Auto Finans veya Stenos Auto internet sayfalarından; Gazete, dergi ilanlarından",2,,1,Promoter,100.0,1,1
CSI-CRD-00004,Kredi Kullanan Müşteri,Stenos Auto_2025_CSI_Soru_Formu_v2-Final,2025-06-16,Stenos Bursa Nilüfer,Bursa,Marmara Bölgesi,Akdora Aygutalp Bilir,Otomobil-Binek,Retail,51,Kadın,50.001 - 85.000 TL,1606000,36,1.0,1,2,Nakit bütçemi bozmak istemedim,2,AlBaraka; Ziraat Bankası,Müşteri ilişkileri; Faiz oranı; Düşük peşinat / peşinatsız kredi imkânı,10,"Süreç hızlı ilerledi, bilgilendirme yeterliydi",,10,Danışman ilgili ve bilgiliydi,,99,99,10,10,,9,10,,2,Taksit tarihleri net anlatılmadı,2,,,,1,Acente,1,10,10,8,2.0,,1.0,1.0,Yeni değer klozu,Servis hizmet memnuniyetsizliği; Sigorta şirketi memnuniyetsizliği,,,,,,2,,1,Promoter,100.0,1,1
CSI-CRD-00005,Kredi Kullanan Müşteri,Stenos Auto_2025_CSI_Soru_Formu_v2-Final,2026-06-21,Stenos Erzurum Yakutiye,Erzurum,Doğu Anadolu Bölgesi,Arş. Gör. Sıylıhan Akbaş Durmuş,Otomobil-Binek,Filo,52,Kadın,25.001 - 50.000 TL,1432000,12,8.7,1,2,Satış danışmanının yönlendirmesi,1,OdeaBank; Ziraat Bankası; Yapı ve Kredi Bankası,Müşteri ilişkileri; Daha az döküman/daha az prosedür; Faiz oranı,10,"Süreç hızlı ilerledi, bilgilendirme yeterliydi",,10,Danışman ilgili ve bilgiliydi,,10,10,9,10,,10,10,,1,,2,,,,2,,1,10,9,10,,,,,,,,,,,,2,,2,Promoter,100.0,1,1
CSI-CRD-00006,Kredi Kullanan Müşteri,Stenos Auto_2025_CSI_Soru_Formu_v2-Final,2026-05-13,Stenos İstanbul Kadıköy,İstanbul,Marmara Bölgesi,Yağızkurt Şensoy,Hafif Ticari,Retail,53,Erkek,25.001 - 50.000 TL,749000,36,1.6,1,2,Nakit bütçemi bozmak istemedim,1,HSBC Bank; İş Bankası,Düşük peşinat / peşinatsız kredi imkânı; Faiz oranı; Daha uzun vade,10,"Süreç hızlı ilerledi, bilgilendirme yeterliydi",,10,Danışman ilgili ve bilgiliydi,,10,8,10,10,,10,10,,1,,3,,,,1,Sosyal medya,3,9,10,10,2.0,,1.0,1.0,Yeni değer klozu,Servis hizmet memnuniyetsizliği,,,,,,2,,1,Promoter,100.0,1,1
CSI-CRD-00007,Kredi Kullanan Müşteri,Stenos Auto_2025_CSI_Soru_Formu_v2-Final,2026-03-29,Stenos Antalya Muratpaşa,Antalya,Akdeniz Bölgesi,Öğr. Seniha İnsaf Aslan,Hafif Ticari,Retail,43,Kadın,85.001 - 150.000 TL,1594000,24,1.0,1,1,,1,İş Bankası,Daha uzun vade; Sorunların zamanında çözülmesi; Markanın finans kurumu olması,10,"Süreç hızlı ilerledi, bilgilendirme yeterliydi",,10,Danışman ilgili ve bilgiliydi,,10,10,10,9,,9,10,,1,,1,Fatura ile ilgili olarak,10.0,,2,,2,10,9,10,2.0,,1.0,1.0,Yeni değer klozu,Kendi sigortacısı/tanıdık acente olması,,,,,,2,,1,Promoter,100.0,1,1
CSI-CRD-00008,Kredi Kullanan Müşteri,Stenos Auto_2025_CSI_Soru_Formu_v2-Final,2025-04-15,Stenos Gaziantep Şahinbey,Gaziantep,Güney Doğu Anadolu Bölgesi,Çerçi Sezgin,Hafif Ticari,Retail,43,Erkek,85.001 - 150.000 TL,1476000,24,4.5,1,1,,1,Türkiye Finans; Akbank,Kampanyaları olması; Araçla birlikte tüm finansal hizmetleri tek noktada sunabilmeleri; Sorunların zamanında çözülmesi,7,Genel olarak iyiydi ancak bazı aşamalar uzun sürdü,,6,Danışmanın bilgilendirmesi yetersizdi,1.0,6,7,6,6,Taksit seçenekleri ihtiyacıma uymadı,7,10,,1,,2,,,,2,,1,8,8,6,1.0,Teminat içeriği,,,,,7.0,4.0,8.0,Fiyat/teminat dengesi beklentimin altındaydı,Yetkili servisten,2,,1,Passive,66.7,0,0
CSI-CRD-00009,Kredi Kullanan Müşteri,Stenos Auto_2025_CSI_Soru_Formu_v2-Final,2025-09-04,Stenos Bursa Nilüfer,Bursa,Marmara Bölgesi,Doç. Maksur Şama,Otomobil-Binek,Retail,32,Erkek,85.001 - 150.000 TL,857000,36,1.3,1,1,,1,Başka kuruluş araştırmadım,Hizmet kalitesi; Faiz oranı; Personelin genel tutum davranışları,10,"Süreç hızlı ilerledi, bilgilendirme yeterliydi",,10,Danışman ilgili ve bilgiliydi,,10,10,8,10,,10,10,,1,,2,,,,2,,3,9,10,10,1.0,Fiyat avantajı,,,,,8.0,10.0,10.0,,Acente görselliği sayesinde; Yetkili servisten,1,2.0,1,Promoter,100.0,1,1
CSI-CRD-00010,Kredi Kullanan Müşteri,Stenos Auto_2025_CSI_Soru_Formu_v2-Final,2025-01-04,Stenos Trabzon Ortahisar,Trabzon,Karadeniz Bölgesi,Ferahdiba Bilir,Otomobil-Binek,Retail,45,Kadın,50.001 - 85.000 TL,1456000,36,11.2,1,1,,2,Başka kuruluş araştırmadım,Hizmet kalitesi; Faiz oranı; Araçla birlikte tüm finansal hizmetleri tek noktada sunabilmeleri,10,"Süreç hızlı ilerledi, bilgilendirme yeterliydi",,10,Danışman ilgili ve bilgiliydi,,9,9,10,8,,10,9,,2,Gecikme faizi hakkında bilgi verilmedi,99,,,,2,,2,8,9,9,1.0,Fiyat avantajı; Teminat içeriği,,,,,9.0,10.0,7.0,Fiyat/teminat dengesi beklentimin altındaydı,"Gazete, dergi ilanlarından",2,,1,Promoter,100.0,1,0
CSI-CRD-00011,Kredi Kullanan Müşteri,Stenos Auto_2025_CSI_Soru_Formu_v2-Final,2025-03-31,Stenos Gaziantep Şahinbey,Gaziantep,Güney Doğu Anadolu Bölgesi,Ceyhun Çorlu,Hafif Ticari,Retail,46,Erkek,150.000 TL üzeri,2252000,60,5.6,1,1,,2,Başka kuruluş araştırmadım,Kredi alımlarında hızlılık; Ulaşım kolaylığı; Kampanyaları olması,10,"Süreç hızlı ilerledi, bilgilendirme yeterliydi",,8,Danışman ilgili ve bilgiliydi,,10,10,10,8,,8,99,,1,,1,Fatura ile ilgili olarak; Banka Hesap No'ları hakkında bilgi,10.0,,2,,1,10,9,10,2.0,,2.0,,,Servis hizmet memnuniyetsizliği; Sigorta şirketi memnuniyetsizliği,,,,,,2,,1,Promoter,100.0,1,1
CSI-CRD-00012,Kredi Kullanan Müşteri,Stenos Auto_2025_CSI_Soru_Formu_v2-Final,2026-02-04,Stenos Antalya Muratpaşa,Antalya,Akdeniz Bölgesi,Canseven Ergül Akdeniz,Otomobil-Binek,Retail,47,Erkek,85.001 - 150.000 TL,1179000,48,1.1,1,1,,1,Başka kuruluş araştırmadım,Markanın finans kurumu olması; Daha önce kredi kullanmıştım; Faiz oranı,9,"Süreç hızlı ilerledi, bilgilendirme yeterliydi",,9,Danışman ilgili ve bilgiliydi,,9,9,10,9,,7,10,,1,,2,,,,2,,2,9,9,7,1.0,Kredi avantajı; Fiyat avantajı,,,,,10.0,7.0,10.0,,Stenos Auto Finans veya Stenos Auto iletişim hattından; Daha önce kredi kullanan tanıdıklarımdan / tavsiye,2,,1,Promoter,88.9,1,1
CSI-CRD-00013,Kredi Kullanan Müşteri,Stenos Auto_2025_CSI_Soru_Formu_v2-Final,2026-03-30,Stenos Ankara Çankaya,Ankara,İç Anadolu Bölgesi,Şehreban Kardelen Sezgin Türk,Hafif Ticari,Retail,49,Kadın,150.000 TL üzeri,2380000,36,18.9,1,1,,2,Başka kuruluş araştırmadım,Kampanyaları olması; Düşük peşinat / peşinatsız kredi imkânı; Kredi alımlarında hızlılık,5,Evrak ve geri dönüş süreçlerinde sorun yaşadım,1.0,7,Danışmanın bilgilendirmesi yetersizdi,,5,4,4,4,Taksit seçenekleri ihtiyacıma uymadı,4,6,Onay süreci beklediğimden uzun sürdü,1,,1,Yeni Kredi Başvurusu için,5.0,Ödememin hesaplara gecikmeli yansıması,2,,1,2,0,6,1.0,Kredi avantajı; Fiyat avantajı,,,,,7.0,4.0,4.0,Fiyat/teminat dengesi beklentimin altındaydı,"Gazete, dergi ilanlarından",2,,2,Detractor,44.4,0,0
CSI-CRD-00014,Kredi Kullanan Müşteri,Stenos Auto_2025_CSI_Soru_Formu_v2-Final,2026-06-09,Stenos İstanbul Maslak,İstanbul,Marmara Bölgesi,Arş. Gör. Edaviye Nuriyet Çorlu Durmuş,Hafif Ticari,Filo,45,Kadın,25.001 - 50.000 TL,509000,48,2.5,1,1,,2,Başka kuruluş araştırmadım,Markaya duyulan güven; Düşük peşinat / peşinatsız kredi imkânı; Ödeme Planında Esneklik,8,Genel olarak iyiydi ancak bazı aşamalar uzun sürdü,,7,Danışmanın bilgilendirmesi yetersizdi,,9,8,9,8,,7,7,,2,Taksit tarihleri net anlatılmadı,1,Hesap / Borç durumu öğrenme,9.0,,1,Web sitesi; Sosyal medya,2,8,8,6,,,,,,,,,,,,2,,1,Passive,77.8,0,0
CSI-CRD-00015,Kredi Kullanan Müşteri,Stenos Auto_2025_CSI_Soru_Formu_v2-Final,2025-06-03,Stenos İzmir Bornova,İzmir,Ege Bölgesi,Nevsale Ürper Akar,Otomobil-Binek,Filo,54,Erkek,85.001 - 150.000 TL,669000,36,5.7,1,1,,1,Finans Bank; Yapı ve Kredi Bankası,Daha uzun vade; Ulaşım kolaylığı; Markanın finans kurumu olması,10,"Süreç hızlı ilerledi, bilgilendirme yeterliydi",,10,Danışman ilgili ve bilgiliydi,,10,9,10,10,,8,10,,1,,2,,,,2,,3,9,10,8,,,,,,,,,,,,2,,1,Promoter,100.0,1,1
CSI-CRD-00016,Kredi Kullanan Müşteri,Stenos Auto_2025_CSI_Soru_Formu_v2-Final,2025-07-10,Stenos Bursa Nilüfer,Bursa,Marmara Bölgesi,Alanalp Ülker,Hafif Ticari,Filo,51,Kadın,85.001 - 150.000 TL,1321000,36,6.9,1,1,,1,Yapı ve Kredi Bankası,Markaya duyulan güven; Kredi alımlarında hızlılık; Ödeme Planında Esneklik,10,"Süreç hızlı ilerledi, bilgilendirme yeterliydi",,9,Danışman ilgili ve bilgiliydi,,10,10,10,10,,10,10,,2,Erken kapama koşulları açıklanmadı,1,Fatura ile ilgili olarak; Kredimin ödeme planını revize etmek,9.0,,2,,2,10,10,7,,,,,,,,,,,,1,1.0,1,Promoter,100.0,1,1
CSI-CRD-00017,Kredi Kullanan Müşteri,Stenos Auto_2025_CSI_Soru_Formu_v2-Final,2025-09-19,Stenos Antalya Muratpaşa,Antalya,Akdeniz Bölgesi,Prof. Ferzi Asım Akdeniz,Otomobil-Binek,Filo,31,Erkek,150.000 TL üzeri,1212000,48,5.2,1,1,,1,Yapı ve Kredi Bankası,Faiz oranı; Ulaşım kolaylığı; Düşük peşinat / peşinatsız kredi imkânı,10,"Süreç hızlı ilerledi, bilgilendirme yeterliydi",,10,Danışman ilgili ve bilgiliydi,,9,10,10,7,,10,8,,1,,1,Fatura ile ilgili olarak,10.0,,1,Sosyal medya; Stenos Auto Mobil App; Acente,1,8,9,8,,,,,,,,,,,,2,,1,Promoter,100.0,1,0
CSI-CRD-00018,Kredi Kullanan Müşteri,Stenos Auto_2025_CSI_Soru_Formu_v2-Final,2025-04-13,Stenos Malatya Battalgazi,Malatya,Doğu Anadolu Bölgesi,Av. Azettin Kavurt Aslan,Hafif Ticari,Retail,35,Erkek,150.000 TL üzeri,1959000,24,1.0,1,1,,2,Vakıflar Bankası; HSBC Bank; ING,Ödeme Planında Esneklik; Faiz oranı; Hizmet kalitesi,10,"Süreç hızlı ilerledi, bilgilendirme yeterliydi",,10,Danışman ilgili ve bilgiliydi,,9,10,10,9,,10,10,,2,Taksit tarihleri net anlatılmadı,2,,,,1,"Web sitesi; Gazete, dergi vb.; Stenos Auto Mobil App",3,10,10,8,2.0,,1.0,1.0,Muafiyetsiz cam teminatı,Sigorta şirketi memnuniyetsizliği,,,,,,2,,1,Promoter,100.0,1,1
CSI-CRD-00019,Kredi Kullanan Müşteri,Stenos Auto_2025_CSI_Soru_Formu_v2-Final,2025-03-25,Stenos Adana Seyhan,Adana,Akdeniz Bölgesi,Dr. Nezize Feyzin Arsoy Ergül,Otomobil-Binek,Retail,47,Kadın,85.001 - 150.000 TL,699000,24,12.4,1,1,,1,Başka kuruluş araştırmadım,Daha az döküman/daha az prosedür; Sorunların zamanında çözülmesi; Müşteri ilişkileri,6,Evrak ve geri dönüş süreçlerinde sorun yaşadım,2.0,5,Danışmanın bilgilendirmesi yetersizdi,1.0,6,7,7,4,Taksit seçenekleri ihtiyacıma uymadı,5,6,Onay süreci beklediğimden uzun sürdü,1,,2,,,,2,,1,3,6,7,2.0,,2.0,,,Servis hizmet memnuniyetsizliği,,,,,,2,,1,Detractor,55.6,0,0
CSI-CRD-00020,Kredi Kullanan Müşteri,Stenos Auto_2025_CSI_Soru_Formu_v2-Final,2025-09-19,Stenos Erzurum Yakutiye,Erzurum,Doğu Anadolu Bölgesi,Tınal Aslan,Otomobil-Binek,Retail,32,Kadın,150.000 TL üzeri,2233000,24,9.8,1,2,Nakit bütçemi bozmak istemedim,1,Başka kuruluş araştırmadım,Kampanyaları olması; Müşteri ilişkileri; Faiz oranı,8,Genel olarak iyiydi ancak bazı aşamalar uzun sürdü,,9,Danışman ilgili ve bilgiliydi,,10,9,6,7,,9,8,,2,Gecikme faizi hakkında bilgi verilmedi,2,,,,1,Stenos Auto Mobil App; Sosyal medya,3,6,8,5,2.0,,1.0,1.0,Yol yardım hizmeti,Kendi sigortacısı/tanıdık acente olması; Servis hizmet memnuniyetsizliği,,,,,,2,,1,Passive,77.8,0,0
CSI-CRD-00021,Kredi Kullanan Müşteri,Stenos Auto_2025_CSI_Soru_Formu_v2-Final,2025-04-13,Stenos Trabzon Ortahisar,Trabzon,Karadeniz Bölgesi,Tanbay Şener,Otomobil-Binek,Retail,27,Erkek,150.000 TL üzeri,1770000,60,32.7,1,2,Nakit bütçemi bozmak istemedim,1,QNB Fibabank; Burgan Bank; Alternatifbank,Markaya duyulan güven; Daha az döküman/daha az prosedür; Düşük peşinat / peşinatsız kredi imkânı,4,Evrak ve geri dönüş süreçlerinde sorun yaşadım,1.0,1,Danışmanın bilgilendirmesi yetersizdi,99.0,3,4,2,6,Taksit seçenekleri ihtiyacıma uymadı,2,4,Onay süreci beklediğimden uzun sürdü,2,Erken kapama koşulları açıklanmadı,2,,,,1,Stenos Auto Mobil App,1,4,3,3,2.0,,2.0,,,Kendi sigortacısı/tanıdık acente olması; Servis hizmet memnuniyetsizliği,,,,,,2,,1,Detractor,33.3,0,0
CSI-CRD-00022,Kredi Kullanan Müşteri,Stenos Auto_2025_CSI_Soru_Formu_v2-Final,2026-01-20,Stenos İstanbul Kadıköy,İstanbul,Marmara Bölgesi,Arş. Gör. Yurtgüven Yüksel,Otomobil-Binek,Retail,21,Erkek,150.000 TL üzeri,1489000,48,4.3,1,2,Satış danışmanının yönlendirmesi,2,Başka kuruluş araştırmadım,Düşük peşinat / peşinatsız kredi imkânı; Hizmet kalitesi; Daha önce kredi kullanmıştım,10,"Süreç hızlı ilerledi, bilgilendirme yeterliydi",,10,Danışman ilgili ve bilgiliydi,,9,10,10,9,,10,10,,1,,3,,,,2,,2,8,9,10,1.0,Fiyat avantajı; Kredi avantajı,,,,,10.0,8.0,10.0,,Stenos Auto Finans veya Stenos Auto iletişim hattından,2,,1,Promoter,100.0,1,0
CSI-CRD-00023,Kredi Kullanan Müşteri,Stenos Auto_2025_CSI_Soru_Formu_v2-Final,2025-08-31,Stenos İzmir Bornova,İzmir,Ege Bölgesi,Öğr. Kasim Aslan,Otomobil-Binek,Filo,46,Erkek,50.001 - 85.000 TL,1538000,60,5.1,1,1,,1,Denizbank,Daha önce kredi kullanmıştım; Faiz oranı; Müşteri ilişkileri,10,"Süreç hızlı ilerledi, bilgilendirme yeterliydi",,10,Danışman ilgili ve bilgiliydi,,10,10,10,9,,9,10,,1,,1,Senet İadesi; Yeni Kredi Başvurusu için,10.0,,2,,2,10,9,9,,,,,,,,,,,,2,,1,Promoter,100.0,1,1
CSI-CRD-00024,Kredi Kullanan Müşteri,Stenos Auto_2025_CSI_Soru_Formu_v2-Final,2026-04-13,Stenos Diyarbakır Kayapınar,Diyarbakır,Güney Doğu Anadolu Bölgesi,Dr. Günkurt Şanlı Öcalan,Hafif Ticari,Retail,55,Kadın,50.001 - 85.000 TL,1132000,36,10.1,1,1,,1,Şekerbank,Daha az döküman/daha az prosedür; Markanın finans kurumu olması; Kredi alımlarında hızlılık,8,Genel olarak iyiydi ancak bazı aşamalar uzun sürdü,,9,Danışman ilgili ve bilgiliydi,,7,8,9,8,,8,9,,1,,2,,,,1,Acente; Stenos Auto Mobil App,2,7,7,9,1.0,Kredi avantajı,,,,,9.0,7.0,6.0,Fiyat/teminat dengesi beklentimin altındaydı,Yetkili servisten; Acente satış danışmanı,2,,1,Passive,77.8,0,0
CSI-CRD-00025,Kredi Kullanan Müşteri,Stenos Auto_2025_CSI_Soru_Formu_v2-Final,2026-02-05,Stenos Erzurum Yakutiye,Erzurum,Doğu Anadolu Bölgesi,Eflâtun İlgi Türk,Hafif Ticari,Retail,66,Erkek,85.001 - 150.000 TL,1112000,24,5.4,1,2,Nakit bütçemi bozmak istemedim,1,HSBC Bank; Ziraat Bankası,Daha az döküman/daha az prosedür; Faiz oranı; Ödeme Planında Esneklik,9,"Süreç hızlı ilerledi, bilgilendirme yeterliydi",,10,Danışman ilgili ve bilgiliydi,,10,9,10,8,,9,9,,2,Gecikme faizi hakkında bilgi verilmedi,1,Banka Hesap No'ları hakkında bilgi; Sigorta,7.0,,1,Web sitesi; Acente,3,9,9,10,2.0,,2.0,,,Sigorta şirketi memnuniyetsizliği; Kendi sigortacısı/tanıdık acente olması,,,,,,2,,1,Promoter,88.9,1,1
CSI-CRD-00026,Kredi Kullanan Müşteri,Stenos Auto_2025_CSI_Soru_Formu_v2-Final,2025-06-13,Stenos İzmir Bornova,İzmir,Ege Bölgesi,Rabbiye Aslan,Otomobil-Binek,Retail,53,Kadın,25.001 - 50.000 TL,580000,36,41.4,1,1,,1,Denizbank; Halk Bankası; Ziraat Bankası,Faiz oranı; Araçla birlikte tüm finansal hizmetleri tek noktada sunabilmeleri; Düşük peşinat / peşinatsız kredi imkânı,4,Evrak ve geri dönüş süreçlerinde sorun yaşadım,1.0,3,Danışmanın bilgilendirmesi yetersizdi,1.0,5,5,5,5,Taksit seçenekleri ihtiyacıma uymadı,4,3,Onay süreci beklediğimden uzun sürdü,1,,3,,,,2,,2,2,5,2,2.0,,3.0,,,Servis hizmet memnuniyetsizliği,,,,,,2,,2,Detractor,33.3,0,0
CSI-CRD-00027,Kredi Kullanan Müşteri,Stenos Auto_2025_CSI_Soru_Formu_v2-Final,2026-04-26,Stenos Trabzon Ortahisar,Trabzon,Karadeniz Bölgesi,Dirlik Çamurcuoğlu,Otomobil-Binek,Retail,35,Erkek,85.001 - 150.000 TL,1995000,60,2.5,1,2,Satış danışmanının yönlendirmesi,2,İş Bankası,Sigorta hizmetlerinin de olması; Sorunların zamanında çözülmesi; Kredi alımlarında hızlılık,10,"Süreç hızlı ilerledi, bilgilendirme yeterliydi",,9,Danışman ilgili ve bilgiliydi,,9,10,9,9,,10,10,,1,,2,,,,1,"Web sitesi; Gazete, dergi vb.; Sosyal medya",3,10,9,9,1.0,Fiyat avantajı,,,,,10.0,8.0,7.0,Fiyat/teminat dengesi beklentimin altındaydı,"Acente satış danışmanı; Gazete, dergi ilanlarından",2,,1,Promoter,100.0,1,1
CSI-CRD-00028,Kredi Kullanan Müşteri,Stenos Auto_2025_CSI_Soru_Formu_v2-Final,2026-03-07,Stenos Bursa Nilüfer,Bursa,Marmara Bölgesi,Gülşa Şensoy,Otomobil-Binek,Retail,48,Kadın,85.001 - 150.000 TL,1573000,24,3.1,1,2,Peşinat ve vade esnekliği ikna etti,1,TEB (Türk Ekonomi Bankası); HSBC Bank,Ödeme Planında Esneklik; Araçla birlikte tüm finansal hizmetleri tek noktada sunabilmeleri; Sorunların zamanında çözülmesi,10,"Süreç hızlı ilerledi, bilgilendirme yeterliydi",,10,Danışman ilgili ve bilgiliydi,,10,10,10,10,,8,10,,1,,1,Kredi Borcunu erken kapama; Banka Hesap No'ları hakkında bilgi,8.0,,1,"Stenos Auto Mobil App; Sosyal medya; Gazete, dergi vb.",3,10,10,9,2.0,,2.0,,,Kendi sigortacısı/tanıdık acente olması,,,,,,2,,1,Promoter,100.0,1,1
CSI-CRD-00029,Kredi Kullanan Müşteri,Stenos Auto_2025_CSI_Soru_Formu_v2-Final,2025-07-30,Stenos Malatya Battalgazi,Malatya,Doğu Anadolu Bölgesi,Öğr. Sevican Manço Eraslan,Hafif Ticari,Retail,34,Kadın,85.001 - 150.000 TL,1622000,60,17.5,1,1,,1,Başka kuruluş araştırmadım,Müşteri ilişkileri; Kredi alımlarında hızlılık; Daha az döküman/daha az prosedür,4,Evrak ve geri dönüş süreçlerinde sorun yaşadım,2.0,4,Danışmanın bilgilendirmesi yetersizdi,1.0,4,5,3,4,Taksit seçenekleri ihtiyacıma uymadı,4,5,Onay süreci beklediğimden uzun sürdü,1,,1,Rehin Kaldırma; Kredi Devri / Transferi,4.0,Müşteri temsilcisinin yaklaşımı,2,,3,5,6,6,1.0,Fiyat avantajı; Teminat içeriği,,,,,6.0,5.0,9.0,,Stenos Auto Finans veya Stenos Auto iletişim hattından; Acente satış danışmanı,2,,1,Detractor,33.3,0,0
CSI-CRD-00030,Kredi Kullanan Müşteri,Stenos Auto_2025_CSI_Soru_Formu_v2-Final,2025-05-19,Stenos İstanbul Maslak,İstanbul,Marmara Bölgesi,Erdibay Korutürk,Otomobil-Binek,Filo,63,Erkek,150.000 TL üzeri,1902000,60,2.0,1,1,,2,Başka kuruluş araştırmadım,Ödeme Planında Esneklik; Sigorta hizmetlerinin de olması; Sorunların zamanında çözülmesi,9,"Süreç hızlı ilerledi, bilgilendirme yeterliydi",,9,Danışman ilgili ve bilgiliydi,,10,8,8,8,,6,9,,1,,1,Sigorta Muvafakatnamesi; Kaza,9.0,,2,,3,9,9,10,,,,,,,,,,,,2,,1,Promoter,88.9,1,1
CSI-CRD-00031,Kredi Kullanan Müşteri,Stenos Auto_2025_CSI_Soru_Formu_v2-Final,2026-02-17,Stenos Malatya Battalgazi,Malatya,Doğu Anadolu Bölgesi,İlklima Şafak,Otomobil-Binek,Retail,56,Erkek,85.001 - 150.000 TL,947000,60,1.0,1,2,Kampanya koşulları cazipti,1,TEB (Türk Ekonomi Bankası); Yapı ve Kredi Bankası; Halk Bankası,Markaya duyulan güven; Kampanyaları olması; Araçla birlikte tüm finansal hizmetleri tek noktada sunabilmeleri,10,"Süreç hızlı ilerledi, bilgilendirme yeterliydi",,10,Danışman ilgili ve bilgiliydi,,9,10,8,10,,10,10,,1,,1,Kredi Borcunu erken kapama; Sigorta,9.0,,1,Stenos Auto Mobil App,2,9,10,10,2.0,,1.0,1.0,Yeni değer klozu,Sigorta şirketi memnuniyetsizliği,,,,,,2,,1,Promoter,100.0,1,1
CSI-CRD-00032,Kredi Kullanan Müşteri,Stenos Auto_2025_CSI_Soru_Formu_v2-Final,2025-03-10,Stenos Denizli Merkezefendi,Denizli,Ege Bölgesi,Nevsale Bilgin Yaman,Otomobil-Binek,Retail,30,Erkek,150.000 TL üzeri,1862000,24,4.4,1,2,Acentede sunulan faiz oranı beklediğimden uygundu,2,Denizbank; Halk Bankası; ING,Kampanyaları olması; Daha uzun vade; Düşük peşinat / peşinatsız kredi imkânı,10,"Süreç hızlı ilerledi, bilgilendirme yeterliydi",,10,Danışman ilgili ve bilgiliydi,,10,10,9,10,,8,10,,2,Taksit tarihleri net anlatılmadı,1,Kredi geri ödeme planımı temin etmek,10.0,,2,,2,10,9,7,2.0,,2.0,,,Kendi sigortacısı/tanıdık acente olması; Servis hizmet memnuniyetsizliği,,,,,,2,,1,Promoter,100.0,1,1
CSI-CRD-00033,Kredi Kullanan Müşteri,Stenos Auto_2025_CSI_Soru_Formu_v2-Final,2025-04-28,Stenos Samsun İlkadım,Samsun,Karadeniz Bölgesi,Dr. Aysuna Bilge Demir,Hafif Ticari,Retail,32,Erkek,150.000 TL üzeri,1295000,36,17.9,1,2,Kampanya koşulları cazipti,1,Halk Bankası,Kredi alımlarında hızlılık; Faiz oranı; Müşteri ilişkileri,8,Genel olarak iyiydi ancak bazı aşamalar uzun sürdü,,10,Danışman ilgili ve bilgiliydi,,8,7,10,8,,9,8,,1,,1,Kaza; Kredimin ödeme planını revize etmek,7.0,,1,Sosyal medya; Stenos Auto Mobil App; Web sitesi,1,6,7,5,1.0,Teminat içeriği,,,,,9.0,9.0,9.0,,"Gazete, dergi ilanlarından; Stenos Auto Finans veya Stenos Auto internet sayfalarından",2,,1,Passive,77.8,0,0
CSI-CRD-00034,Kredi Kullanan Müşteri,Stenos Auto_2025_CSI_Soru_Formu_v2-Final,2025-01-02,Stenos Diyarbakır Kayapınar,Diyarbakır,Güney Doğu Anadolu Bölgesi,Tekbay Aksu,Otomobil-Binek,Filo,60,Kadın,150.000 TL üzeri,2429000,36,8.5,1,1,,1,Vakıflar Bankası; AlBaraka; Anadolubank,Daha az döküman/daha az prosedür; Sorunların zamanında çözülmesi; Faiz oranı,10,"Süreç hızlı ilerledi, bilgilendirme yeterliydi",,10,Danışman ilgili ve bilgiliydi,,99,8,8,7,,9,10,,1,,2,,,,1,Acente,1,9,9,10,,,,,,,,,,,,2,,1,Promoter,100.0,1,1
CSI-CRD-00035,Kredi Kullanan Müşteri,Stenos Auto_2025_CSI_Soru_Formu_v2-Final,2026-03-10,Stenos Kayseri Melikgazi,Kayseri,İç Anadolu Bölgesi,Yrd. Doç. Banü Nurşan Kısakürek,Otomobil-Binek,Filo,32,Erkek,150.000 TL üzeri,1971000,36,11.0,1,2,Acentede sunulan faiz oranı beklediğimden uygundu,2,Başka kuruluş araştırmadım,Daha az döküman/daha az prosedür; Daha önce kredi kullanmıştım; Markaya duyulan güven,9,"Süreç hızlı ilerledi, bilgilendirme yeterliydi",,7,Danışmanın bilgilendirmesi yetersizdi,,9,10,9,6,Taksit seçenekleri ihtiyacıma uymadı,8,8,,1,,2,,,,1,Web sitesi; Acente; Sosyal medya,3,9,9,6,,,,,,,,,,,,2,,1,Promoter,88.9,1,1
CSI-CRD-00036,Kredi Kullanan Müşteri,Stenos Auto_2025_CSI_Soru_Formu_v2-Final,2026-01-13,Stenos İstanbul Maslak,İstanbul,Marmara Bölgesi,Arş. Gör. Hüda Çağlar Bilge Akça,Otomobil-Binek,Retail,36,Erkek,50.001 - 85.000 TL,1533000,24,7.1,1,1,,1,Denizbank,Daha önce kredi kullanmıştım; Personelin genel tutum davranışları; Ödeme Planında Esneklik,9,"Süreç hızlı ilerledi, bilgilendirme yeterliydi",,8,Danışman ilgili ve bilgiliydi,,9,10,8,9,,8,8,,1,,2,,,,1,Sosyal medya,1,10,9,8,2.0,,1.0,1.0,Yeni değer klozu,Kendi sigortacısı/tanıdık acente olması,,,,,,2,,2,Promoter,88.9,1,1
CSI-CRD-00037,Kredi Kullanan Müşteri,Stenos Auto_2025_CSI_Soru_Formu_v2-Final,2026-02-14,Stenos Adana Seyhan,Adana,Akdeniz Bölgesi,Uraltay Gül,Otomobil-Binek,Retail,26,Erkek,150.000 TL üzeri,2288000,60,11.4,1,1,,1,Halk Bankası; Akbank,Müşteri ilişkileri; Kredi alımlarında hızlılık; Personelin genel tutum davranışları,7,Genel olarak iyiydi ancak bazı aşamalar uzun sürdü,,9,Danışman ilgili ve bilgiliydi,,7,7,7,7,,6,8,,1,,2,,,,1,"Stenos Auto Mobil App; Gazete, dergi vb.; Web sitesi",1,7,7,5,1.0,Kredi avantajı,,,,,6.0,6.0,3.0,Fiyat/teminat dengesi beklentimin altındaydı,Stenos Auto Finans veya Stenos Auto internet sayfalarından,1,2.0,2,Passive,66.7,0,0
CSI-CRD-00038,Kredi Kullanan Müşteri,Stenos Auto_2025_CSI_Soru_Formu_v2-Final,2026-03-15,Stenos Denizli Merkezefendi,Denizli,Ege Bölgesi,Us Sadittin İnönü Aslan,Otomobil-Binek,Filo,45,Kadın,85.001 - 150.000 TL,2364000,48,1.1,1,1,,1,Yapı ve Kredi Bankası; ING,Ulaşım kolaylığı; Sigorta hizmetlerinin de olması; Daha uzun vade,10,"Süreç hızlı ilerledi, bilgilendirme yeterliydi",,10,Danışman ilgili ve bilgiliydi,,10,10,10,10,,10,10,,1,,2,,,,1,"Sosyal medya; Gazete, dergi vb.; Stenos Auto Mobil App",1,9,10,10,,,,,,,,,,,,2,,1,Promoter,100.0,1,1
CSI-CRD-00039,Kredi Kullanan Müşteri,Stenos Auto_2025_CSI_Soru_Formu_v2-Final,2025-09-05,Stenos İstanbul Maslak,İstanbul,Marmara Bölgesi,Dilfeza Arslan,Hafif Ticari,Retail,59,Erkek,25.001 - 50.000 TL,773000,24,4.2,1,1,,1,Garanti Bankası; Ziraat Bankası; Anadolubank,Ulaşım kolaylığı; Araçla birlikte tüm finansal hizmetleri tek noktada sunabilmeleri; Sorunların zamanında çözülmesi,10,"Süreç hızlı ilerledi, bilgilendirme yeterliydi",,9,Danışman ilgili ve bilgiliydi,,9,9,10,10,,10,10,,1,,3,,,,2,,1,9,10,8,2.0,,1.0,1.0,Yeni değer klozu,Kendi sigortacısı/tanıdık acente olması,,,,,,2,,1,Promoter,100.0,1,1
CSI-CRD-00040,Kredi Kullanan Müşteri,Stenos Auto_2025_CSI_Soru_Formu_v2-Final,2025-11-07,Stenos Ankara Çankaya,Ankara,İç Anadolu Bölgesi,Uz. Servinaz Adila Gül,Otomobil-Binek,Retail,35,Kadın,85.001 - 150.000 TL,1270000,12,1.0,1,2,Acentede sunulan faiz oranı beklediğimden uygundu,1,Anadolubank; Akbank,Ulaşım kolaylığı; Markaya duyulan güven; Faiz oranı,9,"Süreç hızlı ilerledi, bilgilendirme yeterliydi",,8,Danışman ilgili ve bilgiliydi,,9,8,99,7,,10,10,,1,,2,,,,2,,1,7,8,9,2.0,,2.0,,,Kendi sigortacısı/tanıdık acente olması; Sigorta şirketi memnuniyetsizliği,,,,,,2,,2,Passive,88.9,1,0
CSI-CRD-00041,Kredi Kullanan Müşteri,Stenos Auto_2025_CSI_Soru_Formu_v2-Final,2025-03-03,Stenos İzmir Bornova,İzmir,Ege Bölgesi,Tomurcuk İnönü,Otomobil-Binek,Retail,51,Kadın,50.001 - 85.000 TL,1278000,24,10.6,1,1,,2,AlBaraka; Kuveyt Türk; Akbank,Araçla birlikte tüm finansal hizmetleri tek noktada sunabilmeleri; Ulaşım kolaylığı; Markanın finans kurumu olması,6,Evrak ve geri dönüş süreçlerinde sorun yaşadım,1.0,6,Danışmanın bilgilendirmesi yetersizdi,1.0,5,6,5,6,Taksit seçenekleri ihtiyacıma uymadı,6,6,Onay süreci beklediğimden uzun sürdü,2,Gecikme faizi hakkında bilgi verilmedi,2,,,,1,"Acente; Gazete, dergi vb.",2,9,8,5,2.0,,1.0,1.0,Yol yardım hizmeti,Servis hizmet memnuniyetsizliği,,,,,,1,2.0,1,Passive,55.6,0,1
CSI-CRD-00042,Kredi Kullanan Müşteri,Stenos Auto_2025_CSI_Soru_Formu_v2-Final,2025-03-18,Stenos İzmir Bornova,İzmir,Ege Bölgesi,Arş. Gör. Baba Bilge,Otomobil-Binek,Retail,45,Kadın,50.001 - 85.000 TL,1517000,24,5.7,1,1,,2,Halk Bankası,Daha önce kredi kullanmıştım; Markanın finans kurumu olması; Ulaşım kolaylığı,10,"Süreç hızlı ilerledi, bilgilendirme yeterliydi",,9,Danışman ilgili ve bilgiliydi,,10,10,8,10,,99,10,,1,,2,,,,2,,2,10,10,10,1.0,Kredi avantajı,,,,,7.0,7.0,10.0,,İnternet reklamlarından; Yetkili servisten,2,,1,Promoter,100.0,1,1
CSI-CRD-00043,Kredi Kullanan Müşteri,Stenos Auto_2025_CSI_Soru_Formu_v2-Final,2026-01-11,Stenos Ankara Çankaya,Ankara,İç Anadolu Bölgesi,Türknur Şennur Akar,Otomobil-Binek,Retail,54,Kadın,25.001 - 50.000 TL,387000,48,1.6,1,1,,2,Başka kuruluş araştırmadım,Faiz oranı; Araçla birlikte tüm finansal hizmetleri tek noktada sunabilmeleri; Markanın finans kurumu olması,9,"Süreç hızlı ilerledi, bilgilendirme yeterliydi",,10,Danışman ilgili ve bilgiliydi,,7,9,7,8,,9,99,,1,,2,,,,2,,3,8,8,7,2.0,,1.0,2.0,,Servis hizmet memnuniyetsizliği; Sigorta şirketi memnuniyetsizliği,,,,,,2,,1,Passive,88.9,1,0
CSI-CRD-00044,Kredi Kullanan Müşteri,Stenos Auto_2025_CSI_Soru_Formu_v2-Final,2025-09-17,Stenos Kayseri Melikgazi,Kayseri,İç Anadolu Bölgesi,Karaer İnönü,Otomobil-Binek,Retail,55,Erkek,85.001 - 150.000 TL,1317000,24,57.2,1,1,,1,Başka kuruluş araştırmadım,Ödeme Planında Esneklik; Düşük peşinat / peşinatsız kredi imkânı; Kredi alımlarında hızlılık,3,Evrak ve geri dönüş süreçlerinde sorun yaşadım,1.0,4,Danışmanın bilgilendirmesi yetersizdi,1.0,1,4,5,1,Taksit seçenekleri ihtiyacıma uymadı,99,2,Onay süreci beklediğimden uzun sürdü,1,,1,Fatura ile ilgili olarak,3.0,Ödememin hesaplara gecikmeli yansıması,1,Acente; Stenos Auto Mobil App,3,2,3,2,1.0,Kredi avantajı; Fiyat avantajı,,,,,2.0,3.0,2.0,Fiyat/teminat dengesi beklentimin altındaydı,Acente görselliği sayesinde,2,,1,Detractor,22.2,0,0
CSI-CRD-00045,Kredi Kullanan Müşteri,Stenos Auto_2025_CSI_Soru_Formu_v2-Final,2025-11-18,Stenos Ankara Çankaya,Ankara,İç Anadolu Bölgesi,Arş. Gör. Özakan İhsanoğlu,Otomobil-Binek,Retail,38,Erkek,150.000 TL üzeri,2100000,24,4.9,1,1,,1,Başka kuruluş araştırmadım,Markanın finans kurumu olması; Kredi alımlarında hızlılık; Ödeme Planında Esneklik,10,"Süreç hızlı ilerledi, bilgilendirme yeterliydi",,10,Danışman ilgili ve bilgiliydi,,99,10,9,9,,10,10,,1,,2,,,,2,,1,9,10,10,1.0,Teminat içeriği,,,,,10.0,9.0,10.0,,"Yetkili servisten; Gazete, dergi ilanlarından",2,,2,Promoter,100.0,1,1
CSI-CRD-00046,Kredi Kullanan Müşteri,Stenos Auto_2025_CSI_Soru_Formu_v2-Final,2026-03-22,Stenos Erzurum Yakutiye,Erzurum,Doğu Anadolu Bölgesi,Sümeyye Hayrioğlu,Hafif Ticari,Filo,51,Erkek,25.000 TL altı,556000,24,11.8,1,1,,2,ING; Türkiye Finans,Markanın finans kurumu olması; Sigorta hizmetlerinin de olması; Daha az döküman/daha az prosedür,8,Genel olarak iyiydi ancak bazı aşamalar uzun sürdü,,7,Danışmanın bilgilendirmesi yetersizdi,,5,8,8,10,,8,8,,1,,1,Sigorta; Kredi Devri / Transferi,8.0,,1,"Gazete, dergi vb.; Web sitesi",1,7,8,4,,,,,,,,,,,,2,,1,Passive,77.8,0,0
CSI-CRD-00047,Kredi Kullanan Müşteri,Stenos Auto_2025_CSI_Soru_Formu_v2-Final,2026-01-17,Stenos Samsun İlkadım,Samsun,Karadeniz Bölgesi,Bayan Dilfeza İhsanoğlu Arsoy,Hafif Ticari,Retail,52,Kadın,50.001 - 85.000 TL,1474000,24,3.2,1,1,,1,Şekerbank; Akbank; Ziraat Bankası,Ulaşım kolaylığı; Personelin genel tutum davranışları; Sorunların zamanında çözülmesi,8,Genel olarak iyiydi ancak bazı aşamalar uzun sürdü,,9,Danışman ilgili ve bilgiliydi,,8,8,9,10,,8,9,,1,,2,,,,2,,1,10,9,5,2.0,,1.0,2.0,,Sigorta şirketi memnuniyetsizliği; Servis hizmet memnuniyetsizliği,,,,,,2,,1,Promoter,77.8,0,1
CSI-CRD-00048,Kredi Kullanan Müşteri,Stenos Auto_2025_CSI_Soru_Formu_v2-Final,2025-11-20,Stenos Denizli Merkezefendi,Denizli,Ege Bölgesi,Hayrünnisa Ağbegim Yüksel,Otomobil-Binek,Filo,38,Erkek,50.001 - 85.000 TL,1656000,24,3.2,1,1,,2,Başka kuruluş araştırmadım,Faiz oranı; Ulaşım kolaylığı; Araçla birlikte tüm finansal hizmetleri tek noktada sunabilmeleri,10,"Süreç hızlı ilerledi, bilgilendirme yeterliydi",,10,Danışman ilgili ve bilgiliydi,,9,10,10,10,,99,10,,1,,2,,,,1,Acente; Stenos Auto Mobil App; Web sitesi,3,10,10,8,,,,,,,,,,,,2,,1,Promoter,100.0,1,1
CSI-CRD-00049,Kredi Kullanan Müşteri,Stenos Auto_2025_CSI_Soru_Formu_v2-Final,2025-11-18,Stenos Gaziantep Şahinbey,Gaziantep,Güney Doğu Anadolu Bölgesi,Atilhan Gül,Otomobil-Binek,Retail,42,Erkek,50.001 - 85.000 TL,1074000,36,9.6,1,1,,1,HSBC Bank; Denizbank; TEB (Türk Ekonomi Bankası),Ulaşım kolaylığı; Kredi alımlarında hızlılık; Düşük peşinat / peşinatsız kredi imkânı,10,"Süreç hızlı ilerledi, bilgilendirme yeterliydi",,99,,,99,10,9,10,,10,10,,2,Gecikme faizi hakkında bilgi verilmedi,1,Kredimin ödeme planını revize etmek; Kredi geri ödeme planımı temin etmek,8.0,,1,Acente; Stenos Auto Mobil App,2,9,10,10,1.0,Kredi avantajı; Teminat içeriği,,,,,7.0,10.0,10.0,,Acente satış danışmanı,1,1.0,1,Promoter,100.0,1,1
CSI-CRD-00050,Kredi Kullanan Müşteri,Stenos Auto_2025_CSI_Soru_Formu_v2-Final,2025-05-21,Stenos Gaziantep Şahinbey,Gaziantep,Güney Doğu Anadolu Bölgesi,Av. Behiza İnönü Duran,Hafif Ticari,Retail,37,Kadın,50.001 - 85.000 TL,1237000,12,5.9,1,1,,1,Kuveyt Türk,Sigorta hizmetlerinin de olması; Faiz oranı; Daha az döküman/daha az prosedür,8,Genel olarak iyiydi ancak bazı aşamalar uzun sürdü,,7,Danışmanın bilgilendirmesi yetersizdi,,99,10,8,8,,9,9,,1,,1,Sigorta Muvafakatnamesi,8.0,,1,Stenos Auto Mobil App; Web sitesi; Acente,1,10,9,8,1.0,Fiyat avantajı,,,,,10.0,10.0,10.0,,Stenos Auto Finans veya Stenos Auto iletişim hattından,2,,1,Promoter,77.8,0,1
CSI-CRD-00051,Kredi Kullanan Müşteri,Stenos Auto_2025_CSI_Soru_Formu_v2-Final,2025-01-20,Stenos Gaziantep Şahinbey,Gaziantep,Güney Doğu Anadolu Bölgesi,Başok Ülker,Otomobil-Binek,Retail,43,Kadın,50.001 - 85.000 TL,1821000,36,1.0,1,2,Kampanya koşulları cazipti,2,ING; TEB (Türk Ekonomi Bankası),Sorunların zamanında çözülmesi; Faiz oranı; Hizmet kalitesi,9,"Süreç hızlı ilerledi, bilgilendirme yeterliydi",,9,Danışman ilgili ve bilgiliydi,,9,10,7,10,,8,9,,2,Gecikme faizi hakkında bilgi verilmedi,1,Kredi geri ödeme planımı temin etmek,10.0,,1,Sosyal medya; Acente,1,7,8,7,2.0,,1.0,1.0,Yeni değer klozu,Kendi sigortacısı/tanıdık acente olması; Servis hizmet memnuniyetsizliği,,,,,,2,,1,Passive,88.9,1,0
CSI-CRD-00052,Kredi Kullanan Müşteri,Stenos Auto_2025_CSI_Soru_Formu_v2-Final,2025-08-10,Stenos Erzurum Yakutiye,Erzurum,Doğu Anadolu Bölgesi,Arş. Gör. Firdevis Eraslan Fırat,Hafif Ticari,Filo,40,Erkek,85.001 - 150.000 TL,1396000,36,1.0,1,1,,1,Alternatifbank,Kampanyaları olması; Müşteri ilişkileri; Araçla birlikte tüm finansal hizmetleri tek noktada sunabilmeleri,9,"Süreç hızlı ilerledi, bilgilendirme yeterliydi",,8,Danışman ilgili ve bilgiliydi,,8,10,9,7,,8,9,,1,,2,,,,2,,2,10,10,6,,,,,,,,,,,,2,,1,Promoter,88.9,1,1
CSI-CRD-00053,Kredi Kullanan Müşteri,Stenos Auto_2025_CSI_Soru_Formu_v2-Final,2025-04-08,Stenos İstanbul Kadıköy,İstanbul,Marmara Bölgesi,Öğr. Zerafet Gülper Demirel,Otomobil-Binek,Retail,37,Kadın,85.001 - 150.000 TL,1633000,48,4.9,1,1,,1,Başka kuruluş araştırmadım,Daha az döküman/daha az prosedür; Araçla birlikte tüm finansal hizmetleri tek noktada sunabilmeleri; Sigorta hizmetlerinin de olması,9,"Süreç hızlı ilerledi, bilgilendirme yeterliydi",,10,Danışman ilgili ve bilgiliydi,,10,9,8,10,,9,9,,1,,1,Kredi Borcunu erken kapama,8.0,,2,,2,9,9,10,1.0,Teminat içeriği,,,,,8.0,8.0,9.0,,Stenos Auto Finans veya Stenos Auto internet sayfalarından,2,,1,Promoter,88.9,1,1
CSI-CRD-00054,Kredi Kullanan Müşteri,Stenos Auto_2025_CSI_Soru_Formu_v2-Final,2025-07-25,Stenos İzmir Bornova,İzmir,Ege Bölgesi,Piran Nurda Dumanlı,Otomobil-Binek,Retail,62,Erkek,25.001 - 50.000 TL,735000,24,5.9,1,2,Acentede sunulan faiz oranı beklediğimden uygundu,2,Başka kuruluş araştırmadım,Markanın finans kurumu olması; Kredi alımlarında hızlılık; Personelin genel tutum davranışları,10,"Süreç hızlı ilerledi, bilgilendirme yeterliydi",,10,Danışman ilgili ve bilgiliydi,,10,10,7,10,,10,8,,2,Gecikme faizi hakkında bilgi verilmedi,2,,,,2,,2,10,10,8,1.0,Teminat içeriği; Fiyat avantajı,,,,,8.0,9.0,8.0,Fiyat/teminat dengesi beklentimin altındaydı,Stenos Auto Finans veya Stenos Auto internet sayfalarından; Stenos Auto Finans veya Stenos Auto iletişim hattından,2,,1,Promoter,100.0,1,1
CSI-CRD-00055,Kredi Kullanan Müşteri,Stenos Auto_2025_CSI_Soru_Formu_v2-Final,2026-04-11,Stenos İzmir Bornova,İzmir,Ege Bölgesi,Dr. Hoşkadem Hadrey Erdoğan Şama,Otomobil-Binek,Retail,50,Kadın,25.001 - 50.000 TL,659000,24,4.0,1,1,,2,OdeaBank,Faiz oranı; Daha az döküman/daha az prosedür; Düşük peşinat / peşinatsız kredi imkânı,8,Genel olarak iyiydi ancak bazı aşamalar uzun sürdü,,10,Danışman ilgili ve bilgiliydi,,9,7,7,8,,6,9,,1,,2,,,,1,"Web sitesi; Gazete, dergi vb.",2,10,9,9,2.0,,1.0,1.0,Değer kaybı teminatı,Kendi sigortacısı/tanıdık acente olması; Servis hizmet memnuniyetsizliği,,,,,,2,,1,Promoter,77.8,0,1
CSI-CRD-00056,Kredi Kullanan Müşteri,Stenos Auto_2025_CSI_Soru_Formu_v2-Final,2025-04-17,Stenos Adana Seyhan,Adana,Akdeniz Bölgesi,Soykut Durmuş,Otomobil-Binek,Retail,54,Erkek,50.001 - 85.000 TL,1824000,36,5.0,1,1,,2,TEB (Türk Ekonomi Bankası); Yapı ve Kredi Bankası,Daha az döküman/daha az prosedür; Markaya duyulan güven; Sorunların zamanında çözülmesi,10,"Süreç hızlı ilerledi, bilgilendirme yeterliydi",,10,Danışman ilgili ve bilgiliydi,,10,9,10,10,,99,10,,1,,2,,,,1,Acente; Sosyal medya,3,9,9,10,1.0,Teminat içeriği,,,,,10.0,9.0,8.0,Fiyat/teminat dengesi beklentimin altındaydı,Stenos Auto Finans veya Stenos Auto iletişim hattından,2,,1,Promoter,100.0,1,1
CSI-CRD-00057,Kredi Kullanan Müşteri,Stenos Auto_2025_CSI_Soru_Formu_v2-Final,2025-02-06,Stenos İstanbul Kadıköy,İstanbul,Marmara Bölgesi,Yrd. Doç. Duruk Abdülahat Erdoğan,Otomobil-Binek,Retail,55,Erkek,150.000 TL üzeri,2140000,60,4.6,1,1,,2,AlBaraka; Kuveyt Türk; Anadolubank,Ulaşım kolaylığı; Sigorta hizmetlerinin de olması; Ödeme Planında Esneklik,9,"Süreç hızlı ilerledi, bilgilendirme yeterliydi",,8,Danışman ilgili ve bilgiliydi,,7,10,7,10,,6,10,,2,Gecikme faizi hakkında bilgi verilmedi,2,,,,2,,1,10,10,7,1.0,Teminat içeriği; Fiyat avantajı,,,,,8.0,9.0,10.0,,Yetkili servisten; İnternet reklamlarından,2,,2,Promoter,88.9,1,1
CSI-CRD-00058,Kredi Kullanan Müşteri,Stenos Auto_2025_CSI_Soru_Formu_v2-Final,2025-05-14,Stenos Erzurum Yakutiye,Erzurum,Doğu Anadolu Bölgesi,Eflâtun Arcan Akçay,Otomobil-Binek,Retail,40,Kadın,50.001 - 85.000 TL,831000,36,8.0,1,1,,2,Ziraat Bankası; ING,Hizmet kalitesi; Daha önce kredi kullanmıştım; Sigorta hizmetlerinin de olması,10,"Süreç hızlı ilerledi, bilgilendirme yeterliydi",,10,Danışman ilgili ve bilgiliydi,,99,10,10,10,,7,9,,1,,2,,,,2,,3,10,9,10,2.0,,2.0,,,Sigorta şirketi memnuniyetsizliği,,,,,,2,,1,Promoter,100.0,1,1
CSI-CRD-00059,Kredi Kullanan Müşteri,Stenos Auto_2025_CSI_Soru_Formu_v2-Final,2025-05-17,Stenos Erzurum Yakutiye,Erzurum,Doğu Anadolu Bölgesi,Gürsal Arkut Zorlu,Otomobil-Binek,Retail,45,Erkek,150.000 TL üzeri,2339000,48,40.8,1,1,,1,Garanti Bankası; İş Bankası,Faiz oranı; Markaya duyulan güven; Daha önce kredi kullanmıştım,6,Evrak ve geri dönüş süreçlerinde sorun yaşadım,1.0,7,Danışmanın bilgilendirmesi yetersizdi,,5,5,6,4,Taksit seçenekleri ihtiyacıma uymadı,6,4,Onay süreci beklediğimden uzun sürdü,1,,2,,,,1,Stenos Auto Mobil App; Acente,1,2,6,6,2.0,,1.0,2.0,,Kendi sigortacısı/tanıdık acente olması; Sigorta şirketi memnuniyetsizliği,,,,,,1,1.0,2,Detractor,55.6,0,0
CSI-CRD-00060,Kredi Kullanan Müşteri,Stenos Auto_2025_CSI_Soru_Formu_v2-Final,2026-01-20,Stenos Samsun İlkadım,Samsun,Karadeniz Bölgesi,Çev. Tüzeer Nurullah Bilir,Hafif Ticari,Filo,36,Erkek,25.001 - 50.000 TL,347000,24,4.0,1,2,Nakit bütçemi bozmak istemedim,1,Vakıflar Bankası; OdeaBank,Faiz oranı; Ödeme Planında Esneklik; Daha uzun vade,7,Genel olarak iyiydi ancak bazı aşamalar uzun sürdü,,9,Danışman ilgili ve bilgiliydi,,8,5,5,6,Taksit seçenekleri ihtiyacıma uymadı,7,8,,2,Taksit tarihleri net anlatılmadı,1,Kredi geri ödeme planımı temin etmek,5.0,Dekontların ellerine ulaşmaması,2,,2,9,7,8,,,,,,,,,,,,2,,1,Passive,66.7,0,1
CSI-CRD-00061,Kredi Kullanan Müşteri,Stenos Auto_2025_CSI_Soru_Formu_v2-Final,2025-11-16,Stenos Ankara Çankaya,Ankara,İç Anadolu Bölgesi,Yigit İhsanoğlu,Hafif Ticari,Retail,50,Kadın,85.001 - 150.000 TL,1929000,36,4.6,1,2,Acentede sunulan faiz oranı beklediğimden uygundu,1,Başka kuruluş araştırmadım,Düşük peşinat / peşinatsız kredi imkânı; Daha önce kredi kullanmıştım; Müşteri ilişkileri,9,"Süreç hızlı ilerledi, bilgilendirme yeterliydi",,8,Danışman ilgili ve bilgiliydi,,7,8,10,7,,10,10,,1,,2,,,,1,"Gazete, dergi vb.; Sosyal medya; Stenos Auto Mobil App",1,10,9,6,2.0,,2.0,,,Kendi sigortacısı/tanıdık acente olması,,,,,,2,,1,Promoter,88.9,1,1
CSI-CRD-00062,Kredi Kullanan Müşteri,Stenos Auto_2025_CSI_Soru_Formu_v2-Final,2026-03-12,Stenos Antalya Muratpaşa,Antalya,Akdeniz Bölgesi,Öğr. Sonnur Sezgin Seven,Otomobil-Binek,Retail,49,Erkek,150.000 TL üzeri,1783000,48,2.1,1,2,Peşinat ve vade esnekliği ikna etti,1,Başka kuruluş araştırmadım,Sorunların zamanında çözülmesi; Daha az döküman/daha az prosedür; Hizmet kalitesi,10,"Süreç hızlı ilerledi, bilgilendirme yeterliydi",,10,Danışman ilgili ve bilgiliydi,,10,10,10,9,,10,10,,1,,1,Kredi Devri / Transferi; Banka Hesap No'ları hakkında bilgi,10.0,,2,,2,10,10,9,1.0,Kredi avantajı; Fiyat avantajı,,,,,9.0,10.0,10.0,,Yetkili servisten; Daha önce kredi kullanan tanıdıklarımdan / tavsiye,2,,1,Promoter,100.0,1,1
CSI-CRD-00063,Kredi Kullanan Müşteri,Stenos Auto_2025_CSI_Soru_Formu_v2-Final,2026-01-30,Stenos Ankara Çankaya,Ankara,İç Anadolu Bölgesi,Aykutalp Sakarya,Hafif Ticari,Retail,52,Kadın,150.000 TL üzeri,2474000,48,5.8,1,1,,2,QNB Fibabank; Akbank; Denizbank,Sigorta hizmetlerinin de olması; Markaya duyulan güven; Ödeme Planında Esneklik,10,"Süreç hızlı ilerledi, bilgilendirme yeterliydi",,9,Danışman ilgili ve bilgiliydi,,10,10,10,10,,8,10,,1,,1,Senet İadesi,10.0,,2,,1,9,9,7,2.0,,1.0,2.0,,Servis hizmet memnuniyetsizliği; Sigorta şirketi memnuniyetsizliği,,,,,,2,,1,Promoter,100.0,1,1
CSI-CRD-00064,Kredi Kullanan Müşteri,Stenos Auto_2025_CSI_Soru_Formu_v2-Final,2025-07-16,Stenos Gaziantep Şahinbey,Gaziantep,Güney Doğu Anadolu Bölgesi,Okt. Safinaz Revza Ertaş,Otomobil-Binek,Retail,42,Erkek,150.000 TL üzeri,1496000,36,2.2,1,1,,1,Alternatifbank; Finans Bank,Daha uzun vade; Araçla birlikte tüm finansal hizmetleri tek noktada sunabilmeleri; Sorunların zamanında çözülmesi,9,"Süreç hızlı ilerledi, bilgilendirme yeterliydi",,9,Danışman ilgili ve bilgiliydi,,7,10,9,99,,9,8,,1,,2,,,,2,,2,9,9,9,2.0,,3.0,,,Servis hizmet memnuniyetsizliği,,,,,,2,,1,Promoter,88.9,1,1
CSI-CRD-00065,Kredi Kullanan Müşteri,Stenos Auto_2025_CSI_Soru_Formu_v2-Final,2026-04-25,Stenos Samsun İlkadım,Samsun,Karadeniz Bölgesi,Ulu Tunçboğa Şensoy,Otomobil-Binek,Retail,33,Erkek,85.001 - 150.000 TL,1455000,36,2.7,1,1,,1,İş Bankası,Müşteri ilişkileri; Hizmet kalitesi; Kredi alımlarında hızlılık,10,"Süreç hızlı ilerledi, bilgilendirme yeterliydi",,10,Danışman ilgili ve bilgiliydi,,10,10,9,10,,99,10,,1,,2,,,,1,Stenos Auto Mobil App,1,10,9,10,1.0,Teminat içeriği; Fiyat avantajı,,,,,10.0,9.0,10.0,,"Gazete, dergi ilanlarından",2,,2,Promoter,100.0,1,1
CSI-CRD-00066,Kredi Kullanan Müşteri,Stenos Auto_2025_CSI_Soru_Formu_v2-Final,2025-03-23,Stenos İstanbul Maslak,İstanbul,Marmara Bölgesi,Altınkaya Koşukhan Gül Şama,Hafif Ticari,Retail,39,Erkek,85.001 - 150.000 TL,958000,36,4.2,1,1,,2,Burgan Bank; Ziraat Bankası; TEB (Türk Ekonomi Bankası),Düşük peşinat / peşinatsız kredi imkânı; Sigorta hizmetlerinin de olması; Müşteri ilişkileri,10,"Süreç hızlı ilerledi, bilgilendirme yeterliydi",,10,Danışman ilgili ve bilgiliydi,,10,10,10,8,,10,10,,1,,1,Sigorta Muvafakatnamesi,99.0,,2,,3,9,10,9,1.0,Fiyat avantajı; Teminat içeriği,,,,,9.0,10.0,10.0,,Acente satış danışmanı; Stenos Auto Finans veya Stenos Auto internet sayfalarından,2,,1,Promoter,100.0,1,1
CSI-CRD-00067,Kredi Kullanan Müşteri,Stenos Auto_2025_CSI_Soru_Formu_v2-Final,2025-01-18,Stenos Antalya Muratpaşa,Antalya,Akdeniz Bölgesi,Erdursun Dalkılıç Akar Duran,Otomobil-Binek,Retail,45,Erkek,50.001 - 85.000 TL,1607000,36,1.0,1,1,,1,Halk Bankası,Müşteri ilişkileri; Ulaşım kolaylığı; Araçla birlikte tüm finansal hizmetleri tek noktada sunabilmeleri,9,"Süreç hızlı ilerledi, bilgilendirme yeterliydi",,10,Danışman ilgili ve bilgiliydi,,99,10,99,8,,8,9,,1,,2,,,,1,"Acente; Web sitesi; Gazete, dergi vb.",1,10,10,8,1.0,Fiyat avantajı,,,,,7.0,8.0,10.0,,"Gazete, dergi ilanlarından",2,,2,Promoter,88.9,1,1
CSI-CRD-00068,Kredi Kullanan Müşteri,Stenos Auto_2025_CSI_Soru_Formu_v2-Final,2025-02-25,Stenos Erzurum Yakutiye,Erzurum,Doğu Anadolu Bölgesi,Uz. Sadiye Gülbiye Aslan Ertaş,Otomobil-Binek,Retail,70,Erkek,50.001 - 85.000 TL,727000,36,5.7,1,2,Kampanya koşulları cazipti,2,Başka kuruluş araştırmadım,Markanın finans kurumu olması; Hizmet kalitesi; Düşük peşinat / peşinatsız kredi imkânı,8,Genel olarak iyiydi ancak bazı aşamalar uzun sürdü,,7,Danışmanın bilgilendirmesi yetersizdi,,9,8,8,9,,6,9,,1,,1,Senet İadesi,8.0,,2,,1,7,8,10,2.0,,2.0,,,Sigorta şirketi memnuniyetsizliği,,,,,,2,,1,Passive,77.8,0,0
CSI-CRD-00069,Kredi Kullanan Müşteri,Stenos Auto_2025_CSI_Soru_Formu_v2-Final,2026-02-04,Stenos Diyarbakır Kayapınar,Diyarbakır,Güney Doğu Anadolu Bölgesi,Av. Arıkol Mirbadin Sezgin,Otomobil-Binek,Retail,26,Erkek,85.001 - 150.000 TL,1029000,48,1.5,1,2,Acentede sunulan faiz oranı beklediğimden uygundu,1,Başka kuruluş araştırmadım,Markaya duyulan güven; Ulaşım kolaylığı; Kampanyaları olması,10,"Süreç hızlı ilerledi, bilgilendirme yeterliydi",,10,Danışman ilgili ve bilgiliydi,,9,10,9,10,,10,10,,1,,3,,,,1,Stenos Auto Mobil App,1,9,10,8,1.0,Kredi avantajı,,,,,9.0,10.0,10.0,,Yetkili servisten; Daha önce kredi kullanan tanıdıklarımdan / tavsiye,2,,1,Promoter,100.0,1,1
CSI-CRD-00070,Kredi Kullanan Müşteri,Stenos Auto_2025_CSI_Soru_Formu_v2-Final,2025-09-28,Stenos Adana Seyhan,Adana,Akdeniz Bölgesi,Aliihsan Tunahan Duran Karadeniz,Otomobil-Binek,Retail,34,Kadın,150.000 TL üzeri,2275000,24,10.0,1,2,Peşinat ve vade esnekliği ikna etti,2,Ziraat Bankası; Finans Bank,Düşük peşinat / peşinatsız kredi imkânı; Faiz oranı; Markaya duyulan güven,10,"Süreç hızlı ilerledi, bilgilendirme yeterliydi",,10,Danışman ilgili ve bilgiliydi,,9,10,10,99,,10,10,,1,,2,,,,1,"Stenos Auto Mobil App; Gazete, dergi vb.; Sosyal medya",2,10,10,10,2.0,,1.0,1.0,Değer kaybı teminatı,Kendi sigortacısı/tanıdık acente olması; Sigorta şirketi memnuniyetsizliği,,,,,,2,,1,Promoter,100.0,1,1
CSI-CRD-00071,Kredi Kullanan Müşteri,Stenos Auto_2025_CSI_Soru_Formu_v2-Final,2025-03-27,Stenos İstanbul Maslak,İstanbul,Marmara Bölgesi,Aygutalp İhsanoğlu,Otomobil-Binek,Retail,54,Erkek,50.001 - 85.000 TL,1281000,24,11.6,1,1,,1,Anadolubank,Ödeme Planında Esneklik; Personelin genel tutum davranışları; Faiz oranı,10,"Süreç hızlı ilerledi, bilgilendirme yeterliydi",,9,Danışman ilgili ve bilgiliydi,,10,10,9,10,,10,10,,1,,1,Kredi Devri / Transferi; Sigorta,9.0,,2,,3,10,10,7,2.0,,3.0,,,Kendi sigortacısı/tanıdık acente olması; Servis hizmet memnuniyetsizliği,,,,,,2,,1,Promoter,100.0,1,1
CSI-CRD-00072,Kredi Kullanan Müşteri,Stenos Auto_2025_CSI_Soru_Formu_v2-Final,2025-10-16,Stenos İstanbul Kadıköy,İstanbul,Marmara Bölgesi,Uz. Köker Nurullah Güçlü,Hafif Ticari,Retail,50,Erkek,85.001 - 150.000 TL,1126000,48,7.2,1,1,,1,Anadolubank; Denizbank; OdeaBank,Kampanyaları olması; Kredi alımlarında hızlılık; Daha önce kredi kullanmıştım,9,"Süreç hızlı ilerledi, bilgilendirme yeterliydi",,10,Danışman ilgili ve bilgiliydi,,10,9,10,10,,10,10,,1,,1,Adres Değişikliği Bildirme; Kredi Borcunu erken kapama,10.0,,2,,1,9,10,10,2.0,,3.0,,,Servis hizmet memnuniyetsizliği,,,,,,2,,1,Promoter,88.9,1,1
CSI-CRD-00073,Kredi Kullanan Müşteri,Stenos Auto_2025_CSI_Soru_Formu_v2-Final,2025-03-23,Stenos Antalya Muratpaşa,Antalya,Akdeniz Bölgesi,Koçak Akçay,Hafif Ticari,Retail,39,Erkek,150.000 TL üzeri,1974000,12,4.6,1,2,Peşinat ve vade esnekliği ikna etti,1,Halk Bankası,Düşük peşinat / peşinatsız kredi imkânı; Faiz oranı; Ulaşım kolaylığı,10,"Süreç hızlı ilerledi, bilgilendirme yeterliydi",,10,Danışman ilgili ve bilgiliydi,,10,9,10,9,,10,10,,1,,1,Adres Değişikliği Bildirme; Senet İadesi,7.0,,2,,3,10,10,9,1.0,Teminat içeriği,,,,,10.0,10.0,10.0,,Daha önce kredi kullanan tanıdıklarımdan / tavsiye,2,,1,Promoter,100.0,1,1
CSI-CRD-00074,Kredi Kullanan Müşteri,Stenos Auto_2025_CSI_Soru_Formu_v2-Final,2026-02-15,Stenos Diyarbakır Kayapınar,Diyarbakır,Güney Doğu Anadolu Bölgesi,Burakhan Kasim Yılmaz,Hafif Ticari,Retail,44,Kadın,85.001 - 150.000 TL,1629000,60,5.7,1,1,,1,ING; Burgan Bank; AlBaraka,Daha önce kredi kullanmıştım; Hizmet kalitesi; Düşük peşinat / peşinatsız kredi imkânı,8,Genel olarak iyiydi ancak bazı aşamalar uzun sürdü,,99,,,8,10,99,8,,8,9,,1,,2,,,,2,,2,9,10,8,1.0,Fiyat avantajı,,,,,8.0,9.0,8.0,Fiyat/teminat dengesi beklentimin altındaydı,Daha önce kredi kullanan tanıdıklarımdan / tavsiye; Acente satış danışmanı,2,,1,Promoter,77.8,0,1
CSI-CRD-00075,Kredi Kullanan Müşteri,Stenos Auto_2025_CSI_Soru_Formu_v2-Final,2025-08-09,Stenos Bursa Nilüfer,Bursa,Marmara Bölgesi,Kaver İhsanoğlu Çetin,Otomobil-Binek,Filo,27,Erkek,150.000 TL üzeri,2175000,24,2.3,1,1,,1,Alternatifbank; Halk Bankası; AlBaraka,Kampanyaları olması; Araçla birlikte tüm finansal hizmetleri tek noktada sunabilmeleri; Ulaşım kolaylığı,10,"Süreç hızlı ilerledi, bilgilendirme yeterliydi",,10,Danışman ilgili ve bilgiliydi,,99,9,9,10,,10,10,,1,,2,,,,2,,1,10,9,8,,,,,,,,,,,,2,,1,Promoter,100.0,1,1
CSI-CRD-00076,Kredi Kullanan Müşteri,Stenos Auto_2025_CSI_Soru_Formu_v2-Final,2025-07-25,Stenos İstanbul Maslak,İstanbul,Marmara Bölgesi,Çev. Safinaz Çisem Ülker Demirel,Otomobil-Binek,Retail,35,Erkek,85.001 - 150.000 TL,1440000,60,72.7,1,1,,1,Başka kuruluş araştırmadım,Faiz oranı; Hizmet kalitesi; Markanın finans kurumu olması,1,Evrak ve geri dönüş süreçlerinde sorun yaşadım,2.0,2,Danışmanın bilgilendirmesi yetersizdi,1.0,1,1,2,1,Taksit seçenekleri ihtiyacıma uymadı,1,1,Onay süreci beklediğimden uzun sürdü,1,,1,Sigorta Muvafakatnamesi; Fatura ile ilgili olarak,1.0,Ekstre güncellememin gecikmeli olması,1,Acente; Sosyal medya,1,5,6,1,1.0,Teminat içeriği; Kredi avantajı,,,,,3.0,1.0,4.0,Fiyat/teminat dengesi beklentimin altındaydı,Yetkili servisten,2,,2,Detractor,0.0,0,0
CSI-CRD-00077,Kredi Kullanan Müşteri,Stenos Auto_2025_CSI_Soru_Formu_v2-Final,2025-05-08,Stenos Bursa Nilüfer,Bursa,Marmara Bölgesi,Uz. Gülev Arslan Bilir,Otomobil-Binek,Retail,50,Erkek,50.001 - 85.000 TL,525000,60,9.5,1,1,,2,Anadolubank,Araçla birlikte tüm finansal hizmetleri tek noktada sunabilmeleri; Daha uzun vade; Daha az döküman/daha az prosedür,9,"Süreç hızlı ilerledi, bilgilendirme yeterliydi",,9,Danışman ilgili ve bilgiliydi,,9,10,7,10,,99,9,,1,,2,,,,2,,2,9,10,8,1.0,Teminat içeriği,,,,,9.0,10.0,10.0,,İnternet reklamlarından,2,,1,Promoter,88.9,1,1
CSI-CRD-00078,Kredi Kullanan Müşteri,Stenos Auto_2025_CSI_Soru_Formu_v2-Final,2026-01-10,Stenos Antalya Muratpaşa,Antalya,Akdeniz Bölgesi,Sezal Zahid Duran,Otomobil-Binek,Filo,44,Erkek,25.001 - 50.000 TL,1002000,60,3.9,1,1,,1,Türkiye Finans; AlBaraka; QNB Fibabank,Kredi alımlarında hızlılık; Kampanyaları olması; Araçla birlikte tüm finansal hizmetleri tek noktada sunabilmeleri,10,"Süreç hızlı ilerledi, bilgilendirme yeterliydi",,99,,,10,10,10,10,,9,10,,1,,2,,,,2,,2,10,10,10,,,,,,,,,,,,2,,1,Promoter,100.0,1,1
CSI-CRD-00079,Kredi Kullanan Müşteri,Stenos Auto_2025_CSI_Soru_Formu_v2-Final,2025-07-17,Stenos Samsun İlkadım,Samsun,Karadeniz Bölgesi,Çakırca Gücal Yorulmaz,Otomobil-Binek,Retail,32,Erkek,50.001 - 85.000 TL,722000,36,22.3,1,1,,2,Başka kuruluş araştırmadım,Daha uzun vade; Düşük peşinat / peşinatsız kredi imkânı; Personelin genel tutum davranışları,8,Genel olarak iyiydi ancak bazı aşamalar uzun sürdü,,9,Danışman ilgili ve bilgiliydi,,7,8,6,7,,4,6,Onay süreci beklediğimden uzun sürdü,1,,1,Yeni Kredi Başvurusu için; Banka Hesap No'ları hakkında bilgi,8.0,,2,,2,8,8,6,2.0,,1.0,2.0,,Sigorta şirketi memnuniyetsizliği,,,,,,2,,1,Passive,77.8,0,0
CSI-CRD-00080,Kredi Kullanan Müşteri,Stenos Auto_2025_CSI_Soru_Formu_v2-Final,2025-02-24,Stenos İstanbul Maslak,İstanbul,Marmara Bölgesi,Sittik Nevsal Zorlu,Otomobil-Binek,Retail,31,Erkek,50.001 - 85.000 TL,992000,24,4.1,1,2,Nakit bütçemi bozmak istemedim,2,Burgan Bank; Anadolubank,Hizmet kalitesi; Sorunların zamanında çözülmesi; Personelin genel tutum davranışları,10,"Süreç hızlı ilerledi, bilgilendirme yeterliydi",,10,Danışman ilgili ve bilgiliydi,,99,9,10,10,,9,99,,1,,2,,,,2,,2,10,9,9,1.0,Fiyat avantajı; Kredi avantajı,,,,,7.0,9.0,8.0,Fiyat/teminat dengesi beklentimin altındaydı,Acente görselliği sayesinde,1,2.0,2,Promoter,100.0,1,1
CSI-CRD-00081,Kredi Kullanan Müşteri,Stenos Auto_2025_CSI_Soru_Formu_v2-Final,2025-03-12,Stenos İstanbul Maslak,İstanbul,Marmara Bölgesi,Bay Oruç Çorlu,Otomobil-Binek,Retail,54,Erkek,150.000 TL üzeri,1822000,36,2.1,1,1,,1,Vakıflar Bankası; Garanti Bankası,Daha az döküman/daha az prosedür; Hizmet kalitesi; Daha uzun vade,10,"Süreç hızlı ilerledi, bilgilendirme yeterliydi",,10,Danışman ilgili ve bilgiliydi,,10,10,10,10,,10,10,,2,Taksit tarihleri net anlatılmadı,2,,,,1,"Gazete, dergi vb.",2,9,10,9,1.0,Kredi avantajı,,,,,10.0,10.0,10.0,,Acente satış danışmanı; İnternet reklamlarından,2,,1,Promoter,100.0,1,1
CSI-CRD-00082,Kredi Kullanan Müşteri,Stenos Auto_2025_CSI_Soru_Formu_v2-Final,2026-06-15,Stenos Erzurum Yakutiye,Erzurum,Doğu Anadolu Bölgesi,Dr. Sökmen Erdoğan,Otomobil-Binek,Retail,36,Kadın,150.000 TL üzeri,2466000,36,4.6,1,1,,2,Başka kuruluş araştırmadım,Faiz oranı; Ödeme Planında Esneklik; Daha önce kredi kullanmıştım,10,"Süreç hızlı ilerledi, bilgilendirme yeterliydi",,99,,,10,10,10,99,,9,10,,1,,1,Sigorta; Adres Değişikliği Bildirme,9.0,,2,,3,10,9,9,1.0,Teminat içeriği; Fiyat avantajı,,,,,9.0,10.0,9.0,,Yetkili servisten,1,1.0,1,Promoter,100.0,1,1
CSI-CRD-00083,Kredi Kullanan Müşteri,Stenos Auto_2025_CSI_Soru_Formu_v2-Final,2026-05-02,Stenos Gaziantep Şahinbey,Gaziantep,Güney Doğu Anadolu Bölgesi,Öğr. Baydu Serda Yüksel,Otomobil-Binek,Retail,60,Kadın,25.001 - 50.000 TL,947000,36,4.0,1,1,,2,Başka kuruluş araştırmadım,Müşteri ilişkileri; Hizmet kalitesi; Markanın finans kurumu olması,10,"Süreç hızlı ilerledi, bilgilendirme yeterliydi",,10,Danışman ilgili ve bilgiliydi,,10,10,10,10,,10,9,,1,,2,,,,2,,1,10,10,9,1.0,Kredi avantajı,,,,,10.0,10.0,9.0,,Acente satış danışmanı; Acente görselliği sayesinde,2,,1,Promoter,100.0,1,1
CSI-CRD-00084,Kredi Kullanan Müşteri,Stenos Auto_2025_CSI_Soru_Formu_v2-Final,2026-02-04,Stenos Gaziantep Şahinbey,Gaziantep,Güney Doğu Anadolu Bölgesi,Tayaydın Atalay Seven,Otomobil-Binek,Filo,25,Erkek,150.000 TL üzeri,1968000,24,4.3,1,2,Kampanya koşulları cazipti,2,Başka kuruluş araştırmadım,Personelin genel tutum davranışları; Markaya duyulan güven; Daha önce kredi kullanmıştım,9,"Süreç hızlı ilerledi, bilgilendirme yeterliydi",,8,Danışman ilgili ve bilgiliydi,,9,10,10,8,,10,9,,1,,1,Kredi geri ödeme planımı temin etmek,10.0,,2,,3,10,9,7,,,,,,,,,,,,1,1.0,1,Promoter,88.9,1,1
CSI-CRD-00085,Kredi Kullanan Müşteri,Stenos Auto_2025_CSI_Soru_Formu_v2-Final,2025-05-02,Stenos Erzurum Yakutiye,Erzurum,Doğu Anadolu Bölgesi,Kader Bilir,Hafif Ticari,Retail,21,Kadın,85.001 - 150.000 TL,637000,36,11.5,1,2,Kampanya koşulları cazipti,2,Anadolubank; Halk Bankası,Markaya duyulan güven; Daha az döküman/daha az prosedür; Müşteri ilişkileri,7,Genel olarak iyiydi ancak bazı aşamalar uzun sürdü,,9,Danışman ilgili ve bilgiliydi,,6,8,7,7,,6,7,,1,,2,,,,2,,2,4,4,9,1.0,Kredi avantajı,,,,,8.0,6.0,5.0,Fiyat/teminat dengesi beklentimin altındaydı,Stenos Auto Finans veya Stenos Auto iletişim hattından,2,,1,Detractor,66.7,0,0
CSI-CRD-00086,Kredi Kullanan Müşteri,Stenos Auto_2025_CSI_Soru_Formu_v2-Final,2026-06-03,Stenos Denizli Merkezefendi,Denizli,Ege Bölgesi,Hayel Eraslan,Otomobil-Binek,Retail,43,Erkek,85.001 - 150.000 TL,1431000,48,3.9,1,1,,1,HSBC Bank; Anadolubank,Kredi alımlarında hızlılık; Daha az döküman/daha az prosedür; Ulaşım kolaylığı,10,"Süreç hızlı ilerledi, bilgilendirme yeterliydi",,8,Danışman ilgili ve bilgiliydi,,9,9,8,10,,9,10,,1,,2,,,,2,,2,8,10,10,2.0,,2.0,,,Sigorta şirketi memnuniyetsizliği,,,,,,2,,1,Promoter,100.0,1,0
CSI-CRD-00087,Kredi Kullanan Müşteri,Stenos Auto_2025_CSI_Soru_Formu_v2-Final,2026-03-27,Stenos İzmir Bornova,İzmir,Ege Bölgesi,Emal Ülker Şensoy,Otomobil-Binek,Filo,65,Erkek,150.000 TL üzeri,2470000,24,9.5,1,2,Peşinat ve vade esnekliği ikna etti,1,Garanti Bankası,Ödeme Planında Esneklik; Kredi alımlarında hızlılık; Hizmet kalitesi,7,Genel olarak iyiydi ancak bazı aşamalar uzun sürdü,,8,Danışman ilgili ve bilgiliydi,,6,6,6,9,,8,7,,1,,2,,,,2,,2,1,5,4,,,,,,,,,,,,2,,1,Detractor,66.7,0,0
CSI-CRD-00088,Kredi Kullanan Müşteri,Stenos Auto_2025_CSI_Soru_Formu_v2-Final,2026-02-24,Stenos Trabzon Ortahisar,Trabzon,Karadeniz Bölgesi,Sevginur Misra İhsanoğlu,Hafif Ticari,Retail,42,Erkek,150.000 TL üzeri,1958000,36,11.2,1,1,,1,AlBaraka; Garanti Bankası; TEB (Türk Ekonomi Bankası),Ödeme Planında Esneklik; Sorunların zamanında çözülmesi; Kredi alımlarında hızlılık,8,Genel olarak iyiydi ancak bazı aşamalar uzun sürdü,,9,Danışman ilgili ve bilgiliydi,,9,9,8,7,,7,8,,1,,1,Sigorta Muvafakatnamesi,9.0,,1,Web sitesi; Acente; Stenos Auto Mobil App,1,6,8,8,2.0,,1.0,1.0,Yeni değer klozu,Servis hizmet memnuniyetsizliği,,,,,,2,,1,Passive,77.8,0,0
CSI-CRD-00089,Kredi Kullanan Müşteri,Stenos Auto_2025_CSI_Soru_Formu_v2-Final,2025-08-26,Stenos Ankara Çankaya,Ankara,İç Anadolu Bölgesi,Abdülhadi Ertaş,Hafif Ticari,Retail,40,Erkek,85.001 - 150.000 TL,2242000,12,24.8,1,1,,1,Burgan Bank; OdeaBank,Sorunların zamanında çözülmesi; Faiz oranı; Kampanyaları olması,6,Evrak ve geri dönüş süreçlerinde sorun yaşadım,1.0,4,Danışmanın bilgilendirmesi yetersizdi,1.0,7,7,7,2,Taksit seçenekleri ihtiyacıma uymadı,9,6,Onay süreci beklediğimden uzun sürdü,1,,1,Senet İadesi; Kredi Borcunu erken kapama,7.0,,1,Web sitesi; Acente,2,6,7,6,1.0,Fiyat avantajı; Teminat içeriği,,,,,4.0,5.0,9.0,,Acente satış danışmanı; İnternet reklamlarından,2,,1,Passive,55.6,0,0
CSI-CRD-00090,Kredi Kullanan Müşteri,Stenos Auto_2025_CSI_Soru_Formu_v2-Final,2025-05-02,Stenos Antalya Muratpaşa,Antalya,Akdeniz Bölgesi,Aru Safet Bilir Zorlu,Otomobil-Binek,Filo,56,Erkek,50.001 - 85.000 TL,354000,48,12.9,1,2,Satış danışmanının yönlendirmesi,2,Başka kuruluş araştırmadım,Markanın finans kurumu olması; Kampanyaları olması; Daha önce kredi kullanmıştım,7,Genel olarak iyiydi ancak bazı aşamalar uzun sürdü,,8,Danışman ilgili ve bilgiliydi,,8,7,7,10,,7,8,,1,,3,,,,2,,2,7,8,7,,,,,,,,,,,,2,,1,Passive,66.7,0,0
CSI-CRD-00091,Kredi Kullanan Müşteri,Stenos Auto_2025_CSI_Soru_Formu_v2-Final,2025-02-03,Stenos Gaziantep Şahinbey,Gaziantep,Güney Doğu Anadolu Bölgesi,Emine. İhsanoğlu,Hafif Ticari,Retail,53,Kadın,150.000 TL üzeri,2058000,24,5.0,1,2,Kampanya koşulları cazipti,1,Akbank; Alternatifbank,Daha uzun vade; Araçla birlikte tüm finansal hizmetleri tek noktada sunabilmeleri; Markaya duyulan güven,9,"Süreç hızlı ilerledi, bilgilendirme yeterliydi",,8,Danışman ilgili ve bilgiliydi,,10,8,9,8,,9,10,,1,,2,,,,1,Acente; Sosyal medya,2,8,10,10,1.0,Teminat içeriği,,,,,10.0,9.0,9.0,,Stenos Auto Finans veya Stenos Auto iletişim hattından; Yetkili servisten,2,,1,Promoter,88.9,1,0
CSI-CRD-00092,Kredi Kullanan Müşteri,Stenos Auto_2025_CSI_Soru_Formu_v2-Final,2026-05-09,Stenos Bursa Nilüfer,Bursa,Marmara Bölgesi,Behiza Hezniye Arsoy Arslan,Otomobil-Binek,Retail,33,Erkek,150.000 TL üzeri,2473000,24,3.5,1,2,Nakit bütçemi bozmak istemedim,1,AlBaraka; TEB (Türk Ekonomi Bankası); OdeaBank,Markanın finans kurumu olması; Daha uzun vade; Personelin genel tutum davranışları,9,"Süreç hızlı ilerledi, bilgilendirme yeterliydi",,8,Danışman ilgili ve bilgiliydi,,10,10,9,10,,8,10,,2,Erken kapama koşulları açıklanmadı,2,,,,2,,3,6,8,10,1.0,Teminat içeriği,,,,,7.0,7.0,10.0,,Daha önce kredi kullanan tanıdıklarımdan / tavsiye,2,,1,Passive,88.9,1,0
CSI-CRD-00093,Kredi Kullanan Müşteri,Stenos Auto_2025_CSI_Soru_Formu_v2-Final,2025-08-18,Stenos Samsun İlkadım,Samsun,Karadeniz Bölgesi,Öğr. İvecen Duran,Otomobil-Binek,Retail,39,Erkek,150.000 TL üzeri,1296000,24,1.9,1,1,,2,Başka kuruluş araştırmadım,Markanın finans kurumu olması; Hizmet kalitesi; Kampanyaları olması,9,"Süreç hızlı ilerledi, bilgilendirme yeterliydi",,7,Danışmanın bilgilendirmesi yetersizdi,,99,9,7,10,,99,10,,1,,1,Kaza; Kredi Borcunu erken kapama,10.0,,1,"Gazete, dergi vb.",3,10,9,7,2.0,,2.0,,,Servis hizmet memnuniyetsizliği,,,,,,1,2.0,1,Promoter,88.9,1,1
CSI-CRD-00094,Kredi Kullanan Müşteri,Stenos Auto_2025_CSI_Soru_Formu_v2-Final,2025-04-11,Stenos Diyarbakır Kayapınar,Diyarbakır,Güney Doğu Anadolu Bölgesi,Şevketfeza Yosma Yılmaz,Otomobil-Binek,Retail,42,Erkek,150.000 TL üzeri,2358000,36,5.7,1,1,,2,QNB Fibabank,Sorunların zamanında çözülmesi; Müşteri ilişkileri; Daha az döküman/daha az prosedür,10,"Süreç hızlı ilerledi, bilgilendirme yeterliydi",,10,Danışman ilgili ve bilgiliydi,,8,8,99,10,,10,10,,1,,1,Kredi Devri / Transferi; Kredi Borcunu erken kapama,10.0,,2,,2,10,9,6,1.0,Kredi avantajı,,,,,10.0,10.0,9.0,,Stenos Auto Finans veya Stenos Auto internet sayfalarından; Yetkili servisten,2,,1,Promoter,100.0,1,1
CSI-CRD-00095,Kredi Kullanan Müşteri,Stenos Auto_2025_CSI_Soru_Formu_v2-Final,2025-05-16,Stenos Samsun İlkadım,Samsun,Karadeniz Bölgesi,Cuheyna Enfes Eraslan,Otomobil-Binek,Filo,32,Kadın,50.001 - 85.000 TL,1711000,36,8.7,1,1,,2,İş Bankası; OdeaBank,Personelin genel tutum davranışları; Daha önce kredi kullanmıştım; Müşteri ilişkileri,7,Genel olarak iyiydi ancak bazı aşamalar uzun sürdü,,7,Danışmanın bilgilendirmesi yetersizdi,,5,7,6,5,Taksit seçenekleri ihtiyacıma uymadı,7,9,,1,,99,,,,1,"Gazete, dergi vb.; Sosyal medya",3,8,8,5,,,,,,,,,,,,2,,1,Passive,66.7,0,0
CSI-CRD-00096,Kredi Kullanan Müşteri,Stenos Auto_2025_CSI_Soru_Formu_v2-Final,2025-12-06,Stenos Samsun İlkadım,Samsun,Karadeniz Bölgesi,Bahaddin Zoral Durmuş Manço,Hafif Ticari,Retail,58,Erkek,25.001 - 50.000 TL,1450000,36,9.2,1,2,Nakit bütçemi bozmak istemedim,1,Başka kuruluş araştırmadım,Düşük peşinat / peşinatsız kredi imkânı; Müşteri ilişkileri; Sorunların zamanında çözülmesi,8,Genel olarak iyiydi ancak bazı aşamalar uzun sürdü,,7,Danışmanın bilgilendirmesi yetersizdi,,8,9,7,8,,6,8,,2,Taksit tarihleri net anlatılmadı,1,Hesap / Borç durumu öğrenme,8.0,,2,,2,8,8,9,1.0,Kredi avantajı,,,,,8.0,9.0,8.0,Fiyat/teminat dengesi beklentimin altındaydı,İnternet reklamlarından,2,,2,Passive,77.8,0,0
CSI-CRD-00097,Kredi Kullanan Müşteri,Stenos Auto_2025_CSI_Soru_Formu_v2-Final,2025-03-23,Stenos Erzurum Yakutiye,Erzurum,Doğu Anadolu Bölgesi,Lezize Tevetoğlu,Otomobil-Binek,Filo,29,Erkek,150.000 TL üzeri,1189000,60,35.4,1,1,,1,Finans Bank; OdeaBank,Ödeme Planında Esneklik; Sorunların zamanında çözülmesi; Hizmet kalitesi,2,Evrak ve geri dönüş süreçlerinde sorun yaşadım,1.0,2,Danışmanın bilgilendirmesi yetersizdi,1.0,2,3,2,2,Taksit seçenekleri ihtiyacıma uymadı,1,2,Onay süreci beklediğimden uzun sürdü,2,Gecikme faizi hakkında bilgi verilmedi,2,,,,2,,3,4,6,2,,,,,,,,,,,,2,,1,Detractor,11.1,0,0
CSI-CRD-00098,Kredi Kullanan Müşteri,Stenos Auto_2025_CSI_Soru_Formu_v2-Final,2026-04-10,Stenos Kayseri Melikgazi,Kayseri,İç Anadolu Bölgesi,Yaşattin Şama,Hafif Ticari,Retail,41,Erkek,25.000 TL altı,453000,24,13.6,1,2,Acentede sunulan faiz oranı beklediğimden uygundu,1,AlBaraka; Denizbank; TEB (Türk Ekonomi Bankası),Sigorta hizmetlerinin de olması; Araçla birlikte tüm finansal hizmetleri tek noktada sunabilmeleri; Sorunların zamanında çözülmesi,10,"Süreç hızlı ilerledi, bilgilendirme yeterliydi",,9,Danışman ilgili ve bilgiliydi,,10,10,10,9,,10,9,,1,,1,Rehin Kaldırma,10.0,,1,Web sitesi; Sosyal medya,1,10,9,8,1.0,Fiyat avantajı,,,,,10.0,10.0,8.0,Fiyat/teminat dengesi beklentimin altındaydı,Yetkili servisten; Acente görselliği sayesinde,2,,1,Promoter,100.0,1,1
CSI-CRD-00099,Kredi Kullanan Müşteri,Stenos Auto_2025_CSI_Soru_Formu_v2-Final,2026-03-03,Stenos Malatya Battalgazi,Malatya,Doğu Anadolu Bölgesi,Uzsoy Şener,Otomobil-Binek,Retail,60,Kadın,150.000 TL üzeri,2054000,36,1.6,1,1,,2,QNB Fibabank,Daha önce kredi kullanmıştım; Düşük peşinat / peşinatsız kredi imkânı; Ödeme Planında Esneklik,10,"Süreç hızlı ilerledi, bilgilendirme yeterliydi",,10,Danışman ilgili ve bilgiliydi,,10,10,9,8,,9,10,,1,,2,,,,1,"Sosyal medya; Gazete, dergi vb.; Web sitesi",1,10,9,10,1.0,Fiyat avantajı,,,,,10.0,9.0,9.0,,Acente görselliği sayesinde,2,,2,Promoter,100.0,1,1
CSI-CRD-00100,Kredi Kullanan Müşteri,Stenos Auto_2025_CSI_Soru_Formu_v2-Final,2026-02-21,Stenos Trabzon Ortahisar,Trabzon,Karadeniz Bölgesi,Tülin Soylu,Hafif Ticari,Retail,46,Erkek,25.001 - 50.000 TL,1356000,48,18.6,1,2,Kampanya koşulları cazipti,2,Şekerbank,Kredi alımlarında hızlılık; Ödeme Planında Esneklik; Personelin genel tutum davranışları,7,Genel olarak iyiydi ancak bazı aşamalar uzun sürdü,,7,Danışmanın bilgilendirmesi yetersizdi,,6,6,6,5,Taksit seçenekleri ihtiyacıma uymadı,7,6,Onay süreci beklediğimden uzun sürdü,1,,2,,,,2,,2,7,8,6,2.0,,1.0,2.0,,Sigorta şirketi memnuniyetsizliği,,,,,,2,,2,Passive,66.7,0,0
CSI-CRD-00101,Kredi Kullanan Müşteri,Stenos Auto_2025_CSI_Soru_Formu_v2-Final,2025-08-28,Stenos Antalya Muratpaşa,Antalya,Akdeniz Bölgesi,Ayçan Çorlu,Otomobil-Binek,Retail,43,Erkek,150.000 TL üzeri,2427000,24,3.8,1,1,,1,Vakıflar Bankası; Kuveyt Türk,Daha önce kredi kullanmıştım; Araçla birlikte tüm finansal hizmetleri tek noktada sunabilmeleri; Düşük peşinat / peşinatsız kredi imkânı,10,"Süreç hızlı ilerledi, bilgilendirme yeterliydi",,8,Danışman ilgili ve bilgiliydi,,10,10,8,10,,10,10,,1,,2,,,,1,Web sitesi; Stenos Auto Mobil App,2,9,9,10,2.0,,1.0,1.0,Yeni değer klozu,Kendi sigortacısı/tanıdık acente olması,,,,,,2,,1,Promoter,100.0,1,1
CSI-CRD-00102,Kredi Kullanan Müşteri,Stenos Auto_2025_CSI_Soru_Formu_v2-Final,2026-01-01,Stenos Ankara Çankaya,Ankara,İç Anadolu Bölgesi,Av. Kısmet Aynımah Yılmaz,Otomobil-Binek,Retail,68,Kadın,85.001 - 150.000 TL,1011000,48,7.3,1,2,Nakit bütçemi bozmak istemedim,1,Başka kuruluş araştırmadım,Markaya duyulan güven; Sorunların zamanında çözülmesi; Markanın finans kurumu olması,8,Genel olarak iyiydi ancak bazı aşamalar uzun sürdü,,7,Danışmanın bilgilendirmesi yetersizdi,,8,7,8,7,,7,10,,1,,1,Kredi geri ödeme planımı temin etmek; Kaza,6.0,Rehin kaldırma işleminin uzun zaman alması; Talebim onaylanmadı,2,,3,10,10,8,1.0,Teminat içeriği,,,,,7.0,10.0,10.0,,Stenos Auto Finans veya Stenos Auto internet sayfalarından; Acente satış danışmanı,2,,1,Promoter,77.8,0,1
CSI-CRD-00103,Kredi Kullanan Müşteri,Stenos Auto_2025_CSI_Soru_Formu_v2-Final,2025-12-14,Stenos Gaziantep Şahinbey,Gaziantep,Güney Doğu Anadolu Bölgesi,Elvan Şener,Otomobil-Binek,Retail,21,Erkek,50.001 - 85.000 TL,1678000,48,1.6,1,1,,1,Ziraat Bankası,Sigorta hizmetlerinin de olması; Daha uzun vade; Daha az döküman/daha az prosedür,10,"Süreç hızlı ilerledi, bilgilendirme yeterliydi",,10,Danışman ilgili ve bilgiliydi,,9,10,10,10,,99,10,,1,,2,,,,2,,2,10,9,10,1.0,Kredi avantajı,,,,,7.0,10.0,7.0,Fiyat/teminat dengesi beklentimin altındaydı,Acente satış danışmanı; Acente görselliği sayesinde,2,,1,Promoter,100.0,1,1
CSI-CRD-00104,Kredi Kullanan Müşteri,Stenos Auto_2025_CSI_Soru_Formu_v2-Final,2026-01-26,Stenos Denizli Merkezefendi,Denizli,Ege Bölgesi,Feyha Korutürk,Otomobil-Binek,Retail,34,Kadın,50.001 - 85.000 TL,582000,24,6.1,1,1,,2,Burgan Bank; Yapı ve Kredi Bankası,Personelin genel tutum davranışları; Ulaşım kolaylığı; Düşük peşinat / peşinatsız kredi imkânı,9,"Süreç hızlı ilerledi, bilgilendirme yeterliydi",,10,Danışman ilgili ve bilgiliydi,,9,10,9,9,,10,9,,1,,3,,,,2,,1,8,8,9,1.0,Fiyat avantajı,,,,,8.0,10.0,7.0,Fiyat/teminat dengesi beklentimin altındaydı,Stenos Auto Finans veya Stenos Auto internet sayfalarından; Yetkili servisten,2,,1,Passive,88.9,1,0
CSI-CRD-00105,Kredi Kullanan Müşteri,Stenos Auto_2025_CSI_Soru_Formu_v2-Final,2025-02-20,Stenos Malatya Battalgazi,Malatya,Doğu Anadolu Bölgesi,Arş. Gör. Salimet Övün Yılmaz Demir,Otomobil-Binek,Filo,49,Erkek,150.000 TL üzeri,1442000,48,8.3,1,1,,1,HSBC Bank,Kredi alımlarında hızlılık; Markaya duyulan güven; Araçla birlikte tüm finansal hizmetleri tek noktada sunabilmeleri,9,"Süreç hızlı ilerledi, bilgilendirme yeterliydi",,8,Danışman ilgili ve bilgiliydi,,99,9,9,10,,9,9,,1,,2,,,,1,Acente; Sosyal medya,1,8,7,9,,,,,,,,,,,,1,1.0,1,Passive,88.9,1,0
CSI-CRD-00106,Kredi Kullanan Müşteri,Stenos Auto_2025_CSI_Soru_Formu_v2-Final,2025-08-27,Stenos Samsun İlkadım,Samsun,Karadeniz Bölgesi,Uğurkan Akçay,Otomobil-Binek,Retail,32,Erkek,85.001 - 150.000 TL,1315000,60,5.6,1,1,,2,Başka kuruluş araştırmadım,Müşteri ilişkileri; Kampanyaları olması; Düşük peşinat / peşinatsız kredi imkânı,10,"Süreç hızlı ilerledi, bilgilendirme yeterliydi",,99,,,8,9,10,9,,9,10,,1,,1,Sigorta Muvafakatnamesi,99.0,,1,"Web sitesi; Gazete, dergi vb.",1,8,9,10,1.0,Kredi avantajı,,,,,10.0,10.0,6.0,Fiyat/teminat dengesi beklentimin altındaydı,İnternet reklamlarından,2,,1,Promoter,100.0,1,0
CSI-CRD-00107,Kredi Kullanan Müşteri,Stenos Auto_2025_CSI_Soru_Formu_v2-Final,2025-01-13,Stenos Erzurum Yakutiye,Erzurum,Doğu Anadolu Bölgesi,Sancak Türk,Hafif Ticari,Filo,38,Erkek,50.001 - 85.000 TL,913000,48,5.9,1,2,Kampanya koşulları cazipti,1,Kuveyt Türk; İş Bankası; Türkiye Finans,Hizmet kalitesi; Kredi alımlarında hızlılık; Sigorta hizmetlerinin de olması,7,Genel olarak iyiydi ancak bazı aşamalar uzun sürdü,,6,Danışmanın bilgilendirmesi yetersizdi,1.0,8,9,8,6,Taksit seçenekleri ihtiyacıma uymadı,9,8,,1,,1,Yeni Kredi Başvurusu için,6.0,Müşteri temsilcisinin yaklaşımı; Talep ile ilgili doğru bilgi alamaması,2,,2,7,8,6,,,,,,,,,,,,1,1.0,1,Passive,66.7,0,0
CSI-CRD-00108,Kredi Kullanan Müşteri,Stenos Auto_2025_CSI_Soru_Formu_v2-Final,2025-09-12,Stenos Denizli Merkezefendi,Denizli,Ege Bölgesi,İldeş Çalım Manço Şafak,Otomobil-Binek,Retail,27,Erkek,85.001 - 150.000 TL,1186000,48,1.0,1,2,Acentede sunulan faiz oranı beklediğimden uygundu,1,Başka kuruluş araştırmadım,Hizmet kalitesi; Ödeme Planında Esneklik; Kredi alımlarında hızlılık,9,"Süreç hızlı ilerledi, bilgilendirme yeterliydi",,9,Danışman ilgili ve bilgiliydi,,9,10,99,10,,10,8,,1,,2,,,,2,,3,10,9,9,2.0,,1.0,2.0,,Servis hizmet memnuniyetsizliği; Kendi sigortacısı/tanıdık acente olması,,,,,,1,1.0,1,Promoter,88.9,1,1
CSI-CRD-00109,Kredi Kullanan Müşteri,Stenos Auto_2025_CSI_Soru_Formu_v2-Final,2025-06-22,Stenos İzmir Bornova,İzmir,Ege Bölgesi,Aköz Hançer,Hafif Ticari,Retail,47,Kadın,50.001 - 85.000 TL,2148000,24,2.3,1,1,,1,Ziraat Bankası; HSBC Bank,Markanın finans kurumu olması; Ulaşım kolaylığı; Markaya duyulan güven,10,"Süreç hızlı ilerledi, bilgilendirme yeterliydi",,9,Danışman ilgili ve bilgiliydi,,99,99,99,7,,10,10,,2,Erken kapama koşulları açıklanmadı,1,Adres Değişikliği Bildirme; Kredimin ödeme planını revize etmek,9.0,,2,,2,10,10,9,2.0,,1.0,1.0,Değer kaybı teminatı,Servis hizmet memnuniyetsizliği; Kendi sigortacısı/tanıdık acente olması,,,,,,2,,2,Promoter,100.0,1,1
CSI-CRD-00110,Kredi Kullanan Müşteri,Stenos Auto_2025_CSI_Soru_Formu_v2-Final,2025-03-05,Stenos Adana Seyhan,Adana,Akdeniz Bölgesi,Aygönenç Neslinur Bilir Tarhan,Otomobil-Binek,Retail,38,Kadın,85.001 - 150.000 TL,1896000,24,7.5,1,1,,1,QNB Fibabank; Garanti Bankası; Finans Bank,Daha önce kredi kullanmıştım; Ulaşım kolaylığı; Müşteri ilişkileri,8,Genel olarak iyiydi ancak bazı aşamalar uzun sürdü,,8,Danışman ilgili ve bilgiliydi,,8,9,8,6,Taksit seçenekleri ihtiyacıma uymadı,9,8,,1,,2,,,,2,,1,8,7,5,2.0,,1.0,2.0,,Servis hizmet memnuniyetsizliği,,,,,,2,,1,Passive,77.8,0,0
CSI-CRD-00111,Kredi Kullanan Müşteri,Stenos Auto_2025_CSI_Soru_Formu_v2-Final,2025-02-07,Stenos Diyarbakır Kayapınar,Diyarbakır,Güney Doğu Anadolu Bölgesi,Dr. Ağakişi Hükümdar Öcalan,Hafif Ticari,Retail,36,Kadın,85.001 - 150.000 TL,2012000,24,32.0,1,2,Peşinat ve vade esnekliği ikna etti,1,Başka kuruluş araştırmadım,Daha önce kredi kullanmıştım; Düşük peşinat / peşinatsız kredi imkânı; Hizmet kalitesi,5,Evrak ve geri dönüş süreçlerinde sorun yaşadım,1.0,5,Danışmanın bilgilendirmesi yetersizdi,1.0,7,4,3,7,,4,5,Onay süreci beklediğimden uzun sürdü,1,,1,Fatura ile ilgili olarak; Kredi geri ödeme planımı temin etmek,8.0,,1,Stenos Auto Mobil App; Sosyal medya,1,4,2,3,1.0,Fiyat avantajı; Teminat içeriği,,,,,6.0,4.0,5.0,Fiyat/teminat dengesi beklentimin altındaydı,"Acente satış danışmanı; Gazete, dergi ilanlarından",2,,1,Detractor,44.4,0,0
CSI-CRD-00112,Kredi Kullanan Müşteri,Stenos Auto_2025_CSI_Soru_Formu_v2-Final,2025-12-19,Stenos Kayseri Melikgazi,Kayseri,İç Anadolu Bölgesi,Yrd. Doç. Fehmiye Havali Bilge,Otomobil-Binek,Retail,38,Erkek,150.000 TL üzeri,952000,24,7.6,1,2,Kampanya koşulları cazipti,2,Finans Bank; HSBC Bank,Personelin genel tutum davranışları; Hizmet kalitesi; Düşük peşinat / peşinatsız kredi imkânı,6,Evrak ve geri dönüş süreçlerinde sorun yaşadım,2.0,7,Danışmanın bilgilendirmesi yetersizdi,,8,8,6,5,Taksit seçenekleri ihtiyacıma uymadı,99,7,,1,,1,Kaza,6.0,Talep ile ilgili doğru bilgi alamaması; Ödememin hesaplara gecikmeli yansıması,1,Stenos Auto Mobil App; Acente,1,5,8,7,2.0,,1.0,2.0,,Kendi sigortacısı/tanıdık acente olması,,,,,,2,,1,Passive,55.6,0,0
CSI-CRD-00113,Kredi Kullanan Müşteri,Stenos Auto_2025_CSI_Soru_Formu_v2-Final,2025-03-21,Stenos Trabzon Ortahisar,Trabzon,Karadeniz Bölgesi,Prof. Ürfettin Akçay,Hafif Ticari,Retail,39,Erkek,150.000 TL üzeri,2122000,36,6.2,1,2,Peşinat ve vade esnekliği ikna etti,1,QNB Fibabank; Akbank; HSBC Bank,Markanın finans kurumu olması; Ödeme Planında Esneklik; Markaya duyulan güven,9,"Süreç hızlı ilerledi, bilgilendirme yeterliydi",,8,Danışman ilgili ve bilgiliydi,,8,10,8,7,,9,10,,1,,2,,,,2,,2,10,9,9,1.0,Kredi avantajı,,,,,8.0,7.0,10.0,,İnternet reklamlarından; Stenos Auto Finans veya Stenos Auto iletişim hattından,2,,1,Promoter,88.9,1,1
CSI-CRD-00114,Kredi Kullanan Müşteri,Stenos Auto_2025_CSI_Soru_Formu_v2-Final,2026-05-04,Stenos Diyarbakır Kayapınar,Diyarbakır,Güney Doğu Anadolu Bölgesi,Bayan Gül Müsemma Çetin,Otomobil-Binek,Retail,48,Erkek,150.000 TL üzeri,2230000,12,8.9,1,1,,2,Finans Bank; Türkiye Finans; TEB (Türk Ekonomi Bankası),Hizmet kalitesi; Personelin genel tutum davranışları; Faiz oranı,8,Genel olarak iyiydi ancak bazı aşamalar uzun sürdü,,10,Danışman ilgili ve bilgiliydi,,9,9,10,7,,9,8,,1,,1,Adres Değişikliği Bildirme,8.0,,1,Sosyal medya; Web sitesi,1,8,8,7,2.0,,1.0,1.0,Yol yardım hizmeti,Kendi sigortacısı/tanıdık acente olması; Sigorta şirketi memnuniyetsizliği,,,,,,2,,1,Passive,77.8,0,0
CSI-CRD-00115,Kredi Kullanan Müşteri,Stenos Auto_2025_CSI_Soru_Formu_v2-Final,2025-12-16,Stenos Antalya Muratpaşa,Antalya,Akdeniz Bölgesi,Prof. Huban Kerime Aksu,Otomobil-Binek,Retail,46,Kadın,85.001 - 150.000 TL,1803000,36,15.4,1,1,,2,Başka kuruluş araştırmadım,Ödeme Planında Esneklik; Personelin genel tutum davranışları; Araçla birlikte tüm finansal hizmetleri tek noktada sunabilmeleri,7,Genel olarak iyiydi ancak bazı aşamalar uzun sürdü,,7,Danışmanın bilgilendirmesi yetersizdi,,99,6,6,4,Taksit seçenekleri ihtiyacıma uymadı,9,6,Onay süreci beklediğimden uzun sürdü,1,,2,,,,1,Web sitesi; Stenos Auto Mobil App,1,6,8,8,2.0,,1.0,1.0,Yeni değer klozu,Kendi sigortacısı/tanıdık acente olması; Sigorta şirketi memnuniyetsizliği,,,,,,2,,1,Passive,66.7,0,0
CSI-CRD-00116,Kredi Kullanan Müşteri,Stenos Auto_2025_CSI_Soru_Formu_v2-Final,2025-06-11,Stenos Adana Seyhan,Adana,Akdeniz Bölgesi,Kaygusuz Akver Akdeniz Güçlü,Otomobil-Binek,Filo,44,Erkek,150.000 TL üzeri,1991000,36,6.2,1,1,,1,Burgan Bank; Yapı ve Kredi Bankası,Faiz oranı; Personelin genel tutum davranışları; Daha az döküman/daha az prosedür,9,"Süreç hızlı ilerledi, bilgilendirme yeterliydi",,10,Danışman ilgili ve bilgiliydi,,8,9,9,8,,10,10,,2,Taksit tarihleri net anlatılmadı,1,Banka Hesap No'ları hakkında bilgi; Sigorta,10.0,,1,"Gazete, dergi vb.",2,10,9,10,,,,,,,,,,,,2,,1,Promoter,88.9,1,1
CSI-CRD-00117,Kredi Kullanan Müşteri,Stenos Auto_2025_CSI_Soru_Formu_v2-Final,2025-12-16,Stenos Adana Seyhan,Adana,Akdeniz Bölgesi,Öğr. İdiris Münif Ergül,Otomobil-Binek,Retail,51,Kadın,85.001 - 150.000 TL,1282000,24,9.1,1,1,,1,Türkiye Finans; Vakıflar Bankası; AlBaraka,Düşük peşinat / peşinatsız kredi imkânı; Sigorta hizmetlerinin de olması; Araçla birlikte tüm finansal hizmetleri tek noktada sunabilmeleri,9,"Süreç hızlı ilerledi, bilgilendirme yeterliydi",,10,Danışman ilgili ve bilgiliydi,,8,9,10,10,,9,10,,1,,1,Adres Değişikliği Bildirme,99.0,,1,Stenos Auto Mobil App; Acente,1,9,10,6,1.0,Teminat içeriği; Kredi avantajı,,,,,10.0,10.0,7.0,Fiyat/teminat dengesi beklentimin altındaydı,İnternet reklamlarından; Yetkili servisten,1,1.0,2,Promoter,88.9,1,1
CSI-CRD-00118,Kredi Kullanan Müşteri,Stenos Auto_2025_CSI_Soru_Formu_v2-Final,2025-01-30,Stenos İstanbul Maslak,İstanbul,Marmara Bölgesi,Haliye Habibe Yıldırım,Otomobil-Binek,Retail,29,Erkek,150.000 TL üzeri,1807000,48,10.5,1,1,,1,Akbank,Personelin genel tutum davranışları; Düşük peşinat / peşinatsız kredi imkânı; Hizmet kalitesi,8,Genel olarak iyiydi ancak bazı aşamalar uzun sürdü,,10,Danışman ilgili ve bilgiliydi,,9,8,6,7,,6,8,,1,,1,Sigorta Muvafakatnamesi; Senet İadesi,8.0,,2,,2,10,10,8,2.0,,1.0,1.0,Muafiyetsiz cam teminatı,Servis hizmet memnuniyetsizliği,,,,,,2,,1,Promoter,77.8,0,1
CSI-CRD-00119,Kredi Kullanan Müşteri,Stenos Auto_2025_CSI_Soru_Formu_v2-Final,2026-06-03,Stenos Diyarbakır Kayapınar,Diyarbakır,Güney Doğu Anadolu Bölgesi,Korugan Şama,Hafif Ticari,Retail,61,Erkek,85.001 - 150.000 TL,2153000,24,5.3,1,1,,1,AlBaraka,Sorunların zamanında çözülmesi; Faiz oranı; Markaya duyulan güven,10,"Süreç hızlı ilerledi, bilgilendirme yeterliydi",,10,Danışman ilgili ve bilgiliydi,,9,10,10,9,,10,10,,1,,3,,,,2,,1,10,10,10,1.0,Kredi avantajı,,,,,9.0,10.0,9.0,,Daha önce kredi kullanan tanıdıklarımdan / tavsiye,2,,1,Promoter,100.0,1,1
CSI-CRD-00120,Kredi Kullanan Müşteri,Stenos Auto_2025_CSI_Soru_Formu_v2-Final,2025-09-30,Stenos Malatya Battalgazi,Malatya,Doğu Anadolu Bölgesi,Belgizar Öcalan,Otomobil-Binek,Retail,56,Erkek,85.001 - 150.000 TL,1647000,36,11.7,1,2,Acentede sunulan faiz oranı beklediğimden uygundu,1,Vakıflar Bankası,Ödeme Planında Esneklik; Kampanyaları olması; Araçla birlikte tüm finansal hizmetleri tek noktada sunabilmeleri,10,"Süreç hızlı ilerledi, bilgilendirme yeterliydi",,10,Danışman ilgili ve bilgiliydi,,10,9,8,8,,10,10,,1,,1,Adres Değişikliği Bildirme,10.0,,2,,3,9,10,9,1.0,Fiyat avantajı; Teminat içeriği,,,,,10.0,10.0,10.0,,Stenos Auto Finans veya Stenos Auto iletişim hattından,2,,2,Promoter,100.0,1,1
CSI-CRD-00121,Kredi Kullanan Müşteri,Stenos Auto_2025_CSI_Soru_Formu_v2-Final,2026-03-14,Stenos Trabzon Ortahisar,Trabzon,Karadeniz Bölgesi,Necva Şensoy,Otomobil-Binek,Filo,59,Kadın,150.000 TL üzeri,2476000,24,6.1,1,1,,1,Kuveyt Türk,Araçla birlikte tüm finansal hizmetleri tek noktada sunabilmeleri; Sorunların zamanında çözülmesi; Markanın finans kurumu olması,10,"Süreç hızlı ilerledi, bilgilendirme yeterliydi",,10,Danışman ilgili ve bilgiliydi,,10,10,9,10,,9,10,,1,,1,Senet İadesi,10.0,,2,,3,8,9,10,,,,,,,,,,,,2,,2,Promoter,100.0,1,0
CSI-CRD-00122,Kredi Kullanan Müşteri,Stenos Auto_2025_CSI_Soru_Formu_v2-Final,2025-02-22,Stenos Trabzon Ortahisar,Trabzon,Karadeniz Bölgesi,Zehranur Şama Akça,Hafif Ticari,Retail,32,Erkek,150.000 TL üzeri,1527000,36,1.0,1,1,,1,Halk Bankası; Kuveyt Türk; QNB Fibabank,Personelin genel tutum davranışları; Daha uzun vade; Daha az döküman/daha az prosedür,10,"Süreç hızlı ilerledi, bilgilendirme yeterliydi",,10,Danışman ilgili ve bilgiliydi,,9,8,10,10,,10,10,,1,,2,,,,2,,2,10,10,8,1.0,Teminat içeriği,,,,,10.0,10.0,9.0,,Acente satış danışmanı; Stenos Auto Finans veya Stenos Auto iletişim hattından,2,,1,Promoter,100.0,1,1
CSI-CRD-00123,Kredi Kullanan Müşteri,Stenos Auto_2025_CSI_Soru_Formu_v2-Final,2025-09-13,Stenos İzmir Bornova,İzmir,Ege Bölgesi,Barışcan Akgündüz,Otomobil-Binek,Retail,25,Erkek,85.001 - 150.000 TL,1872000,36,9.2,1,2,Acentede sunulan faiz oranı beklediğimden uygundu,2,İş Bankası,Sorunların zamanında çözülmesi; Araçla birlikte tüm finansal hizmetleri tek noktada sunabilmeleri; Düşük peşinat / peşinatsız kredi imkânı,10,"Süreç hızlı ilerledi, bilgilendirme yeterliydi",,10,Danışman ilgili ve bilgiliydi,,10,10,9,8,,10,8,,2,Erken kapama koşulları açıklanmadı,1,Kredimin ödeme planını revize etmek,9.0,,1,Sosyal medya; Stenos Auto Mobil App,1,10,10,9,2.0,,1.0,2.0,,Sigorta şirketi memnuniyetsizliği; Kendi sigortacısı/tanıdık acente olması,,,,,,2,,2,Promoter,100.0,1,1
CSI-CRD-00124,Kredi Kullanan Müşteri,Stenos Auto_2025_CSI_Soru_Formu_v2-Final,2025-09-10,Stenos İstanbul Maslak,İstanbul,Marmara Bölgesi,Gözem Zengin,Otomobil-Binek,Retail,41,Erkek,85.001 - 150.000 TL,1068000,24,2.6,1,1,,2,Şekerbank; Ziraat Bankası,Müşteri ilişkileri; Ödeme Planında Esneklik; Ulaşım kolaylığı,9,"Süreç hızlı ilerledi, bilgilendirme yeterliydi",,9,Danışman ilgili ve bilgiliydi,,7,6,9,10,,10,9,,1,,1,Banka Hesap No'ları hakkında bilgi; Yeni Kredi Başvurusu için,7.0,,1,Sosyal medya; Stenos Auto Mobil App; Acente,2,10,9,9,1.0,Fiyat avantajı; Kredi avantajı,,,,,9.0,10.0,10.0,,Yetkili servisten; Stenos Auto Finans veya Stenos Auto internet sayfalarından,2,,1,Promoter,88.9,1,1
CSI-CRD-00125,Kredi Kullanan Müşteri,Stenos Auto_2025_CSI_Soru_Formu_v2-Final,2026-05-24,Stenos Malatya Battalgazi,Malatya,Doğu Anadolu Bölgesi,Ayduru Sakarya,Hafif Ticari,Filo,21,Kadın,85.001 - 150.000 TL,1414000,24,3.2,1,1,,1,Halk Bankası; Türkiye Finans; Alternatifbank,Faiz oranı; Sigorta hizmetlerinin de olması; Düşük peşinat / peşinatsız kredi imkânı,10,"Süreç hızlı ilerledi, bilgilendirme yeterliydi",,9,Danışman ilgili ve bilgiliydi,,9,10,10,10,,8,10,,1,,1,Rehin Kaldırma; Hesap / Borç durumu öğrenme,8.0,,2,,2,10,9,9,,,,,,,,,,,,2,,1,Promoter,100.0,1,1
CSI-CRD-00126,Kredi Kullanan Müşteri,Stenos Auto_2025_CSI_Soru_Formu_v2-Final,2025-11-21,Stenos Kayseri Melikgazi,Kayseri,İç Anadolu Bölgesi,Okt. Minibe Seblâ Tevetoğlu,Hafif Ticari,Retail,55,Erkek,50.001 - 85.000 TL,839000,24,1.0,1,2,Nakit bütçemi bozmak istemedim,1,Başka kuruluş araştırmadım,Araçla birlikte tüm finansal hizmetleri tek noktada sunabilmeleri; Hizmet kalitesi; Müşteri ilişkileri,10,"Süreç hızlı ilerledi, bilgilendirme yeterliydi",,10,Danışman ilgili ve bilgiliydi,,10,10,10,8,,9,10,,1,,1,Fatura ile ilgili olarak; Senet İadesi,7.0,,1,Acente,3,9,10,10,1.0,Fiyat avantajı,,,,,10.0,10.0,7.0,Fiyat/teminat dengesi beklentimin altındaydı,"Gazete, dergi ilanlarından",2,,1,Promoter,100.0,1,1
CSI-CRD-00127,Kredi Kullanan Müşteri,Stenos Auto_2025_CSI_Soru_Formu_v2-Final,2025-09-05,Stenos Samsun İlkadım,Samsun,Karadeniz Bölgesi,Kaşif Seydo Akar Eraslan,Otomobil-Binek,Retail,47,Erkek,25.001 - 50.000 TL,431000,24,5.7,1,1,,2,Başka kuruluş araştırmadım,Daha uzun vade; Daha az döküman/daha az prosedür; Daha önce kredi kullanmıştım,8,Genel olarak iyiydi ancak bazı aşamalar uzun sürdü,,7,Danışmanın bilgilendirmesi yetersizdi,,8,10,7,8,,8,9,,1,,1,Kaza,6.0,Müşteri temsilcisinin yaklaşımı; Talebim için birden fazla kişiyle görüşmek durumunda kaldım.,2,,1,9,8,6,1.0,Teminat içeriği,,,,,8.0,6.0,4.0,Fiyat/teminat dengesi beklentimin altındaydı,"Gazete, dergi ilanlarından",2,,1,Passive,77.8,0,1
CSI-CRD-00128,Kredi Kullanan Müşteri,Stenos Auto_2025_CSI_Soru_Formu_v2-Final,2025-05-22,Stenos Malatya Battalgazi,Malatya,Doğu Anadolu Bölgesi,Yamin Merzuk Yılmaz,Otomobil-Binek,Retail,35,Erkek,150.000 TL üzeri,1336000,48,10.5,1,1,,1,ING; Finans Bank; Yapı ve Kredi Bankası,Sorunların zamanında çözülmesi; Ulaşım kolaylığı; Müşteri ilişkileri,7,Genel olarak iyiydi ancak bazı aşamalar uzun sürdü,,5,Danışmanın bilgilendirmesi yetersizdi,1.0,99,6,8,9,,7,7,,2,Erken kapama koşulları açıklanmadı,2,,,,2,,2,6,7,8,2.0,,2.0,,,Servis hizmet memnuniyetsizliği; Kendi sigortacısı/tanıdık acente olması,,,,,,2,,1,Passive,66.7,0,0
CSI-CRD-00129,Kredi Kullanan Müşteri,Stenos Auto_2025_CSI_Soru_Formu_v2-Final,2025-06-23,Stenos İstanbul Maslak,İstanbul,Marmara Bölgesi,Jankat Şafak,Otomobil-Binek,Retail,34,Erkek,50.001 - 85.000 TL,402000,36,6.1,1,2,Nakit bütçemi bozmak istemedim,2,Yapı ve Kredi Bankası,Ulaşım kolaylığı; Markanın finans kurumu olması; Ödeme Planında Esneklik,6,Evrak ve geri dönüş süreçlerinde sorun yaşadım,2.0,6,Danışmanın bilgilendirmesi yetersizdi,1.0,5,6,8,6,Taksit seçenekleri ihtiyacıma uymadı,5,6,Onay süreci beklediğimden uzun sürdü,1,,1,Kredi geri ödeme planımı temin etmek,5.0,Revize işlemimin uzun zaman alması; Talebim için birden fazla kişiyle görüşmek durumunda kaldım.,1,"Web sitesi; Sosyal medya; Gazete, dergi vb.",3,8,7,4,1.0,Fiyat avantajı; Kredi avantajı,,,,,6.0,10.0,7.0,Fiyat/teminat dengesi beklentimin altındaydı,Stenos Auto Finans veya Stenos Auto iletişim hattından,2,,1,Passive,55.6,0,0
CSI-CRD-00130,Kredi Kullanan Müşteri,Stenos Auto_2025_CSI_Soru_Formu_v2-Final,2025-10-13,Stenos Malatya Battalgazi,Malatya,Doğu Anadolu Bölgesi,Tümer Çamurcuoğlu,Hafif Ticari,Retail,57,Erkek,50.001 - 85.000 TL,1412000,24,7.2,1,2,Satış danışmanının yönlendirmesi,2,İş Bankası; OdeaBank,Faiz oranı; Sigorta hizmetlerinin de olması; Sorunların zamanında çözülmesi,10,"Süreç hızlı ilerledi, bilgilendirme yeterliydi",,10,Danışman ilgili ve bilgiliydi,,10,9,10,99,,9,10,,2,Taksit tarihleri net anlatılmadı,2,,,,2,,3,10,9,9,2.0,,1.0,1.0,Değer kaybı teminatı,Kendi sigortacısı/tanıdık acente olması; Sigorta şirketi memnuniyetsizliği,,,,,,2,,1,Promoter,100.0,1,1
CSI-CRD-00131,Kredi Kullanan Müşteri,Stenos Auto_2025_CSI_Soru_Formu_v2-Final,2025-08-29,Stenos Adana Seyhan,Adana,Akdeniz Bölgesi,Minibe Ülker,Hafif Ticari,Retail,58,Erkek,50.001 - 85.000 TL,1421000,60,3.4,1,1,,1,Akbank; Şekerbank; TEB (Türk Ekonomi Bankası),Daha uzun vade; Ödeme Planında Esneklik; Sorunların zamanında çözülmesi,9,"Süreç hızlı ilerledi, bilgilendirme yeterliydi",,10,Danışman ilgili ve bilgiliydi,,10,8,8,99,,10,9,,1,,1,Fatura ile ilgili olarak; Rehin Kaldırma,9.0,,2,,1,8,9,9,1.0,Teminat içeriği,,,,,10.0,7.0,9.0,,Stenos Auto Finans veya Stenos Auto iletişim hattından,2,,1,Promoter,88.9,1,0
CSI-CRD-00132,Kredi Kullanan Müşteri,Stenos Auto_2025_CSI_Soru_Formu_v2-Final,2025-01-20,Stenos Diyarbakır Kayapınar,Diyarbakır,Güney Doğu Anadolu Bölgesi,Yeneral Ginyas Zorlu Hançer,Otomobil-Binek,Filo,46,Erkek,85.001 - 150.000 TL,1224000,36,11.8,1,1,,1,QNB Fibabank,Daha önce kredi kullanmıştım; Markanın finans kurumu olması; Markaya duyulan güven,10,"Süreç hızlı ilerledi, bilgilendirme yeterliydi",,10,Danışman ilgili ve bilgiliydi,,9,10,10,10,,10,99,,1,,2,,,,2,,2,9,10,9,,,,,,,,,,,,2,,1,Promoter,100.0,1,1
CSI-CRD-00133,Kredi Kullanan Müşteri,Stenos Auto_2025_CSI_Soru_Formu_v2-Final,2026-04-11,Stenos Diyarbakır Kayapınar,Diyarbakır,Güney Doğu Anadolu Bölgesi,Okt. Rahiye Mehdiye Durmuş,Hafif Ticari,Retail,36,Erkek,150.000 TL üzeri,1676000,24,1.0,1,1,,2,Burgan Bank; Kuveyt Türk; Şekerbank,Sigorta hizmetlerinin de olması; Hizmet kalitesi; Ödeme Planında Esneklik,9,"Süreç hızlı ilerledi, bilgilendirme yeterliydi",,99,,,8,10,9,9,,99,10,,1,,2,,,,2,,2,8,7,9,1.0,Teminat içeriği,,,,,10.0,9.0,4.0,Fiyat/teminat dengesi beklentimin altındaydı,Stenos Auto Finans veya Stenos Auto internet sayfalarından; Daha önce kredi kullanan tanıdıklarımdan / tavsiye,2,,1,Passive,88.9,1,0
CSI-CRD-00134,Kredi Kullanan Müşteri,Stenos Auto_2025_CSI_Soru_Formu_v2-Final,2026-05-01,Stenos Ankara Çankaya,Ankara,İç Anadolu Bölgesi,Dalkılıç Seven,Otomobil-Binek,Retail,59,Erkek,50.001 - 85.000 TL,1639000,24,2.8,1,1,,1,HSBC Bank,Daha uzun vade; Müşteri ilişkileri; Sorunların zamanında çözülmesi,10,"Süreç hızlı ilerledi, bilgilendirme yeterliydi",,10,Danışman ilgili ve bilgiliydi,,9,10,10,10,,9,10,,1,,2,,,,1,Sosyal medya,1,10,10,10,1.0,Kredi avantajı; Fiyat avantajı,,,,,10.0,9.0,10.0,,Yetkili servisten,2,,1,Promoter,100.0,1,1
CSI-CRD-00135,Kredi Kullanan Müşteri,Stenos Auto_2025_CSI_Soru_Formu_v2-Final,2025-03-21,Stenos İzmir Bornova,İzmir,Ege Bölgesi,Gökperi Mansız Durdu,Otomobil-Binek,Retail,46,Kadın,50.001 - 85.000 TL,536000,48,8.8,1,1,,1,OdeaBank,Daha az döküman/daha az prosedür; Ulaşım kolaylığı; Hizmet kalitesi,5,Evrak ve geri dönüş süreçlerinde sorun yaşadım,1.0,5,Danışmanın bilgilendirmesi yetersizdi,1.0,5,5,4,5,Taksit seçenekleri ihtiyacıma uymadı,3,7,,1,,2,,,,2,,1,5,6,6,2.0,,1.0,1.0,Değer kaybı teminatı,Kendi sigortacısı/tanıdık acente olması; Sigorta şirketi memnuniyetsizliği,,,,,,2,,1,Detractor,44.4,0,0
CSI-CRD-00136,Kredi Kullanan Müşteri,Stenos Auto_2025_CSI_Soru_Formu_v2-Final,2025-11-07,Stenos Adana Seyhan,Adana,Akdeniz Bölgesi,Rayla Zülbiye Karadeniz,Hafif Ticari,Retail,49,Erkek,150.000 TL üzeri,2115000,60,4.2,1,1,,2,Şekerbank; Garanti Bankası; Vakıflar Bankası,Markaya duyulan güven; Hizmet kalitesi; Kampanyaları olması,9,"Süreç hızlı ilerledi, bilgilendirme yeterliydi",,10,Danışman ilgili ve bilgiliydi,,8,10,7,9,,10,8,,1,,2,,,,2,,1,9,10,8,1.0,Kredi avantajı; Fiyat avantajı,,,,,9.0,9.0,10.0,,Acente satış danışmanı; Daha önce kredi kullanan tanıdıklarımdan / tavsiye,2,,1,Promoter,88.9,1,1
CSI-CRD-00137,Kredi Kullanan Müşteri,Stenos Auto_2025_CSI_Soru_Formu_v2-Final,2025-02-22,Stenos Samsun İlkadım,Samsun,Karadeniz Bölgesi,Göken Arslan,Otomobil-Binek,Retail,42,Kadın,150.000 TL üzeri,1980000,36,18.3,1,1,,2,Başka kuruluş araştırmadım,Araçla birlikte tüm finansal hizmetleri tek noktada sunabilmeleri; Kredi alımlarında hızlılık; Faiz oranı,8,Genel olarak iyiydi ancak bazı aşamalar uzun sürdü,,9,Danışman ilgili ve bilgiliydi,,8,9,10,99,,7,7,,1,,2,,,,2,,2,8,8,9,1.0,Kredi avantajı; Fiyat avantajı,,,,,5.0,9.0,7.0,Fiyat/teminat dengesi beklentimin altındaydı,Stenos Auto Finans veya Stenos Auto internet sayfalarından,1,1.0,1,Passive,77.8,0,0
CSI-CRD-00138,Kredi Kullanan Müşteri,Stenos Auto_2025_CSI_Soru_Formu_v2-Final,2026-01-17,Stenos Kayseri Melikgazi,Kayseri,İç Anadolu Bölgesi,Melihcan Çetin,Otomobil-Binek,Retail,47,Erkek,85.001 - 150.000 TL,2124000,36,46.7,1,2,Nakit bütçemi bozmak istemedim,2,Başka kuruluş araştırmadım,Hizmet kalitesi; Daha önce kredi kullanmıştım; Kredi alımlarında hızlılık,2,Evrak ve geri dönüş süreçlerinde sorun yaşadım,1.0,2,Danışmanın bilgilendirmesi yetersizdi,1.0,99,3,1,2,Taksit seçenekleri ihtiyacıma uymadı,1,3,Onay süreci beklediğimden uzun sürdü,1,,2,,,,1,"Sosyal medya; Acente; Gazete, dergi vb.",3,4,4,2,1.0,Teminat içeriği,,,,,3.0,1.0,5.0,Fiyat/teminat dengesi beklentimin altındaydı,İnternet reklamlarından,1,1.0,2,Detractor,11.1,0,0
CSI-CRD-00139,Kredi Kullanan Müşteri,Stenos Auto_2025_CSI_Soru_Formu_v2-Final,2025-05-15,Stenos İstanbul Maslak,İstanbul,Marmara Bölgesi,Seçgül Dumanlı,Otomobil-Binek,Retail,43,Erkek,150.000 TL üzeri,1730000,36,1.0,1,1,,1,Başka kuruluş araştırmadım,Ödeme Planında Esneklik; Markaya duyulan güven; Müşteri ilişkileri,10,"Süreç hızlı ilerledi, bilgilendirme yeterliydi",,10,Danışman ilgili ve bilgiliydi,,9,10,10,10,,7,9,,1,,2,,,,2,,2,9,10,10,1.0,Teminat içeriği; Fiyat avantajı,,,,,10.0,10.0,9.0,,Daha önce kredi kullanan tanıdıklarımdan / tavsiye,2,,1,Promoter,100.0,1,1
CSI-CRD-00140,Kredi Kullanan Müşteri,Stenos Auto_2025_CSI_Soru_Formu_v2-Final,2026-01-06,Stenos Samsun İlkadım,Samsun,Karadeniz Bölgesi,Dr. Gülşeref Umuşan Güçlü Çetin,Hafif Ticari,Retail,41,Kadın,25.001 - 50.000 TL,580000,24,29.1,1,1,,1,Kuveyt Türk; Burgan Bank; OdeaBank,Daha önce kredi kullanmıştım; Markanın finans kurumu olması; Araçla birlikte tüm finansal hizmetleri tek noktada sunabilmeleri,8,Genel olarak iyiydi ancak bazı aşamalar uzun sürdü,,7,Danışmanın bilgilendirmesi yetersizdi,,8,9,9,8,,9,5,Onay süreci beklediğimden uzun sürdü,2,Taksit tarihleri net anlatılmadı,3,,,,2,,2,6,7,9,1.0,Teminat içeriği; Kredi avantajı,,,,,5.0,8.0,9.0,,Stenos Auto Finans veya Stenos Auto iletişim hattından,1,2.0,1,Passive,77.8,0,0
CSI-CRD-00141,Kredi Kullanan Müşteri,Stenos Auto_2025_CSI_Soru_Formu_v2-Final,2026-02-20,Stenos Samsun İlkadım,Samsun,Karadeniz Bölgesi,Dr. Atgun Arslan,Otomobil-Binek,Filo,41,Erkek,50.001 - 85.000 TL,1429000,12,10.2,1,1,,2,Akbank; Denizbank; Türkiye Finans,Düşük peşinat / peşinatsız kredi imkânı; Daha uzun vade; Daha önce kredi kullanmıştım,9,"Süreç hızlı ilerledi, bilgilendirme yeterliydi",,10,Danışman ilgili ve bilgiliydi,,10,10,10,9,,99,7,,1,,1,Kaza; Kredimin ödeme planını revize etmek,10.0,,2,,1,8,10,10,,,,,,,,,,,,2,,1,Promoter,88.9,1,0
CSI-CRD-00142,Kredi Kullanan Müşteri,Stenos Auto_2025_CSI_Soru_Formu_v2-Final,2026-03-06,Stenos Trabzon Ortahisar,Trabzon,Karadeniz Bölgesi,Büşranur Alemdar,Otomobil-Binek,Retail,35,Erkek,85.001 - 150.000 TL,2377000,36,7.2,1,2,Kampanya koşulları cazipti,1,Şekerbank; Ziraat Bankası; TEB (Türk Ekonomi Bankası),Markanın finans kurumu olması; Hizmet kalitesi; Kredi alımlarında hızlılık,6,Evrak ve geri dönüş süreçlerinde sorun yaşadım,2.0,7,Danışmanın bilgilendirmesi yetersizdi,,6,99,99,8,,5,7,,1,,99,,,,1,Sosyal medya,1,4,6,6,1.0,Teminat içeriği; Kredi avantajı,,,,,5.0,6.0,5.0,Fiyat/teminat dengesi beklentimin altındaydı,"Gazete, dergi ilanlarından",2,,1,Detractor,55.6,0,0
CSI-CRD-00143,Kredi Kullanan Müşteri,Stenos Auto_2025_CSI_Soru_Formu_v2-Final,2025-02-12,Stenos Erzurum Yakutiye,Erzurum,Doğu Anadolu Bölgesi,Dr. Gönen Ebuakil Sezgin,Otomobil-Binek,Retail,22,Erkek,150.000 TL üzeri,2029000,60,6.3,1,1,,1,Garanti Bankası,Markanın finans kurumu olması; Daha önce kredi kullanmıştım; Ulaşım kolaylığı,10,"Süreç hızlı ilerledi, bilgilendirme yeterliydi",,10,Danışman ilgili ve bilgiliydi,,8,10,10,8,,9,9,,2,Taksit tarihleri net anlatılmadı,2,,,,1,"Gazete, dergi vb.; Acente",2,10,9,7,2.0,,2.0,,,Kendi sigortacısı/tanıdık acente olması,,,,,,2,,1,Promoter,100.0,1,1
CSI-CRD-00144,Kredi Kullanan Müşteri,Stenos Auto_2025_CSI_Soru_Formu_v2-Final,2026-05-26,Stenos Trabzon Ortahisar,Trabzon,Karadeniz Bölgesi,Bilender Yıldırım,Otomobil-Binek,Retail,25,Erkek,150.000 TL üzeri,1509000,24,4.1,1,1,,2,Halk Bankası; HSBC Bank,Düşük peşinat / peşinatsız kredi imkânı; Kredi alımlarında hızlılık; Kampanyaları olması,10,"Süreç hızlı ilerledi, bilgilendirme yeterliydi",,10,Danışman ilgili ve bilgiliydi,,10,10,9,9,,8,10,,1,,1,Yeni Kredi Başvurusu için,10.0,,2,,1,8,9,10,1.0,Teminat içeriği; Kredi avantajı,,,,,9.0,7.0,6.0,Fiyat/teminat dengesi beklentimin altındaydı,İnternet reklamlarından,2,,2,Promoter,100.0,1,0
CSI-CRD-00145,Kredi Kullanan Müşteri,Stenos Auto_2025_CSI_Soru_Formu_v2-Final,2025-04-28,Stenos İstanbul Kadıköy,İstanbul,Marmara Bölgesi,Ercihan Nerim Mansız,Hafif Ticari,Retail,21,Erkek,50.001 - 85.000 TL,1564000,12,3.2,1,1,,1,Başka kuruluş araştırmadım,Hizmet kalitesi; Markaya duyulan güven; Kredi alımlarında hızlılık,9,"Süreç hızlı ilerledi, bilgilendirme yeterliydi",,10,Danışman ilgili ve bilgiliydi,,7,10,8,9,,10,10,,1,,2,,,,2,,2,9,10,9,2.0,,1.0,1.0,Muafiyetsiz cam teminatı,Kendi sigortacısı/tanıdık acente olması,,,,,,2,,1,Promoter,88.9,1,1
CSI-CRD-00146,Kredi Kullanan Müşteri,Stenos Auto_2025_CSI_Soru_Formu_v2-Final,2025-01-31,Stenos Erzurum Yakutiye,Erzurum,Doğu Anadolu Bölgesi,Möhsim Seven,Otomobil-Binek,Retail,50,Erkek,150.000 TL üzeri,2455000,36,5.3,1,1,,1,Denizbank,Hizmet kalitesi; Markanın finans kurumu olması; Araçla birlikte tüm finansal hizmetleri tek noktada sunabilmeleri,10,"Süreç hızlı ilerledi, bilgilendirme yeterliydi",,10,Danışman ilgili ve bilgiliydi,,9,10,10,9,,9,10,,1,,2,,,,1,Acente; Web sitesi,1,9,10,8,1.0,Fiyat avantajı,,,,,10.0,10.0,10.0,,Acente satış danışmanı; Yetkili servisten,2,,1,Promoter,100.0,1,1
CSI-CRD-00147,Kredi Kullanan Müşteri,Stenos Auto_2025_CSI_Soru_Formu_v2-Final,2025-11-29,Stenos Bursa Nilüfer,Bursa,Marmara Bölgesi,Yekda Sezer,Hafif Ticari,Filo,22,Kadın,50.001 - 85.000 TL,1161000,24,3.9,1,1,,1,ING; OdeaBank; Alternatifbank,Sigorta hizmetlerinin de olması; Ulaşım kolaylığı; Daha önce kredi kullanmıştım,9,"Süreç hızlı ilerledi, bilgilendirme yeterliydi",,10,Danışman ilgili ve bilgiliydi,,99,10,8,9,,7,10,,1,,1,Adres Değişikliği Bildirme,8.0,,1,Stenos Auto Mobil App,2,10,9,9,,,,,,,,,,,,2,,1,Promoter,88.9,1,1
CSI-CRD-00148,Kredi Kullanan Müşteri,Stenos Auto_2025_CSI_Soru_Formu_v2-Final,2025-07-18,Stenos Erzurum Yakutiye,Erzurum,Doğu Anadolu Bölgesi,Taçnur Gülen Yüksel,Otomobil-Binek,Retail,35,Erkek,150.000 TL üzeri,2130000,48,2.1,1,1,,1,Başka kuruluş araştırmadım,Daha önce kredi kullanmıştım; Daha uzun vade; Araçla birlikte tüm finansal hizmetleri tek noktada sunabilmeleri,10,"Süreç hızlı ilerledi, bilgilendirme yeterliydi",,10,Danışman ilgili ve bilgiliydi,,10,9,10,9,,10,10,,1,,2,,,,2,,2,9,10,9,1.0,Fiyat avantajı,,,,,8.0,10.0,10.0,,"İnternet reklamlarından; Gazete, dergi ilanlarından",1,2.0,1,Promoter,100.0,1,1
CSI-CRD-00149,Kredi Kullanan Müşteri,Stenos Auto_2025_CSI_Soru_Formu_v2-Final,2026-04-07,Stenos Trabzon Ortahisar,Trabzon,Karadeniz Bölgesi,Turabi Sezer,Otomobil-Binek,Filo,54,Erkek,25.001 - 50.000 TL,1479000,48,14.1,1,2,Acentede sunulan faiz oranı beklediğimden uygundu,1,Başka kuruluş araştırmadım,Faiz oranı; Kampanyaları olması; Daha uzun vade,10,"Süreç hızlı ilerledi, bilgilendirme yeterliydi",,10,Danışman ilgili ve bilgiliydi,,10,10,10,10,,10,8,,2,Gecikme faizi hakkında bilgi verilmedi,2,,,,2,,2,9,10,10,,,,,,,,,,,,2,,1,Promoter,100.0,1,1
CSI-CRD-00150,Kredi Kullanan Müşteri,Stenos Auto_2025_CSI_Soru_Formu_v2-Final,2026-03-27,Stenos Diyarbakır Kayapınar,Diyarbakır,Güney Doğu Anadolu Bölgesi,Çapkan Bilge,Otomobil-Binek,Filo,40,Erkek,50.001 - 85.000 TL,1096000,12,14.6,1,1,,1,Başka kuruluş araştırmadım,Kampanyaları olması; Daha az döküman/daha az prosedür; Personelin genel tutum davranışları,6,Evrak ve geri dönüş süreçlerinde sorun yaşadım,1.0,5,Danışmanın bilgilendirmesi yetersizdi,1.0,5,5,6,5,Taksit seçenekleri ihtiyacıma uymadı,7,8,,1,,2,,,,1,"Gazete, dergi vb.",1,7,7,7,,,,,,,,,,,,2,,1,Passive,55.6,0,0
CSI-CRD-00151,Kredi Kullanan Müşteri,Stenos Auto_2025_CSI_Soru_Formu_v2-Final,2025-06-25,Stenos Ankara Çankaya,Ankara,İç Anadolu Bölgesi,Özakan Mazlum Bilgin Akçay,Hafif Ticari,Filo,42,Kadın,150.000 TL üzeri,2303000,24,1.6,1,1,,1,HSBC Bank; Şekerbank; ING,Daha önce kredi kullanmıştım; Faiz oranı; Markanın finans kurumu olması,10,"Süreç hızlı ilerledi, bilgilendirme yeterliydi",,9,Danışman ilgili ve bilgiliydi,,10,10,8,9,,10,10,,2,Erken kapama koşulları açıklanmadı,1,Senet İadesi,9.0,,2,,3,10,9,7,,,,,,,,,,,,2,,1,Promoter,100.0,1,1
CSI-CRD-00152,Kredi Kullanan Müşteri,Stenos Auto_2025_CSI_Soru_Formu_v2-Final,2026-06-30,Stenos Bursa Nilüfer,Bursa,Marmara Bölgesi,Bayan Çolpan Hurican Çamurcuoğlu Akdeniz,Hafif Ticari,Retail,47,Kadın,25.001 - 50.000 TL,551000,48,5.7,1,2,Kampanya koşulları cazipti,1,Başka kuruluş araştırmadım,Sorunların zamanında çözülmesi; Ulaşım kolaylığı; Müşteri ilişkileri,8,Genel olarak iyiydi ancak bazı aşamalar uzun sürdü,,8,Danışman ilgili ve bilgiliydi,,7,8,8,7,,7,10,,1,,2,,,,2,,3,9,9,8,1.0,Fiyat avantajı,,,,,9.0,7.0,10.0,,Stenos Auto Finans veya Stenos Auto iletişim hattından,2,,1,Promoter,77.8,0,1
CSI-CRD-00153,Kredi Kullanan Müşteri,Stenos Auto_2025_CSI_Soru_Formu_v2-Final,2025-05-21,Stenos İstanbul Maslak,İstanbul,Marmara Bölgesi,Mücellib Bektaşi Sezgin Ertaş,Otomobil-Binek,Retail,36,Kadın,50.001 - 85.000 TL,682000,36,5.9,1,2,Satış danışmanının yönlendirmesi,1,Garanti Bankası; HSBC Bank,Kredi alımlarında hızlılık; Kampanyaları olması; Hizmet kalitesi,10,"Süreç hızlı ilerledi, bilgilendirme yeterliydi",,10,Danışman ilgili ve bilgiliydi,,8,9,8,10,,10,10,,1,,2,,,,2,,1,10,10,9,1.0,Kredi avantajı; Teminat içeriği,,,,,7.0,9.0,9.0,,Acente satış danışmanı; İnternet reklamlarından,2,,1,Promoter,100.0,1,1
CSI-CRD-00154,Kredi Kullanan Müşteri,Stenos Auto_2025_CSI_Soru_Formu_v2-Final,2025-10-05,Stenos Trabzon Ortahisar,Trabzon,Karadeniz Bölgesi,Selmin Mansız,Otomobil-Binek,Retail,37,Erkek,85.001 - 150.000 TL,1430000,60,1.0,1,1,,1,AlBaraka; Denizbank,Hizmet kalitesi; Daha uzun vade; Markaya duyulan güven,10,"Süreç hızlı ilerledi, bilgilendirme yeterliydi",,10,Danışman ilgili ve bilgiliydi,,7,10,9,10,,10,9,,1,,1,Hesap / Borç durumu öğrenme,10.0,,2,,3,9,9,9,1.0,Kredi avantajı,,,,,10.0,8.0,9.0,,Yetkili servisten,2,,1,Promoter,100.0,1,1
CSI-CRD-00155,Kredi Kullanan Müşteri,Stenos Auto_2025_CSI_Soru_Formu_v2-Final,2025-05-16,Stenos Ankara Çankaya,Ankara,İç Anadolu Bölgesi,Av. Zülbiye Semat Akçay,Otomobil-Binek,Retail,47,Erkek,85.001 - 150.000 TL,2020000,48,4.9,1,1,,2,QNB Fibabank; Vakıflar Bankası; Anadolubank,Kampanyaları olması; Düşük peşinat / peşinatsız kredi imkânı; Sigorta hizmetlerinin de olması,10,"Süreç hızlı ilerledi, bilgilendirme yeterliydi",,10,Danışman ilgili ve bilgiliydi,,8,10,10,10,,99,10,,1,,1,Fatura ile ilgili olarak; Kredi geri ödeme planımı temin etmek,10.0,,2,,3,9,10,9,1.0,Teminat içeriği; Fiyat avantajı,,,,,9.0,10.0,9.0,,"Gazete, dergi ilanlarından",2,,1,Promoter,100.0,1,1
CSI-CRD-00156,Kredi Kullanan Müşteri,Stenos Auto_2025_CSI_Soru_Formu_v2-Final,2026-05-14,Stenos Samsun İlkadım,Samsun,Karadeniz Bölgesi,Doç. Nerim Dumanlı,Hafif Ticari,Retail,42,Erkek,50.001 - 85.000 TL,2097000,24,8.1,1,2,Kampanya koşulları cazipti,1,Başka kuruluş araştırmadım,Araçla birlikte tüm finansal hizmetleri tek noktada sunabilmeleri; Müşteri ilişkileri; Markanın finans kurumu olması,10,"Süreç hızlı ilerledi, bilgilendirme yeterliydi",,10,Danışman ilgili ve bilgiliydi,,10,8,10,9,,9,10,,1,,2,,,,1,"Gazete, dergi vb.; Acente; Web sitesi",2,10,10,9,1.0,Fiyat avantajı; Teminat içeriği,,,,,10.0,10.0,10.0,,Acente satış danışmanı; Yetkili servisten,2,,1,Promoter,100.0,1,1
CSI-CRD-00157,Kredi Kullanan Müşteri,Stenos Auto_2025_CSI_Soru_Formu_v2-Final,2025-03-27,Stenos Malatya Battalgazi,Malatya,Doğu Anadolu Bölgesi,Hoşkadem Karadeniz,Otomobil-Binek,Retail,50,Kadın,85.001 - 150.000 TL,1394000,48,18.4,1,1,,2,Denizbank; Akbank; Yapı ve Kredi Bankası,Düşük peşinat / peşinatsız kredi imkânı; Müşteri ilişkileri; Kredi alımlarında hızlılık,7,Genel olarak iyiydi ancak bazı aşamalar uzun sürdü,,8,Danışman ilgili ve bilgiliydi,,8,8,7,6,Taksit seçenekleri ihtiyacıma uymadı,6,7,,1,,1,Kredi geri ödeme planımı temin etmek,2.0,Revize işlemimin uzun zaman alması,2,,1,8,8,7,2.0,,3.0,,,Kendi sigortacısı/tanıdık acente olması; Sigorta şirketi memnuniyetsizliği,,,,,,2,,1,Passive,66.7,0,0
CSI-CRD-00158,Kredi Kullanan Müşteri,Stenos Auto_2025_CSI_Soru_Formu_v2-Final,2025-01-13,Stenos Adana Seyhan,Adana,Akdeniz Bölgesi,Yahşi Soylu,Hafif Ticari,Retail,50,Erkek,150.000 TL üzeri,2435000,60,26.8,1,1,,2,AlBaraka; QNB Fibabank; Yapı ve Kredi Bankası,Ulaşım kolaylığı; Müşteri ilişkileri; Kampanyaları olması,4,Evrak ve geri dönüş süreçlerinde sorun yaşadım,99.0,4,Danışmanın bilgilendirmesi yetersizdi,2.0,3,6,5,3,Taksit seçenekleri ihtiyacıma uymadı,4,3,Onay süreci beklediğimden uzun sürdü,1,,2,,,,2,,3,6,6,4,1.0,Fiyat avantajı; Kredi avantajı,,,,,5.0,5.0,6.0,Fiyat/teminat dengesi beklentimin altındaydı,Stenos Auto Finans veya Stenos Auto internet sayfalarından,1,1.0,1,Detractor,33.3,0,0
CSI-CRD-00159,Kredi Kullanan Müşteri,Stenos Auto_2025_CSI_Soru_Formu_v2-Final,2025-08-11,Stenos İzmir Bornova,İzmir,Ege Bölgesi,Çev. Meşhur Asalet Demirel,Hafif Ticari,Retail,35,Erkek,150.000 TL üzeri,2228000,24,6.4,1,1,,1,TEB (Türk Ekonomi Bankası),Sorunların zamanında çözülmesi; Kampanyaları olması; Araçla birlikte tüm finansal hizmetleri tek noktada sunabilmeleri,8,Genel olarak iyiydi ancak bazı aşamalar uzun sürdü,,99,,,7,9,9,9,,9,9,,1,,1,Kredimin ödeme planını revize etmek,8.0,,2,,2,7,7,8,1.0,Fiyat avantajı; Teminat içeriği,,,,,7.0,7.0,6.0,Fiyat/teminat dengesi beklentimin altındaydı,İnternet reklamlarından,2,,1,Passive,77.8,0,0
CSI-CRD-00160,Kredi Kullanan Müşteri,Stenos Auto_2025_CSI_Soru_Formu_v2-Final,2026-06-03,Stenos Kayseri Melikgazi,Kayseri,İç Anadolu Bölgesi,Hasret Kumral Şama,Otomobil-Binek,Filo,34,Erkek,25.000 TL altı,680000,36,12.3,1,1,,1,Ziraat Bankası,Müşteri ilişkileri; Kampanyaları olması; Ulaşım kolaylığı,7,Genel olarak iyiydi ancak bazı aşamalar uzun sürdü,,6,Danışmanın bilgilendirmesi yetersizdi,1.0,6,5,7,7,,5,8,,1,,1,Banka Hesap No'ları hakkında bilgi,5.0,Talebim için birden fazla kişiyle görüşmek durumunda kaldım.,2,,2,6,4,6,,,,,,,,,,,,1,1.0,1,Detractor,66.7,0,0
CSI-CRD-00161,Kredi Kullanan Müşteri,Stenos Auto_2025_CSI_Soru_Formu_v2-Final,2026-05-26,Stenos Gaziantep Şahinbey,Gaziantep,Güney Doğu Anadolu Bölgesi,Zeride Çorlu,Hafif Ticari,Filo,28,Kadın,85.001 - 150.000 TL,735000,24,9.0,1,1,,2,Burgan Bank; Anadolubank; Şekerbank,Müşteri ilişkileri; Ödeme Planında Esneklik; Araçla birlikte tüm finansal hizmetleri tek noktada sunabilmeleri,8,Genel olarak iyiydi ancak bazı aşamalar uzun sürdü,,9,Danışman ilgili ve bilgiliydi,,8,8,5,9,,6,8,,1,,1,Fatura ile ilgili olarak; Kaza,99.0,,2,,1,8,9,6,,,,,,,,,,,,2,,1,Promoter,77.8,0,0
CSI-CRD-00162,Kredi Kullanan Müşteri,Stenos Auto_2025_CSI_Soru_Formu_v2-Final,2026-03-24,Stenos Ankara Çankaya,Ankara,İç Anadolu Bölgesi,Binbaşar Bilgin,Otomobil-Binek,Retail,54,Erkek,85.001 - 150.000 TL,1173000,36,6.9,1,1,,2,OdeaBank; Ziraat Bankası; Halk Bankası,Markanın finans kurumu olması; Faiz oranı; Kredi alımlarında hızlılık,10,"Süreç hızlı ilerledi, bilgilendirme yeterliydi",,10,Danışman ilgili ve bilgiliydi,,10,10,10,9,,10,9,,1,,2,,,,1,Sosyal medya,3,10,10,5,2.0,,1.0,1.0,Yol yardım hizmeti,Kendi sigortacısı/tanıdık acente olması; Sigorta şirketi memnuniyetsizliği,,,,,,2,,1,Promoter,100.0,1,1
CSI-CRD-00163,Kredi Kullanan Müşteri,Stenos Auto_2025_CSI_Soru_Formu_v2-Final,2026-05-02,Stenos Trabzon Ortahisar,Trabzon,Karadeniz Bölgesi,Fayize Demirel Bilir,Hafif Ticari,Retail,39,Erkek,85.001 - 150.000 TL,1152000,36,2.4,1,1,,1,Anadolubank; Ziraat Bankası; Akbank,Personelin genel tutum davranışları; Ulaşım kolaylığı; Hizmet kalitesi,10,"Süreç hızlı ilerledi, bilgilendirme yeterliydi",,10,Danışman ilgili ve bilgiliydi,,9,10,8,9,,99,10,,1,,1,Senet İadesi; Kredi Devri / Transferi,8.0,,2,,1,10,9,10,1.0,Kredi avantajı; Fiyat avantajı,,,,,10.0,10.0,9.0,,Yetkili servisten,2,,1,Promoter,100.0,1,1
CSI-CRD-00164,Kredi Kullanan Müşteri,Stenos Auto_2025_CSI_Soru_Formu_v2-Final,2026-05-14,Stenos İzmir Bornova,İzmir,Ege Bölgesi,Kıvılcım Seven,Otomobil-Binek,Retail,52,Kadın,85.001 - 150.000 TL,1170000,36,6.6,1,1,,1,TEB (Türk Ekonomi Bankası),Araçla birlikte tüm finansal hizmetleri tek noktada sunabilmeleri; Hizmet kalitesi; Düşük peşinat / peşinatsız kredi imkânı,10,"Süreç hızlı ilerledi, bilgilendirme yeterliydi",,10,Danışman ilgili ve bilgiliydi,,9,10,10,8,,8,10,,1,,1,Fatura ile ilgili olarak,10.0,,2,,2,9,10,10,2.0,,1.0,1.0,Muafiyetsiz cam teminatı,Kendi sigortacısı/tanıdık acente olması,,,,,,2,,1,Promoter,100.0,1,1
CSI-CRD-00165,Kredi Kullanan Müşteri,Stenos Auto_2025_CSI_Soru_Formu_v2-Final,2025-10-15,Stenos Malatya Battalgazi,Malatya,Doğu Anadolu Bölgesi,Zeyno Ertaş,Otomobil-Binek,Retail,56,Erkek,150.000 TL üzeri,1708000,12,6.8,1,1,,2,Başka kuruluş araştırmadım,Kampanyaları olması; Personelin genel tutum davranışları; Markanın finans kurumu olması,10,"Süreç hızlı ilerledi, bilgilendirme yeterliydi",,10,Danışman ilgili ve bilgiliydi,,10,10,9,7,,9,10,,1,,2,,,,1,Sosyal medya; Stenos Auto Mobil App,2,10,10,9,2.0,,1.0,2.0,,Sigorta şirketi memnuniyetsizliği; Kendi sigortacısı/tanıdık acente olması,,,,,,2,,1,Promoter,100.0,1,1
CSI-CRD-00166,Kredi Kullanan Müşteri,Stenos Auto_2025_CSI_Soru_Formu_v2-Final,2025-06-15,Stenos İstanbul Kadıköy,İstanbul,Marmara Bölgesi,Bayan Gülsü Sabır Kısakürek,Otomobil-Binek,Retail,37,Erkek,150.000 TL üzeri,2016000,36,11.6,1,2,Nakit bütçemi bozmak istemedim,1,Başka kuruluş araştırmadım,Markaya duyulan güven; Sigorta hizmetlerinin de olması; Daha önce kredi kullanmıştım,7,Genel olarak iyiydi ancak bazı aşamalar uzun sürdü,,7,Danışmanın bilgilendirmesi yetersizdi,,6,7,8,8,,6,7,,2,Gecikme faizi hakkında bilgi verilmedi,1,Sigorta Muvafakatnamesi,4.0,Talebimin gerçekleşmesi uzun zaman aldı; Talebim için birden fazla kişiyle görüşmek durumunda kaldım.,2,,1,7,7,7,1.0,Teminat içeriği; Kredi avantajı,,,,,4.0,6.0,5.0,Fiyat/teminat dengesi beklentimin altındaydı,"Gazete, dergi ilanlarından",1,2.0,1,Passive,66.7,0,0
CSI-CRD-00167,Kredi Kullanan Müşteri,Stenos Auto_2025_CSI_Soru_Formu_v2-Final,2026-03-29,Stenos Diyarbakır Kayapınar,Diyarbakır,Güney Doğu Anadolu Bölgesi,Çoğay Durdu,Hafif Ticari,Filo,31,Erkek,50.001 - 85.000 TL,644000,36,4.7,1,1,,1,Ziraat Bankası; Vakıflar Bankası; OdeaBank,Markaya duyulan güven; Daha uzun vade; Ödeme Planında Esneklik,7,Genel olarak iyiydi ancak bazı aşamalar uzun sürdü,,7,Danışmanın bilgilendirmesi yetersizdi,,9,8,7,8,,5,9,,1,,2,,,,2,,2,7,7,6,,,,,,,,,,,,2,,1,Passive,66.7,0,0
CSI-CRD-00168,Kredi Kullanan Müşteri,Stenos Auto_2025_CSI_Soru_Formu_v2-Final,2026-01-05,Stenos Malatya Battalgazi,Malatya,Doğu Anadolu Bölgesi,Sunay Yılmaz Akça,Hafif Ticari,Filo,39,Kadın,50.001 - 85.000 TL,525000,12,1.3,1,1,,1,Türkiye Finans; Halk Bankası; İş Bankası,Müşteri ilişkileri; Markaya duyulan güven; Sorunların zamanında çözülmesi,10,"Süreç hızlı ilerledi, bilgilendirme yeterliydi",,10,Danışman ilgili ve bilgiliydi,,10,9,9,10,,8,10,,1,,2,,,,1,"Web sitesi; Stenos Auto Mobil App; Gazete, dergi vb.",1,10,10,7,,,,,,,,,,,,2,,1,Promoter,100.0,1,1
CSI-CRD-00169,Kredi Kullanan Müşteri,Stenos Auto_2025_CSI_Soru_Formu_v2-Final,2025-07-10,Stenos Kayseri Melikgazi,Kayseri,İç Anadolu Bölgesi,Meleknur Orçin Akdeniz Akçay,Otomobil-Binek,Retail,40,Erkek,50.001 - 85.000 TL,2441000,24,2.6,1,2,Nakit bütçemi bozmak istemedim,1,Başka kuruluş araştırmadım,Ödeme Planında Esneklik; Kredi alımlarında hızlılık; Daha az döküman/daha az prosedür,8,Genel olarak iyiydi ancak bazı aşamalar uzun sürdü,,8,Danışman ilgili ve bilgiliydi,,8,8,7,9,,7,8,,1,,1,Banka Hesap No'ları hakkında bilgi,7.0,,2,,3,6,7,8,1.0,Kredi avantajı,,,,,10.0,9.0,7.0,Fiyat/teminat dengesi beklentimin altındaydı,"Acente görselliği sayesinde; Gazete, dergi ilanlarından",2,,1,Passive,77.8,0,0
CSI-CRD-00170,Kredi Kullanan Müşteri,Stenos Auto_2025_CSI_Soru_Formu_v2-Final,2025-02-06,Stenos İstanbul Maslak,İstanbul,Marmara Bölgesi,Arş. Gör. Zöhrehan Şefiye Akçay,Hafif Ticari,Retail,39,Kadın,150.000 TL üzeri,1893000,48,6.0,1,2,Kampanya koşulları cazipti,1,Türkiye Finans; Yapı ve Kredi Bankası; İş Bankası,Markanın finans kurumu olması; Araçla birlikte tüm finansal hizmetleri tek noktada sunabilmeleri; Daha uzun vade,10,"Süreç hızlı ilerledi, bilgilendirme yeterliydi",,10,Danışman ilgili ve bilgiliydi,,8,10,10,10,,10,10,,1,,2,,,,1,Stenos Auto Mobil App; Acente; Web sitesi,3,10,9,10,2.0,,1.0,1.0,Yeni değer klozu,Sigorta şirketi memnuniyetsizliği,,,,,,2,,1,Promoter,100.0,1,1
CSI-CRD-00171,Kredi Kullanan Müşteri,Stenos Auto_2025_CSI_Soru_Formu_v2-Final,2026-03-08,Stenos Diyarbakır Kayapınar,Diyarbakır,Güney Doğu Anadolu Bölgesi,Öğr. Durmuşali Esentürk Şafak,Hafif Ticari,Retail,59,Erkek,150.000 TL üzeri,2467000,24,8.8,1,1,,2,Ziraat Bankası; Türkiye Finans; AlBaraka,Faiz oranı; Sigorta hizmetlerinin de olması; Ulaşım kolaylığı,7,Genel olarak iyiydi ancak bazı aşamalar uzun sürdü,,7,Danışmanın bilgilendirmesi yetersizdi,,9,6,5,7,,7,8,,1,,2,,,,1,"Stenos Auto Mobil App; Gazete, dergi vb.; Acente",2,7,7,6,2.0,,3.0,,,Sigorta şirketi memnuniyetsizliği; Servis hizmet memnuniyetsizliği,,,,,,1,2.0,1,Passive,66.7,0,0
CSI-CRD-00172,Kredi Kullanan Müşteri,Stenos Auto_2025_CSI_Soru_Formu_v2-Final,2025-05-29,Stenos Samsun İlkadım,Samsun,Karadeniz Bölgesi,Bayan Oluş Şama Ülker,Otomobil-Binek,Filo,36,Erkek,85.001 - 150.000 TL,1966000,36,8.8,1,1,,2,Garanti Bankası; İş Bankası,Düşük peşinat / peşinatsız kredi imkânı; Ödeme Planında Esneklik; Faiz oranı,8,Genel olarak iyiydi ancak bazı aşamalar uzun sürdü,,7,Danışmanın bilgilendirmesi yetersizdi,,8,99,6,7,,10,8,,1,,2,,,,2,,3,9,10,5,,,,,,,,,,,,1,2.0,1,Promoter,77.8,0,1
CSI-CRD-00173,Kredi Kullanan Müşteri,Stenos Auto_2025_CSI_Soru_Formu_v2-Final,2026-05-30,Stenos Erzurum Yakutiye,Erzurum,Doğu Anadolu Bölgesi,Firdevis Karadeniz Ertaş,Hafif Ticari,Retail,29,Erkek,25.001 - 50.000 TL,1085000,24,11.3,1,1,,1,Başka kuruluş araştırmadım,Ödeme Planında Esneklik; Faiz oranı; Araçla birlikte tüm finansal hizmetleri tek noktada sunabilmeleri,7,Genel olarak iyiydi ancak bazı aşamalar uzun sürdü,,7,Danışmanın bilgilendirmesi yetersizdi,,9,8,6,7,,7,9,,1,,1,Fatura ile ilgili olarak,5.0,Talebim onaylanmadı,1,Stenos Auto Mobil App; Web sitesi,1,8,7,6,2.0,,1.0,2.0,,Sigorta şirketi memnuniyetsizliği,,,,,,2,,2,Passive,66.7,0,0
CSI-CRD-00174,Kredi Kullanan Müşteri,Stenos Auto_2025_CSI_Soru_Formu_v2-Final,2025-04-02,Stenos İstanbul Maslak,İstanbul,Marmara Bölgesi,Tayyip Duran,Otomobil-Binek,Retail,65,Erkek,150.000 TL üzeri,2160000,36,1.0,1,2,Kampanya koşulları cazipti,1,Anadolubank,Kampanyaları olması; Daha uzun vade; Müşteri ilişkileri,10,"Süreç hızlı ilerledi, bilgilendirme yeterliydi",,10,Danışman ilgili ve bilgiliydi,,10,10,10,10,,8,10,,1,,2,,,,2,,2,9,10,9,2.0,,2.0,,,Servis hizmet memnuniyetsizliği,,,,,,2,,1,Promoter,100.0,1,1
CSI-CRD-00175,Kredi Kullanan Müşteri,Stenos Auto_2025_CSI_Soru_Formu_v2-Final,2025-03-20,Stenos Bursa Nilüfer,Bursa,Marmara Bölgesi,Koldan Zengin,Hafif Ticari,Filo,38,Erkek,50.001 - 85.000 TL,1275000,12,1.0,1,1,,1,İş Bankası; Halk Bankası,Markanın finans kurumu olması; Sorunların zamanında çözülmesi; Daha önce kredi kullanmıştım,9,"Süreç hızlı ilerledi, bilgilendirme yeterliydi",,9,Danışman ilgili ve bilgiliydi,,8,9,10,99,,6,10,,1,,1,Banka Hesap No'ları hakkında bilgi,99.0,,1,"Web sitesi; Gazete, dergi vb.",2,9,10,9,,,,,,,,,,,,1,2.0,1,Promoter,88.9,1,1
CSI-CRD-00176,Kredi Kullanan Müşteri,Stenos Auto_2025_CSI_Soru_Formu_v2-Final,2026-04-07,Stenos Bursa Nilüfer,Bursa,Marmara Bölgesi,Atatöre Şensoy,Otomobil-Binek,Retail,48,Kadın,25.001 - 50.000 TL,847000,36,4.1,1,1,,1,Başka kuruluş araştırmadım,Araçla birlikte tüm finansal hizmetleri tek noktada sunabilmeleri; Personelin genel tutum davranışları; Daha önce kredi kullanmıştım,10,"Süreç hızlı ilerledi, bilgilendirme yeterliydi",,8,Danışman ilgili ve bilgiliydi,,10,10,8,10,,9,10,,1,,2,,,,2,,1,8,9,10,2.0,,1.0,2.0,,Kendi sigortacısı/tanıdık acente olması,,,,,,2,,1,Promoter,100.0,1,0
CSI-CRD-00177,Kredi Kullanan Müşteri,Stenos Auto_2025_CSI_Soru_Formu_v2-Final,2025-03-06,Stenos Trabzon Ortahisar,Trabzon,Karadeniz Bölgesi,Uz. Sevsevil Gülbeyan Yorulmaz,Hafif Ticari,Retail,42,Erkek,25.001 - 50.000 TL,352000,36,6.4,1,1,,1,Vakıflar Bankası,Daha önce kredi kullanmıştım; Sigorta hizmetlerinin de olması; Hizmet kalitesi,7,Genel olarak iyiydi ancak bazı aşamalar uzun sürdü,,7,Danışmanın bilgilendirmesi yetersizdi,,99,8,5,5,Taksit seçenekleri ihtiyacıma uymadı,7,9,,1,,2,,,,1,"Gazete, dergi vb.; Acente",2,9,8,9,2.0,,1.0,1.0,Muafiyetsiz cam teminatı,Kendi sigortacısı/tanıdık acente olması; Servis hizmet memnuniyetsizliği,,,,,,2,,1,Passive,66.7,0,1
CSI-CRD-00178,Kredi Kullanan Müşteri,Stenos Auto_2025_CSI_Soru_Formu_v2-Final,2025-03-10,Stenos İstanbul Kadıköy,İstanbul,Marmara Bölgesi,Nurmelek Hayrioğlu,Otomobil-Binek,Filo,35,Erkek,25.001 - 50.000 TL,601000,24,50.4,1,1,,1,AlBaraka; Denizbank; Burgan Bank,Araçla birlikte tüm finansal hizmetleri tek noktada sunabilmeleri; Markaya duyulan güven; Faiz oranı,4,Evrak ve geri dönüş süreçlerinde sorun yaşadım,1.0,5,Danışmanın bilgilendirmesi yetersizdi,2.0,5,4,3,4,Taksit seçenekleri ihtiyacıma uymadı,3,4,Onay süreci beklediğimden uzun sürdü,1,,1,Kaza,3.0,Ödememin hesaplara gecikmeli yansıması; Dekontların ellerine ulaşmaması,2,,1,3,3,1,,,,,,,,,,,,2,,1,Detractor,33.3,0,0
CSI-CRD-00179,Kredi Kullanan Müşteri,Stenos Auto_2025_CSI_Soru_Formu_v2-Final,2025-12-07,Stenos Denizli Merkezefendi,Denizli,Ege Bölgesi,Muvaffak Hayrioğlu,Hafif Ticari,Retail,51,Erkek,50.001 - 85.000 TL,455000,12,1.9,1,1,,1,Garanti Bankası,Ulaşım kolaylığı; Düşük peşinat / peşinatsız kredi imkânı; Kredi alımlarında hızlılık,9,"Süreç hızlı ilerledi, bilgilendirme yeterliydi",,9,Danışman ilgili ve bilgiliydi,,8,10,10,8,,6,10,,1,,2,,,,2,,3,9,9,10,1.0,Fiyat avantajı; Kredi avantajı,,,,,6.0,10.0,7.0,Fiyat/teminat dengesi beklentimin altındaydı,Daha önce kredi kullanan tanıdıklarımdan / tavsiye; Stenos Auto Finans veya Stenos Auto internet sayfalarından,2,,1,Promoter,88.9,1,1
CSI-CRD-00180,Kredi Kullanan Müşteri,Stenos Auto_2025_CSI_Soru_Formu_v2-Final,2026-04-15,Stenos Gaziantep Şahinbey,Gaziantep,Güney Doğu Anadolu Bölgesi,Nurmelek Aslan,Otomobil-Binek,Retail,40,Erkek,85.001 - 150.000 TL,318000,36,1.0,1,2,Peşinat ve vade esnekliği ikna etti,1,Burgan Bank; Garanti Bankası; Akbank,Sigorta hizmetlerinin de olması; Sorunların zamanında çözülmesi; Daha önce kredi kullanmıştım,10,"Süreç hızlı ilerledi, bilgilendirme yeterliydi",,9,Danışman ilgili ve bilgiliydi,,99,10,10,10,,10,10,,1,,2,,,,2,,3,10,9,10,1.0,Kredi avantajı,,,,,10.0,8.0,7.0,Fiyat/teminat dengesi beklentimin altındaydı,Daha önce kredi kullanan tanıdıklarımdan / tavsiye,2,,2,Promoter,100.0,1,1
CSI-CRD-00181,Kredi Kullanan Müşteri,Stenos Auto_2025_CSI_Soru_Formu_v2-Final,2025-04-30,Stenos Diyarbakır Kayapınar,Diyarbakır,Güney Doğu Anadolu Bölgesi,Çev. Bidayet Sirap Yıldırım,Otomobil-Binek,Retail,47,Erkek,50.001 - 85.000 TL,1168000,48,6.7,1,2,Peşinat ve vade esnekliği ikna etti,1,Vakıflar Bankası; Yapı ve Kredi Bankası,Hizmet kalitesi; Kampanyaları olması; Ödeme Planında Esneklik,10,"Süreç hızlı ilerledi, bilgilendirme yeterliydi",,10,Danışman ilgili ve bilgiliydi,,99,10,8,10,,8,10,,1,,2,,,,1,Web sitesi; Acente,2,10,10,10,1.0,Teminat içeriği,,,,,6.0,10.0,10.0,,İnternet reklamlarından,2,,2,Promoter,100.0,1,1
CSI-CRD-00182,Kredi Kullanan Müşteri,Stenos Auto_2025_CSI_Soru_Formu_v2-Final,2025-06-18,Stenos Gaziantep Şahinbey,Gaziantep,Güney Doğu Anadolu Bölgesi,Hiçsönmez Eba Şensoy,Otomobil-Binek,Retail,50,Kadın,25.001 - 50.000 TL,669000,60,34.6,1,1,,1,Akbank; Vakıflar Bankası; Burgan Bank,Daha uzun vade; Ulaşım kolaylığı; Sigorta hizmetlerinin de olması,4,Evrak ve geri dönüş süreçlerinde sorun yaşadım,1.0,3,Danışmanın bilgilendirmesi yetersizdi,99.0,5,6,2,4,Taksit seçenekleri ihtiyacıma uymadı,3,4,Onay süreci beklediğimden uzun sürdü,1,,1,Adres Değişikliği Bildirme; Fatura ile ilgili olarak,3.0,Talebimin gerçekleşmesi uzun zaman aldı; Talep ile ilgili doğru bilgi alamaması,2,,2,6,6,5,1.0,Fiyat avantajı; Kredi avantajı,,,,,4.0,2.0,4.0,Fiyat/teminat dengesi beklentimin altındaydı,Daha önce kredi kullanan tanıdıklarımdan / tavsiye,2,,1,Detractor,33.3,0,0
CSI-CRD-00183,Kredi Kullanan Müşteri,Stenos Auto_2025_CSI_Soru_Formu_v2-Final,2026-03-23,Stenos Ankara Çankaya,Ankara,İç Anadolu Bölgesi,Özaslan Şensoy,Otomobil-Binek,Retail,62,Erkek,50.001 - 85.000 TL,492000,36,5.4,1,1,,1,Ziraat Bankası,Araçla birlikte tüm finansal hizmetleri tek noktada sunabilmeleri; Markaya duyulan güven; Sigorta hizmetlerinin de olması,10,"Süreç hızlı ilerledi, bilgilendirme yeterliydi",,10,Danışman ilgili ve bilgiliydi,,10,8,9,10,,8,10,,1,,2,,,,2,,2,10,9,8,1.0,Kredi avantajı,,,,,9.0,9.0,10.0,,Acente görselliği sayesinde; Acente satış danışmanı,2,,1,Promoter,100.0,1,1
CSI-CRD-00184,Kredi Kullanan Müşteri,Stenos Auto_2025_CSI_Soru_Formu_v2-Final,2026-06-15,Stenos Antalya Muratpaşa,Antalya,Akdeniz Bölgesi,Çağlasın Akdurmuş Akça,Hafif Ticari,Filo,32,Kadın,85.001 - 150.000 TL,1175000,36,1.0,1,1,,2,Türkiye Finans; TEB (Türk Ekonomi Bankası); Şekerbank,Sigorta hizmetlerinin de olması; Müşteri ilişkileri; Ulaşım kolaylığı,10,"Süreç hızlı ilerledi, bilgilendirme yeterliydi",,10,Danışman ilgili ve bilgiliydi,,9,9,10,10,,10,10,,1,,2,,,,2,,3,10,10,10,,,,,,,,,,,,2,,1,Promoter,100.0,1,1
CSI-CRD-00185,Kredi Kullanan Müşteri,Stenos Auto_2025_CSI_Soru_Formu_v2-Final,2025-10-01,Stenos Kayseri Melikgazi,Kayseri,İç Anadolu Bölgesi,Öğr. Şahat Adıgün Mansız,Otomobil-Binek,Retail,45,Erkek,150.000 TL üzeri,1510000,36,3.0,1,1,,1,Başka kuruluş araştırmadım,Kampanyaları olması; Daha uzun vade; Faiz oranı,9,"Süreç hızlı ilerledi, bilgilendirme yeterliydi",,9,Danışman ilgili ve bilgiliydi,,10,10,10,8,,9,10,,1,,2,,,,2,,2,10,10,8,2.0,,2.0,,,Sigorta şirketi memnuniyetsizliği,,,,,,2,,1,Promoter,88.9,1,1
CSI-CRD-00186,Kredi Kullanan Müşteri,Stenos Auto_2025_CSI_Soru_Formu_v2-Final,2025-03-03,Stenos Malatya Battalgazi,Malatya,Doğu Anadolu Bölgesi,Enes Yaman,Otomobil-Binek,Retail,38,Kadın,85.001 - 150.000 TL,1386000,36,6.3,1,2,Acentede sunulan faiz oranı beklediğimden uygundu,1,HSBC Bank; Anadolubank,Daha az döküman/daha az prosedür; Sorunların zamanında çözülmesi; Kredi alımlarında hızlılık,9,"Süreç hızlı ilerledi, bilgilendirme yeterliydi",,10,Danışman ilgili ve bilgiliydi,,9,10,8,8,,7,10,,1,,1,Banka Hesap No'ları hakkında bilgi; Sigorta,10.0,,1,Stenos Auto Mobil App; Acente,3,9,9,9,1.0,Fiyat avantajı; Teminat içeriği,,,,,9.0,10.0,7.0,Fiyat/teminat dengesi beklentimin altındaydı,Daha önce kredi kullanan tanıdıklarımdan / tavsiye,1,2.0,1,Promoter,88.9,1,1
CSI-CRD-00187,Kredi Kullanan Müşteri,Stenos Auto_2025_CSI_Soru_Formu_v2-Final,2025-01-09,Stenos Trabzon Ortahisar,Trabzon,Karadeniz Bölgesi,Dr. Dilşat Durdu Akça,Hafif Ticari,Retail,35,Erkek,150.000 TL üzeri,2431000,60,6.7,1,1,,2,Başka kuruluş araştırmadım,Sorunların zamanında çözülmesi; Müşteri ilişkileri; Sigorta hizmetlerinin de olması,10,"Süreç hızlı ilerledi, bilgilendirme yeterliydi",,10,Danışman ilgili ve bilgiliydi,,99,99,10,10,,7,10,,1,,2,,,,2,,2,9,10,10,1.0,Fiyat avantajı; Teminat içeriği,,,,,10.0,10.0,10.0,,İnternet reklamlarından,1,1.0,1,Promoter,100.0,1,1
CSI-CRD-00188,Kredi Kullanan Müşteri,Stenos Auto_2025_CSI_Soru_Formu_v2-Final,2025-04-08,Stenos Diyarbakır Kayapınar,Diyarbakır,Güney Doğu Anadolu Bölgesi,Nafii Sezer,Otomobil-Binek,Retail,38,Kadın,50.001 - 85.000 TL,1608000,36,5.2,1,1,,1,Yapı ve Kredi Bankası,Daha önce kredi kullanmıştım; Hizmet kalitesi; Kampanyaları olması,6,Evrak ve geri dönüş süreçlerinde sorun yaşadım,1.0,99,,,99,7,6,5,Taksit seçenekleri ihtiyacıma uymadı,3,8,,1,,1,Hesap / Borç durumu öğrenme; Kredi geri ödeme planımı temin etmek,7.0,,2,,3,8,8,7,2.0,,2.0,,,Kendi sigortacısı/tanıdık acente olması,,,,,,1,1.0,2,Passive,55.6,0,0
CSI-CRD-00189,Kredi Kullanan Müşteri,Stenos Auto_2025_CSI_Soru_Formu_v2-Final,2025-03-27,Stenos Kayseri Melikgazi,Kayseri,İç Anadolu Bölgesi,Nili Aksu,Otomobil-Binek,Retail,55,Kadın,85.001 - 150.000 TL,1016000,24,1.0,1,1,,1,AlBaraka,Faiz oranı; Daha az döküman/daha az prosedür; Düşük peşinat / peşinatsız kredi imkânı,10,"Süreç hızlı ilerledi, bilgilendirme yeterliydi",,10,Danışman ilgili ve bilgiliydi,,10,9,10,10,,9,10,,2,Gecikme faizi hakkında bilgi verilmedi,2,,,,2,,2,10,10,10,1.0,Fiyat avantajı; Kredi avantajı,,,,,8.0,8.0,8.0,Fiyat/teminat dengesi beklentimin altındaydı,İnternet reklamlarından,2,,1,Promoter,100.0,1,1
CSI-CRD-00190,Kredi Kullanan Müşteri,Stenos Auto_2025_CSI_Soru_Formu_v2-Final,2026-02-24,Stenos Kayseri Melikgazi,Kayseri,İç Anadolu Bölgesi,Över İlalmış Aksu Hançer,Hafif Ticari,Filo,55,Kadın,150.000 TL üzeri,2402000,36,4.5,1,2,Nakit bütçemi bozmak istemedim,2,Garanti Bankası; TEB (Türk Ekonomi Bankası); Kuveyt Türk,Ulaşım kolaylığı; Ödeme Planında Esneklik; Araçla birlikte tüm finansal hizmetleri tek noktada sunabilmeleri,10,"Süreç hızlı ilerledi, bilgilendirme yeterliydi",,10,Danışman ilgili ve bilgiliydi,,9,8,9,10,,9,10,,1,,2,,,,1,Sosyal medya; Web sitesi; Acente,2,9,10,8,,,,,,,,,,,,2,,1,Promoter,100.0,1,1
CSI-CRD-00191,Kredi Kullanan Müşteri,Stenos Auto_2025_CSI_Soru_Formu_v2-Final,2025-03-27,Stenos Samsun İlkadım,Samsun,Karadeniz Bölgesi,Seyithan Akatay İhsanoğlu Hançer,Otomobil-Binek,Filo,34,Kadın,85.001 - 150.000 TL,1794000,12,6.4,1,2,Satış danışmanının yönlendirmesi,1,Başka kuruluş araştırmadım,Daha az döküman/daha az prosedür; Kredi alımlarında hızlılık; Faiz oranı,10,"Süreç hızlı ilerledi, bilgilendirme yeterliydi",,10,Danışman ilgili ve bilgiliydi,,8,10,99,10,,8,9,,1,,1,Adres Değişikliği Bildirme; Kredi Borcunu erken kapama,10.0,,1,Sosyal medya; Web sitesi,1,9,10,10,,,,,,,,,,,,2,,1,Promoter,100.0,1,1
CSI-CRD-00192,Kredi Kullanan Müşteri,Stenos Auto_2025_CSI_Soru_Formu_v2-Final,2025-10-20,Stenos Gaziantep Şahinbey,Gaziantep,Güney Doğu Anadolu Bölgesi,Permun Akça Demirel,Hafif Ticari,Retail,32,Erkek,85.001 - 150.000 TL,2174000,60,4.7,1,2,Nakit bütçemi bozmak istemedim,1,HSBC Bank,Daha az döküman/daha az prosedür; Hizmet kalitesi; Düşük peşinat / peşinatsız kredi imkânı,9,"Süreç hızlı ilerledi, bilgilendirme yeterliydi",,8,Danışman ilgili ve bilgiliydi,,10,10,7,7,,7,9,,2,Taksit tarihleri net anlatılmadı,2,,,,1,Stenos Auto Mobil App; Web sitesi,2,9,10,8,2.0,,2.0,,,Kendi sigortacısı/tanıdık acente olması,,,,,,2,,1,Promoter,88.9,1,1
CSI-CRD-00193,Kredi Kullanan Müşteri,Stenos Auto_2025_CSI_Soru_Formu_v2-Final,2026-02-16,Stenos Trabzon Ortahisar,Trabzon,Karadeniz Bölgesi,Arıkol Zengin,Hafif Ticari,Retail,28,Kadın,150.000 TL üzeri,1070000,36,16.0,1,1,,1,OdeaBank; HSBC Bank,Markanın finans kurumu olması; Düşük peşinat / peşinatsız kredi imkânı; Hizmet kalitesi,8,Genel olarak iyiydi ancak bazı aşamalar uzun sürdü,,8,Danışman ilgili ve bilgiliydi,,99,8,7,8,,7,8,,1,,2,,,,1,Acente; Web sitesi,3,7,8,6,2.0,,1.0,1.0,Yol yardım hizmeti,Sigorta şirketi memnuniyetsizliği,,,,,,2,,1,Passive,77.8,0,0
CSI-CRD-00194,Kredi Kullanan Müşteri,Stenos Auto_2025_CSI_Soru_Formu_v2-Final,2025-12-21,Stenos Bursa Nilüfer,Bursa,Marmara Bölgesi,Dr. Vedat Önel Hançer,Otomobil-Binek,Filo,46,Kadın,150.000 TL üzeri,1852000,48,25.8,1,1,,1,OdeaBank,Daha önce kredi kullanmıştım; Faiz oranı; Markanın finans kurumu olması,3,Evrak ve geri dönüş süreçlerinde sorun yaşadım,1.0,4,Danışmanın bilgilendirmesi yetersizdi,1.0,1,4,5,1,Taksit seçenekleri ihtiyacıma uymadı,1,5,Onay süreci beklediğimden uzun sürdü,1,,2,,,,1,Acente; Stenos Auto Mobil App,3,3,5,4,,,,,,,,,,,,2,,1,Detractor,22.2,0,0
CSI-CRD-00195,Kredi Kullanan Müşteri,Stenos Auto_2025_CSI_Soru_Formu_v2-Final,2025-04-13,Stenos İstanbul Kadıköy,İstanbul,Marmara Bölgesi,Özpınar Selâtin Çetin Türk,Hafif Ticari,Filo,55,Kadın,85.001 - 150.000 TL,1323000,36,20.6,1,2,Satış danışmanının yönlendirmesi,1,Başka kuruluş araştırmadım,Personelin genel tutum davranışları; Markaya duyulan güven; Markanın finans kurumu olması,7,Genel olarak iyiydi ancak bazı aşamalar uzun sürdü,,6,Danışmanın bilgilendirmesi yetersizdi,1.0,8,9,7,7,,99,6,Onay süreci beklediğimden uzun sürdü,1,,1,Kaza; Sigorta,7.0,,1,Acente,3,7,7,7,,,,,,,,,,,,1,1.0,1,Passive,66.7,0,0
CSI-CRD-00196,Kredi Kullanan Müşteri,Stenos Auto_2025_CSI_Soru_Formu_v2-Final,2026-03-21,Stenos İzmir Bornova,İzmir,Ege Bölgesi,Yıldız Samahat Ülker Arsoy,Otomobil-Binek,Retail,50,Erkek,85.001 - 150.000 TL,1744000,36,6.5,1,1,,1,Başka kuruluş araştırmadım,Sigorta hizmetlerinin de olması; Hizmet kalitesi; Düşük peşinat / peşinatsız kredi imkânı,10,"Süreç hızlı ilerledi, bilgilendirme yeterliydi",,10,Danışman ilgili ve bilgiliydi,,9,10,10,10,,9,10,,1,,1,Yeni Kredi Başvurusu için; Rehin Kaldırma,7.0,,2,,3,10,10,9,1.0,Fiyat avantajı; Kredi avantajı,,,,,10.0,10.0,8.0,Fiyat/teminat dengesi beklentimin altındaydı,Acente satış danışmanı,2,,1,Promoter,100.0,1,1
CSI-CRD-00197,Kredi Kullanan Müşteri,Stenos Auto_2025_CSI_Soru_Formu_v2-Final,2026-02-23,Stenos İstanbul Maslak,İstanbul,Marmara Bölgesi,Orgün Şensoy,Otomobil-Binek,Retail,42,Erkek,150.000 TL üzeri,2428000,24,1.3,1,2,Satış danışmanının yönlendirmesi,1,Başka kuruluş araştırmadım,Düşük peşinat / peşinatsız kredi imkânı; Daha az döküman/daha az prosedür; Faiz oranı,10,"Süreç hızlı ilerledi, bilgilendirme yeterliydi",,10,Danışman ilgili ve bilgiliydi,,10,10,9,99,,99,10,,1,,2,,,,1,"Web sitesi; Gazete, dergi vb.",3,10,9,9,2.0,,1.0,1.0,Muafiyetsiz cam teminatı,Servis hizmet memnuniyetsizliği; Kendi sigortacısı/tanıdık acente olması,,,,,,2,,2,Promoter,100.0,1,1
CSI-CRD-00198,Kredi Kullanan Müşteri,Stenos Auto_2025_CSI_Soru_Formu_v2-Final,2026-02-22,Stenos Samsun İlkadım,Samsun,Karadeniz Bölgesi,Akyıldız Akdeniz,Otomobil-Binek,Retail,29,Kadın,85.001 - 150.000 TL,1481000,36,8.0,1,1,,2,Ziraat Bankası; Burgan Bank; Türkiye Finans,Kampanyaları olması; Düşük peşinat / peşinatsız kredi imkânı; Daha az döküman/daha az prosedür,9,"Süreç hızlı ilerledi, bilgilendirme yeterliydi",,10,Danışman ilgili ve bilgiliydi,,10,9,9,9,,9,9,,1,,3,,,,2,,1,9,8,7,2.0,,1.0,2.0,,Kendi sigortacısı/tanıdık acente olması,,,,,,2,,1,Passive,88.9,1,1
CSI-CRD-00199,Kredi Kullanan Müşteri,Stenos Auto_2025_CSI_Soru_Formu_v2-Final,2025-03-20,Stenos Adana Seyhan,Adana,Akdeniz Bölgesi,Av. Tangül Deha Şafak,Otomobil-Binek,Retail,27,Erkek,25.001 - 50.000 TL,740000,36,19.4,1,1,,2,Başka kuruluş araştırmadım,Kampanyaları olması; Araçla birlikte tüm finansal hizmetleri tek noktada sunabilmeleri; Daha önce kredi kullanmıştım,6,Evrak ve geri dönüş süreçlerinde sorun yaşadım,1.0,7,Danışmanın bilgilendirmesi yetersizdi,,5,6,7,99,,5,8,,2,Taksit tarihleri net anlatılmadı,2,,,,1,"Gazete, dergi vb.; Sosyal medya; Web sitesi",1,9,8,7,2.0,,1.0,1.0,Değer kaybı teminatı,Kendi sigortacısı/tanıdık acente olması; Sigorta şirketi memnuniyetsizliği,,,,,,2,,1,Passive,55.6,0,1
CSI-CRD-00200,Kredi Kullanan Müşteri,Stenos Auto_2025_CSI_Soru_Formu_v2-Final,2025-03-02,Stenos İzmir Bornova,İzmir,Ege Bölgesi,Sevim Fayize Şafak Akçay,Otomobil-Binek,Filo,36,Kadın,85.001 - 150.000 TL,2138000,36,10.0,1,1,,2,Başka kuruluş araştırmadım,Müşteri ilişkileri; Personelin genel tutum davranışları; Ulaşım kolaylığı,10,"Süreç hızlı ilerledi, bilgilendirme yeterliydi",,10,Danışman ilgili ve bilgiliydi,,10,10,8,10,,9,10,,1,,2,,,,1,Stenos Auto Mobil App,1,10,9,10,,,,,,,,,,,,2,,2,Promoter,100.0,1,1
CSI-CRD-00201,Kredi Kullanan Müşteri,Stenos Auto_2025_CSI_Soru_Formu_v2-Final,2026-05-23,Stenos İzmir Bornova,İzmir,Ege Bölgesi,Şöhret Sezgin,Otomobil-Binek,Retail,39,Erkek,25.001 - 50.000 TL,923000,60,10.8,1,2,Nakit bütçemi bozmak istemedim,2,TEB (Türk Ekonomi Bankası); Yapı ve Kredi Bankası,Ulaşım kolaylığı; Hizmet kalitesi; Düşük peşinat / peşinatsız kredi imkânı,9,"Süreç hızlı ilerledi, bilgilendirme yeterliydi",,9,Danışman ilgili ve bilgiliydi,,9,9,7,9,,8,9,,2,Gecikme faizi hakkında bilgi verilmedi,1,Adres Değişikliği Bildirme; Hesap / Borç durumu öğrenme,10.0,,2,,1,10,9,10,2.0,,1.0,1.0,Muafiyetsiz cam teminatı,Servis hizmet memnuniyetsizliği,,,,,,2,,1,Promoter,88.9,1,1
CSI-CRD-00202,Kredi Kullanan Müşteri,Stenos Auto_2025_CSI_Soru_Formu_v2-Final,2025-07-12,Stenos Antalya Muratpaşa,Antalya,Akdeniz Bölgesi,Öğr. Seblâ Alemdar Gül,Otomobil-Binek,Filo,75,Erkek,25.001 - 50.000 TL,888000,36,2.6,1,1,,2,Başka kuruluş araştırmadım,Sigorta hizmetlerinin de olması; Markanın finans kurumu olması; Faiz oranı,9,"Süreç hızlı ilerledi, bilgilendirme yeterliydi",,10,Danışman ilgili ve bilgiliydi,,9,99,10,99,,10,9,,1,,1,Kredi geri ödeme planımı temin etmek,7.0,,1,Web sitesi; Acente,2,10,9,8,,,,,,,,,,,,2,,1,Promoter,88.9,1,1
CSI-CRD-00203,Kredi Kullanan Müşteri,Stenos Auto_2025_CSI_Soru_Formu_v2-Final,2025-05-24,Stenos İstanbul Maslak,İstanbul,Marmara Bölgesi,Musaffa Akdeniz,Otomobil-Binek,Retail,43,Kadın,85.001 - 150.000 TL,1627000,36,3.2,1,1,,1,ING; Ziraat Bankası,Daha önce kredi kullanmıştım; Daha az döküman/daha az prosedür; Personelin genel tutum davranışları,9,"Süreç hızlı ilerledi, bilgilendirme yeterliydi",,8,Danışman ilgili ve bilgiliydi,,7,10,99,99,,9,10,,1,,1,Kredimin ödeme planını revize etmek,9.0,,2,,2,10,10,10,2.0,,1.0,1.0,Yol yardım hizmeti,Sigorta şirketi memnuniyetsizliği,,,,,,2,,1,Promoter,88.9,1,1
CSI-CRD-00204,Kredi Kullanan Müşteri,Stenos Auto_2025_CSI_Soru_Formu_v2-Final,2025-09-17,Stenos Erzurum Yakutiye,Erzurum,Doğu Anadolu Bölgesi,Av. Atnan Eşref Akgündüz,Otomobil-Binek,Retail,49,Erkek,85.001 - 150.000 TL,971000,24,6.9,1,2,Peşinat ve vade esnekliği ikna etti,2,AlBaraka; Anadolubank; Türkiye Finans,Daha önce kredi kullanmıştım; Kredi alımlarında hızlılık; Kampanyaları olması,7,Genel olarak iyiydi ancak bazı aşamalar uzun sürdü,,7,Danışmanın bilgilendirmesi yetersizdi,,6,7,10,7,,6,9,,1,,3,,,,2,,2,2,6,3,2.0,,1.0,1.0,Yol yardım hizmeti,Sigorta şirketi memnuniyetsizliği,,,,,,2,,1,Detractor,66.7,0,0
CSI-CRD-00205,Kredi Kullanan Müşteri,Stenos Auto_2025_CSI_Soru_Formu_v2-Final,2026-01-28,Stenos Malatya Battalgazi,Malatya,Doğu Anadolu Bölgesi,Öğr. Sezen Üge Mansız Ülker,Otomobil-Binek,Filo,29,Kadın,150.000 TL üzeri,2329000,12,17.5,1,2,Satış danışmanının yönlendirmesi,2,Başka kuruluş araştırmadım,Hizmet kalitesi; Kredi alımlarında hızlılık; Müşteri ilişkileri,7,Genel olarak iyiydi ancak bazı aşamalar uzun sürdü,,6,Danışmanın bilgilendirmesi yetersizdi,2.0,8,6,8,6,Taksit seçenekleri ihtiyacıma uymadı,6,7,,2,Erken kapama koşulları açıklanmadı,99,,,,2,,2,7,7,10,,,,,,,,,,,,2,,2,Passive,66.7,0,0
CSI-CRD-00206,Kredi Kullanan Müşteri,Stenos Auto_2025_CSI_Soru_Formu_v2-Final,2026-06-11,Stenos İzmir Bornova,İzmir,Ege Bölgesi,Nades Yıldırım Soylu,Hafif Ticari,Retail,65,Erkek,85.001 - 150.000 TL,1009000,12,4.8,1,2,Nakit bütçemi bozmak istemedim,1,HSBC Bank,Araçla birlikte tüm finansal hizmetleri tek noktada sunabilmeleri; Kampanyaları olması; Düşük peşinat / peşinatsız kredi imkânı,9,"Süreç hızlı ilerledi, bilgilendirme yeterliydi",,8,Danışman ilgili ve bilgiliydi,,7,9,9,10,,9,8,,1,,2,,,,2,,2,10,10,9,2.0,,1.0,1.0,Değer kaybı teminatı,Sigorta şirketi memnuniyetsizliği,,,,,,2,,1,Promoter,88.9,1,1
CSI-CRD-00207,Kredi Kullanan Müşteri,Stenos Auto_2025_CSI_Soru_Formu_v2-Final,2025-05-29,Stenos Antalya Muratpaşa,Antalya,Akdeniz Bölgesi,Gülbeyan Soylu,Hafif Ticari,Retail,31,Erkek,150.000 TL üzeri,2448000,60,6.3,1,1,,2,Başka kuruluş araştırmadım,Daha önce kredi kullanmıştım; Sorunların zamanında çözülmesi; Araçla birlikte tüm finansal hizmetleri tek noktada sunabilmeleri,9,"Süreç hızlı ilerledi, bilgilendirme yeterliydi",,7,Danışmanın bilgilendirmesi yetersizdi,,10,10,8,9,,5,9,,1,,2,,,,2,,2,10,10,6,2.0,,1.0,1.0,Yeni değer klozu,Servis hizmet memnuniyetsizliği; Kendi sigortacısı/tanıdık acente olması,,,,,,2,,2,Promoter,88.9,1,1
CSI-CRD-00208,Kredi Kullanan Müşteri,Stenos Auto_2025_CSI_Soru_Formu_v2-Final,2026-05-27,Stenos Trabzon Ortahisar,Trabzon,Karadeniz Bölgesi,Hürdoğan Sezgin,Otomobil-Binek,Retail,42,Erkek,85.001 - 150.000 TL,1828000,24,6.6,1,1,,2,Türkiye Finans; Akbank; HSBC Bank,Müşteri ilişkileri; Daha az döküman/daha az prosedür; Kampanyaları olması,10,"Süreç hızlı ilerledi, bilgilendirme yeterliydi",,9,Danışman ilgili ve bilgiliydi,,10,9,9,8,,10,99,,1,,2,,,,1,Acente; Sosyal medya; Stenos Auto Mobil App,1,8,9,10,1.0,Kredi avantajı; Teminat içeriği,,,,,10.0,8.0,8.0,Fiyat/teminat dengesi beklentimin altındaydı,Yetkili servisten,2,,1,Promoter,100.0,1,0
CSI-CRD-00209,Kredi Kullanan Müşteri,Stenos Auto_2025_CSI_Soru_Formu_v2-Final,2025-01-11,Stenos İzmir Bornova,İzmir,Ege Bölgesi,Narhanim Aslan,Otomobil-Binek,Retail,55,Kadın,85.001 - 150.000 TL,1765000,60,5.2,1,1,,1,Başka kuruluş araştırmadım,Daha az döküman/daha az prosedür; Daha önce kredi kullanmıştım; Markanın finans kurumu olması,10,"Süreç hızlı ilerledi, bilgilendirme yeterliydi",,99,,,8,10,10,10,,10,10,,1,,1,Senet İadesi,10.0,,1,Web sitesi; Stenos Auto Mobil App,2,10,9,10,2.0,,1.0,1.0,Yeni değer klozu,Servis hizmet memnuniyetsizliği,,,,,,2,,1,Promoter,100.0,1,1
CSI-CRD-00210,Kredi Kullanan Müşteri,Stenos Auto_2025_CSI_Soru_Formu_v2-Final,2025-11-15,Stenos Ankara Çankaya,Ankara,İç Anadolu Bölgesi,Çisem Yılmaz,Otomobil-Binek,Retail,37,Erkek,150.000 TL üzeri,2030000,24,4.2,1,1,,1,Ziraat Bankası; Halk Bankası; Türkiye Finans,Müşteri ilişkileri; Personelin genel tutum davranışları; Kredi alımlarında hızlılık,10,"Süreç hızlı ilerledi, bilgilendirme yeterliydi",,9,Danışman ilgili ve bilgiliydi,,10,9,10,10,,9,10,,1,,1,Fatura ile ilgili olarak,6.0,Dekontların ellerine ulaşmaması; Rehin kaldırma işleminin uzun zaman alması,1,"Gazete, dergi vb.",2,9,9,8,1.0,Teminat içeriği; Fiyat avantajı,,,,,9.0,10.0,10.0,,Daha önce kredi kullanan tanıdıklarımdan / tavsiye; Stenos Auto Finans veya Stenos Auto internet sayfalarından,2,,1,Promoter,100.0,1,1
CSI-CRD-00211,Kredi Kullanan Müşteri,Stenos Auto_2025_CSI_Soru_Formu_v2-Final,2026-01-17,Stenos Samsun İlkadım,Samsun,Karadeniz Bölgesi,Atilhan Yüksel,Otomobil-Binek,Filo,30,Erkek,50.001 - 85.000 TL,423000,36,17.0,1,2,Peşinat ve vade esnekliği ikna etti,1,Vakıflar Bankası; Denizbank; OdeaBank,Daha uzun vade; Markaya duyulan güven; Personelin genel tutum davranışları,9,"Süreç hızlı ilerledi, bilgilendirme yeterliydi",,10,Danışman ilgili ve bilgiliydi,,8,8,8,8,,8,7,,1,,1,Fatura ile ilgili olarak; Sigorta,10.0,,2,,2,10,10,5,,,,,,,,,,,,2,,1,Promoter,88.9,1,1
CSI-CRD-00212,Kredi Kullanan Müşteri,Stenos Auto_2025_CSI_Soru_Formu_v2-Final,2025-02-22,Stenos İstanbul Kadıköy,İstanbul,Marmara Bölgesi,Öğr. Çilga Hazine Sezer,Otomobil-Binek,Filo,58,Erkek,150.000 TL üzeri,1569000,24,6.1,1,2,Acentede sunulan faiz oranı beklediğimden uygundu,2,Yapı ve Kredi Bankası; HSBC Bank,Faiz oranı; Kredi alımlarında hızlılık; Daha az döküman/daha az prosedür,9,"Süreç hızlı ilerledi, bilgilendirme yeterliydi",,9,Danışman ilgili ve bilgiliydi,,10,10,8,9,,9,10,,1,,1,Sigorta; Yeni Kredi Başvurusu için,9.0,,2,,1,9,9,8,,,,,,,,,,,,2,,1,Promoter,88.9,1,1
CSI-CRD-00213,Kredi Kullanan Müşteri,Stenos Auto_2025_CSI_Soru_Formu_v2-Final,2025-03-22,Stenos Kayseri Melikgazi,Kayseri,İç Anadolu Bölgesi,Dr. Tanses Dumanlı Çetin,Otomobil-Binek,Retail,53,Kadın,150.000 TL üzeri,2216000,60,4.6,1,1,,1,Başka kuruluş araştırmadım,Sigorta hizmetlerinin de olması; Markaya duyulan güven; Araçla birlikte tüm finansal hizmetleri tek noktada sunabilmeleri,9,"Süreç hızlı ilerledi, bilgilendirme yeterliydi",,8,Danışman ilgili ve bilgiliydi,,10,10,8,8,,9,10,,1,,2,,,,2,,1,10,10,9,1.0,Teminat içeriği; Fiyat avantajı,,,,,10.0,10.0,10.0,,Daha önce kredi kullanan tanıdıklarımdan / tavsiye,1,1.0,1,Promoter,88.9,1,1
CSI-CRD-00214,Kredi Kullanan Müşteri,Stenos Auto_2025_CSI_Soru_Formu_v2-Final,2025-08-27,Stenos İstanbul Maslak,İstanbul,Marmara Bölgesi,Aygutalp Arslan,Otomobil-Binek,Retail,59,Erkek,25.001 - 50.000 TL,901000,36,3.5,1,1,,1,Denizbank; TEB (Türk Ekonomi Bankası),Daha önce kredi kullanmıştım; Markanın finans kurumu olması; Sigorta hizmetlerinin de olması,10,"Süreç hızlı ilerledi, bilgilendirme yeterliydi",,10,Danışman ilgili ve bilgiliydi,,10,10,9,9,,8,9,,1,,3,,,,2,,3,10,10,8,1.0,Kredi avantajı,,,,,10.0,10.0,8.0,Fiyat/teminat dengesi beklentimin altındaydı,Acente görselliği sayesinde; İnternet reklamlarından,2,,2,Promoter,100.0,1,1
CSI-CRD-00215,Kredi Kullanan Müşteri,Stenos Auto_2025_CSI_Soru_Formu_v2-Final,2026-06-12,Stenos Antalya Muratpaşa,Antalya,Akdeniz Bölgesi,Öğr. Uğurtan Erbil Hançer,Hafif Ticari,Filo,32,Erkek,25.001 - 50.000 TL,474000,36,1.0,1,1,,1,Finans Bank,Faiz oranı; Ulaşım kolaylığı; Personelin genel tutum davranışları,9,"Süreç hızlı ilerledi, bilgilendirme yeterliydi",,10,Danışman ilgili ve bilgiliydi,,8,10,8,10,,9,10,,1,,1,Rehin Kaldırma,10.0,,1,"Web sitesi; Gazete, dergi vb.; Sosyal medya",1,10,10,9,,,,,,,,,,,,2,,1,Promoter,88.9,1,1
CSI-CRD-00216,Kredi Kullanan Müşteri,Stenos Auto_2025_CSI_Soru_Formu_v2-Final,2025-12-16,Stenos Bursa Nilüfer,Bursa,Marmara Bölgesi,Sonnur Çağlar Fırat Ergül,Hafif Ticari,Retail,21,Erkek,25.001 - 50.000 TL,851000,48,13.2,1,1,,2,Garanti Bankası,Sigorta hizmetlerinin de olması; Kredi alımlarında hızlılık; Daha önce kredi kullanmıştım,6,Evrak ve geri dönüş süreçlerinde sorun yaşadım,2.0,5,Danışmanın bilgilendirmesi yetersizdi,1.0,7,5,7,7,,5,7,,2,Taksit tarihleri net anlatılmadı,1,Adres Değişikliği Bildirme,4.0,Ödememin hesaplara gecikmeli yansıması,2,,1,7,8,6,2.0,,3.0,,,Servis hizmet memnuniyetsizliği; Sigorta şirketi memnuniyetsizliği,,,,,,2,,1,Passive,55.6,0,0
CSI-CRD-00217,Kredi Kullanan Müşteri,Stenos Auto_2025_CSI_Soru_Formu_v2-Final,2026-05-14,Stenos Denizli Merkezefendi,Denizli,Ege Bölgesi,Doç. Zümre Münezzer Ergül,Hafif Ticari,Retail,48,Erkek,150.000 TL üzeri,2339000,24,13.6,1,1,,1,Finans Bank,Kampanyaları olması; Hizmet kalitesi; Daha önce kredi kullanmıştım,6,Evrak ve geri dönüş süreçlerinde sorun yaşadım,1.0,4,Danışmanın bilgilendirmesi yetersizdi,1.0,6,6,7,5,Taksit seçenekleri ihtiyacıma uymadı,5,7,,1,,2,,,,2,,3,5,7,6,2.0,,2.0,,,Kendi sigortacısı/tanıdık acente olması; Sigorta şirketi memnuniyetsizliği,,,,,,2,,1,Passive,55.6,0,0
CSI-CRD-00218,Kredi Kullanan Müşteri,Stenos Auto_2025_CSI_Soru_Formu_v2-Final,2026-03-29,Stenos Samsun İlkadım,Samsun,Karadeniz Bölgesi,Çev. Meryeme Hüda Bilgin Demir,Hafif Ticari,Retail,49,Erkek,85.001 - 150.000 TL,1033000,48,14.8,1,1,,1,TEB (Türk Ekonomi Bankası); OdeaBank; Anadolubank,Sigorta hizmetlerinin de olması; Araçla birlikte tüm finansal hizmetleri tek noktada sunabilmeleri; Markanın finans kurumu olması,7,Genel olarak iyiydi ancak bazı aşamalar uzun sürdü,,8,Danışman ilgili ve bilgiliydi,,8,6,7,7,,6,8,,1,,1,Sigorta Muvafakatnamesi,5.0,Rehin kaldırma işleminin uzun zaman alması,2,,2,8,8,4,2.0,,1.0,2.0,,Sigorta şirketi memnuniyetsizliği,,,,,,2,,1,Passive,66.7,0,0
CSI-CRD-00219,Kredi Kullanan Müşteri,Stenos Auto_2025_CSI_Soru_Formu_v2-Final,2025-09-10,Stenos Malatya Battalgazi,Malatya,Doğu Anadolu Bölgesi,Gülel Demir,Otomobil-Binek,Filo,60,Erkek,150.000 TL üzeri,2299000,24,4.1,1,1,,1,Garanti Bankası; QNB Fibabank; Anadolubank,Müşteri ilişkileri; Kampanyaları olması; Düşük peşinat / peşinatsız kredi imkânı,9,"Süreç hızlı ilerledi, bilgilendirme yeterliydi",,10,Danışman ilgili ve bilgiliydi,,10,10,10,9,,10,10,,2,Erken kapama koşulları açıklanmadı,2,,,,1,Sosyal medya; Acente; Stenos Auto Mobil App,1,10,9,10,,,,,,,,,,,,2,,1,Promoter,88.9,1,1
CSI-CRD-00220,Kredi Kullanan Müşteri,Stenos Auto_2025_CSI_Soru_Formu_v2-Final,2026-03-19,Stenos Adana Seyhan,Adana,Akdeniz Bölgesi,Öğr. Doğuhan Korutürk,Hafif Ticari,Retail,59,Erkek,150.000 TL üzeri,2101000,48,2.2,1,1,,2,ING; Kuveyt Türk; Denizbank,Müşteri ilişkileri; Sigorta hizmetlerinin de olması; Ödeme Planında Esneklik,10,"Süreç hızlı ilerledi, bilgilendirme yeterliydi",,10,Danışman ilgili ve bilgiliydi,,10,9,10,7,,10,10,,2,Taksit tarihleri net anlatılmadı,2,,,,2,,1,10,9,8,1.0,Kredi avantajı; Fiyat avantajı,,,,,10.0,9.0,7.0,Fiyat/teminat dengesi beklentimin altındaydı,"Acente satış danışmanı; Gazete, dergi ilanlarından",2,,1,Promoter,100.0,1,1
CSI-CRD-00221,Kredi Kullanan Müşteri,Stenos Auto_2025_CSI_Soru_Formu_v2-Final,2025-01-04,Stenos İzmir Bornova,İzmir,Ege Bölgesi,Çev. İnsaf İnönü Fırat,Otomobil-Binek,Retail,60,Kadın,50.001 - 85.000 TL,1127000,24,10.4,1,2,Satış danışmanının yönlendirmesi,1,AlBaraka,Daha az döküman/daha az prosedür; Sorunların zamanında çözülmesi; Araçla birlikte tüm finansal hizmetleri tek noktada sunabilmeleri,6,Evrak ve geri dönüş süreçlerinde sorun yaşadım,1.0,6,Danışmanın bilgilendirmesi yetersizdi,1.0,7,8,5,5,Taksit seçenekleri ihtiyacıma uymadı,7,8,,1,,1,Kredi geri ödeme planımı temin etmek; Rehin Kaldırma,9.0,,1,Acente,1,8,7,9,1.0,Kredi avantajı,,,,,5.0,5.0,7.0,Fiyat/teminat dengesi beklentimin altındaydı,Daha önce kredi kullanan tanıdıklarımdan / tavsiye; Acente görselliği sayesinde,2,,2,Passive,55.6,0,0
CSI-CRD-00222,Kredi Kullanan Müşteri,Stenos Auto_2025_CSI_Soru_Formu_v2-Final,2025-03-27,Stenos Gaziantep Şahinbey,Gaziantep,Güney Doğu Anadolu Bölgesi,Cemiyle Gülgüzel Arslan,Otomobil-Binek,Retail,37,Erkek,50.001 - 85.000 TL,830000,60,1.0,1,2,Peşinat ve vade esnekliği ikna etti,1,Türkiye Finans; Burgan Bank,Hizmet kalitesi; Ödeme Planında Esneklik; Kampanyaları olması,10,"Süreç hızlı ilerledi, bilgilendirme yeterliydi",,10,Danışman ilgili ve bilgiliydi,,10,10,10,6,Taksit seçenekleri ihtiyacıma uymadı,9,10,,1,,1,Kredimin ödeme planını revize etmek; Yeni Kredi Başvurusu için,99.0,,2,,3,10,9,10,1.0,Fiyat avantajı; Kredi avantajı,,,,,10.0,10.0,10.0,,İnternet reklamlarından,2,,1,Promoter,100.0,1,1
CSI-CRD-00223,Kredi Kullanan Müşteri,Stenos Auto_2025_CSI_Soru_Formu_v2-Final,2026-04-12,Stenos Diyarbakır Kayapınar,Diyarbakır,Güney Doğu Anadolu Bölgesi,Okt. Cebesoy Gökay Yılmaz,Otomobil-Binek,Retail,42,Kadın,150.000 TL üzeri,2288000,24,7.5,1,1,,2,Başka kuruluş araştırmadım,Personelin genel tutum davranışları; Daha az döküman/daha az prosedür; Düşük peşinat / peşinatsız kredi imkânı,8,Genel olarak iyiydi ancak bazı aşamalar uzun sürdü,,99,,,8,8,8,7,,6,9,,1,,1,Banka Hesap No'ları hakkında bilgi; Adres Değişikliği Bildirme,9.0,,2,,3,8,7,7,1.0,Teminat içeriği; Kredi avantajı,,,,,7.0,8.0,8.0,Fiyat/teminat dengesi beklentimin altındaydı,Acente satış danışmanı,2,,1,Passive,77.8,0,0
CSI-CRD-00224,Kredi Kullanan Müşteri,Stenos Auto_2025_CSI_Soru_Formu_v2-Final,2026-03-11,Stenos Erzurum Yakutiye,Erzurum,Doğu Anadolu Bölgesi,Eskinalp Türk,Hafif Ticari,Retail,42,Erkek,150.000 TL üzeri,2257000,12,6.2,1,2,Acentede sunulan faiz oranı beklediğimden uygundu,2,Türkiye Finans,Müşteri ilişkileri; Düşük peşinat / peşinatsız kredi imkânı; Faiz oranı,8,Genel olarak iyiydi ancak bazı aşamalar uzun sürdü,,8,Danışman ilgili ve bilgiliydi,,8,8,7,7,,5,8,,1,,1,Kredi geri ödeme planımı temin etmek,7.0,,2,,3,5,8,8,2.0,,1.0,2.0,,Servis hizmet memnuniyetsizliği,,,,,,2,,1,Passive,77.8,0,0
CSI-CRD-00225,Kredi Kullanan Müşteri,Stenos Auto_2025_CSI_Soru_Formu_v2-Final,2025-04-18,Stenos Ankara Çankaya,Ankara,İç Anadolu Bölgesi,Saydam Feza Sezer,Hafif Ticari,Filo,44,Kadın,150.000 TL üzeri,2270000,24,3.9,1,1,,1,Başka kuruluş araştırmadım,Ulaşım kolaylığı; Kredi alımlarında hızlılık; Daha önce kredi kullanmıştım,8,Genel olarak iyiydi ancak bazı aşamalar uzun sürdü,,9,Danışman ilgili ve bilgiliydi,,7,7,7,7,,7,7,,1,,2,,,,2,,2,8,10,8,,,,,,,,,,,,1,1.0,1,Promoter,77.8,0,0
CSI-CRD-00226,Kredi Kullanan Müşteri,Stenos Auto_2025_CSI_Soru_Formu_v2-Final,2025-11-15,Stenos Gaziantep Şahinbey,Gaziantep,Güney Doğu Anadolu Bölgesi,Tezcan Bilge,Hafif Ticari,Filo,46,Erkek,50.001 - 85.000 TL,849000,60,1.0,1,1,,1,Başka kuruluş araştırmadım,Daha uzun vade; Ulaşım kolaylığı; Markaya duyulan güven,10,"Süreç hızlı ilerledi, bilgilendirme yeterliydi",,10,Danışman ilgili ve bilgiliydi,,9,9,99,10,,8,10,,1,,99,,,,2,,2,9,9,10,,,,,,,,,,,,1,1.0,1,Promoter,100.0,1,1
CSI-CRD-00227,Kredi Kullanan Müşteri,Stenos Auto_2025_CSI_Soru_Formu_v2-Final,2025-12-27,Stenos Samsun İlkadım,Samsun,Karadeniz Bölgesi,Dr. Akyıldız Durdu Arslan,Hafif Ticari,Retail,63,Erkek,85.001 - 150.000 TL,1996000,60,8.7,1,1,,2,Vakıflar Bankası; Ziraat Bankası,Sigorta hizmetlerinin de olması; Kredi alımlarında hızlılık; Ödeme Planında Esneklik,10,"Süreç hızlı ilerledi, bilgilendirme yeterliydi",,10,Danışman ilgili ve bilgiliydi,,10,9,10,7,,9,9,,1,,1,Senet İadesi,9.0,,2,,2,10,9,10,1.0,Kredi avantajı; Fiyat avantajı,,,,,9.0,10.0,8.0,Fiyat/teminat dengesi beklentimin altındaydı,"Gazete, dergi ilanlarından",2,,1,Promoter,100.0,1,1
CSI-CRD-00228,Kredi Kullanan Müşteri,Stenos Auto_2025_CSI_Soru_Formu_v2-Final,2026-04-16,Stenos Denizli Merkezefendi,Denizli,Ege Bölgesi,Öğr. Selcen Şama Akçay,Hafif Ticari,Retail,56,Erkek,150.000 TL üzeri,2241000,60,1.0,1,1,,2,ING,Faiz oranı; Kampanyaları olması; Müşteri ilişkileri,9,"Süreç hızlı ilerledi, bilgilendirme yeterliydi",,10,Danışman ilgili ve bilgiliydi,,9,10,7,8,,10,9,,1,,1,Yeni Kredi Başvurusu için,10.0,,2,,2,9,9,10,2.0,,1.0,1.0,Muafiyetsiz cam teminatı,Kendi sigortacısı/tanıdık acente olması; Sigorta şirketi memnuniyetsizliği,,,,,,1,1.0,1,Promoter,88.9,1,1
CSI-CRD-00229,Kredi Kullanan Müşteri,Stenos Auto_2025_CSI_Soru_Formu_v2-Final,2025-12-17,Stenos Kayseri Melikgazi,Kayseri,İç Anadolu Bölgesi,Erginel Nezihi Demir,Otomobil-Binek,Retail,63,Erkek,85.001 - 150.000 TL,1582000,48,3.3,1,1,,1,OdeaBank; Ziraat Bankası,Sorunların zamanında çözülmesi; Faiz oranı; Markanın finans kurumu olması,10,"Süreç hızlı ilerledi, bilgilendirme yeterliydi",,10,Danışman ilgili ve bilgiliydi,,99,10,8,8,,10,10,,2,Gecikme faizi hakkında bilgi verilmedi,2,,,,2,,2,10,10,9,2.0,,1.0,1.0,Muafiyetsiz cam teminatı,Servis hizmet memnuniyetsizliği; Sigorta şirketi memnuniyetsizliği,,,,,,2,,1,Promoter,100.0,1,1
CSI-CRD-00230,Kredi Kullanan Müşteri,Stenos Auto_2025_CSI_Soru_Formu_v2-Final,2025-07-04,Stenos Diyarbakır Kayapınar,Diyarbakır,Güney Doğu Anadolu Bölgesi,Koçak Soylu,Otomobil-Binek,Filo,30,Erkek,150.000 TL üzeri,2182000,24,1.0,1,2,Kampanya koşulları cazipti,1,Başka kuruluş araştırmadım,Ödeme Planında Esneklik; Daha önce kredi kullanmıştım; Daha az döküman/daha az prosedür,7,Genel olarak iyiydi ancak bazı aşamalar uzun sürdü,,10,Danışman ilgili ve bilgiliydi,,7,8,99,99,,4,9,,1,,1,Kredi Devri / Transferi; Kredi Borcunu erken kapama,99.0,,2,,2,6,8,9,,,,,,,,,,,,1,2.0,2,Passive,66.7,0,0
CSI-CRD-00231,Kredi Kullanan Müşteri,Stenos Auto_2025_CSI_Soru_Formu_v2-Final,2025-07-01,Stenos Diyarbakır Kayapınar,Diyarbakır,Güney Doğu Anadolu Bölgesi,Seydo Şener,Hafif Ticari,Retail,35,Erkek,85.001 - 150.000 TL,1571000,48,64.2,1,1,,1,HSBC Bank; ING,Ödeme Planında Esneklik; Daha az döküman/daha az prosedür; Sorunların zamanında çözülmesi,1,Evrak ve geri dönüş süreçlerinde sorun yaşadım,1.0,1,Danışmanın bilgilendirmesi yetersizdi,1.0,1,1,1,2,Taksit seçenekleri ihtiyacıma uymadı,1,2,Onay süreci beklediğimden uzun sürdü,1,,2,,,,2,,1,2,5,1,2.0,,1.0,1.0,Değer kaybı teminatı,Sigorta şirketi memnuniyetsizliği; Servis hizmet memnuniyetsizliği,,,,,,2,,2,Detractor,0.0,0,0
CSI-CRD-00232,Kredi Kullanan Müşteri,Stenos Auto_2025_CSI_Soru_Formu_v2-Final,2025-08-13,Stenos Gaziantep Şahinbey,Gaziantep,Güney Doğu Anadolu Bölgesi,Binışık Bilgütay Sezgin,Otomobil-Binek,Retail,48,Erkek,150.000 TL üzeri,2182000,24,6.0,1,1,,1,Halk Bankası; QNB Fibabank; Garanti Bankası,Ödeme Planında Esneklik; Kampanyaları olması; Daha önce kredi kullanmıştım,10,"Süreç hızlı ilerledi, bilgilendirme yeterliydi",,10,Danışman ilgili ve bilgiliydi,,10,10,10,8,,99,99,,1,,2,,,,2,,3,9,10,9,1.0,Kredi avantajı,,,,,9.0,8.0,8.0,Fiyat/teminat dengesi beklentimin altındaydı,Stenos Auto Finans veya Stenos Auto internet sayfalarından; İnternet reklamlarından,2,,1,Promoter,100.0,1,1
CSI-CRD-00233,Kredi Kullanan Müşteri,Stenos Auto_2025_CSI_Soru_Formu_v2-Final,2026-01-31,Stenos Gaziantep Şahinbey,Gaziantep,Güney Doğu Anadolu Bölgesi,Binay Huban Demir,Otomobil-Binek,Retail,40,Kadın,150.000 TL üzeri,2428000,48,2.9,1,1,,1,Başka kuruluş araştırmadım,Daha uzun vade; Düşük peşinat / peşinatsız kredi imkânı; Sigorta hizmetlerinin de olması,9,"Süreç hızlı ilerledi, bilgilendirme yeterliydi",,8,Danışman ilgili ve bilgiliydi,,9,7,99,8,,9,8,,1,,1,Sigorta,9.0,,2,,2,9,10,10,2.0,,2.0,,,Sigorta şirketi memnuniyetsizliği; Servis hizmet memnuniyetsizliği,,,,,,2,,1,Promoter,88.9,1,1
CSI-CRD-00234,Kredi Kullanan Müşteri,Stenos Auto_2025_CSI_Soru_Formu_v2-Final,2026-04-28,Stenos Trabzon Ortahisar,Trabzon,Karadeniz Bölgesi,Yrd. Doç. Şahdiye Hafıza Öcalan,Otomobil-Binek,Retail,45,Erkek,150.000 TL üzeri,2317000,36,2.8,1,2,Nakit bütçemi bozmak istemedim,2,OdeaBank; Alternatifbank; Burgan Bank,Daha az döküman/daha az prosedür; Ödeme Planında Esneklik; Daha önce kredi kullanmıştım,10,"Süreç hızlı ilerledi, bilgilendirme yeterliydi",,8,Danışman ilgili ve bilgiliydi,,9,10,7,9,,9,10,,1,,2,,,,1,Stenos Auto Mobil App,2,9,10,6,1.0,Fiyat avantajı; Teminat içeriği,,,,,10.0,7.0,10.0,,Stenos Auto Finans veya Stenos Auto iletişim hattından; Daha önce kredi kullanan tanıdıklarımdan / tavsiye,2,,1,Promoter,100.0,1,1
CSI-CRD-00235,Kredi Kullanan Müşteri,Stenos Auto_2025_CSI_Soru_Formu_v2-Final,2025-08-20,Stenos Bursa Nilüfer,Bursa,Marmara Bölgesi,Serfinaz Çamurcuoğlu Dumanlı,Otomobil-Binek,Filo,51,Erkek,85.001 - 150.000 TL,1090000,24,2.3,1,1,,1,Yapı ve Kredi Bankası; Ziraat Bankası; Akbank,Kampanyaları olması; Kredi alımlarında hızlılık; Düşük peşinat / peşinatsız kredi imkânı,10,"Süreç hızlı ilerledi, bilgilendirme yeterliydi",,10,Danışman ilgili ve bilgiliydi,,7,10,10,10,,10,10,,1,,1,Banka Hesap No'ları hakkında bilgi; Sigorta,7.0,,2,,1,9,9,10,,,,,,,,,,,,2,,2,Promoter,100.0,1,1
CSI-CRD-00236,Kredi Kullanan Müşteri,Stenos Auto_2025_CSI_Soru_Formu_v2-Final,2025-04-19,Stenos Trabzon Ortahisar,Trabzon,Karadeniz Bölgesi,İncifir Sanavber Hançer,Otomobil-Binek,Retail,44,Erkek,150.000 TL üzeri,1794000,36,22.3,1,1,,1,Akbank,Kredi alımlarında hızlılık; Daha uzun vade; Müşteri ilişkileri,6,Evrak ve geri dönüş süreçlerinde sorun yaşadım,1.0,5,Danışmanın bilgilendirmesi yetersizdi,1.0,5,8,99,5,Taksit seçenekleri ihtiyacıma uymadı,6,6,Onay süreci beklediğimden uzun sürdü,1,,2,,,,1,Stenos Auto Mobil App,2,8,8,5,1.0,Kredi avantajı,,,,,8.0,5.0,9.0,,Acente görselliği sayesinde; İnternet reklamlarından,2,,1,Passive,55.6,0,0
CSI-CRD-00237,Kredi Kullanan Müşteri,Stenos Auto_2025_CSI_Soru_Formu_v2-Final,2025-04-12,Stenos İstanbul Maslak,İstanbul,Marmara Bölgesi,Tandoğdu Zeynelabidin Sakarya,Otomobil-Binek,Retail,60,Kadın,50.001 - 85.000 TL,486000,24,4.5,1,1,,2,HSBC Bank,Ulaşım kolaylığı; Markaya duyulan güven; Daha uzun vade,8,Genel olarak iyiydi ancak bazı aşamalar uzun sürdü,,7,Danışmanın bilgilendirmesi yetersizdi,,99,9,8,8,,8,9,,1,,2,,,,2,,1,5,8,10,2.0,,2.0,,,Sigorta şirketi memnuniyetsizliği,,,,,,2,,1,Passive,77.8,0,0
CSI-CRD-00238,Kredi Kullanan Müşteri,Stenos Auto_2025_CSI_Soru_Formu_v2-Final,2026-03-06,Stenos Bursa Nilüfer,Bursa,Marmara Bölgesi,Teber Bilir,Hafif Ticari,Retail,50,Kadın,25.000 TL altı,370000,36,4.1,1,1,,1,Anadolubank; Kuveyt Türk,Hizmet kalitesi; Düşük peşinat / peşinatsız kredi imkânı; Müşteri ilişkileri,9,"Süreç hızlı ilerledi, bilgilendirme yeterliydi",,10,Danışman ilgili ve bilgiliydi,,8,8,10,10,,10,9,,1,,2,,,,1,Web sitesi,2,9,8,10,1.0,Fiyat avantajı; Kredi avantajı,,,,,8.0,10.0,7.0,Fiyat/teminat dengesi beklentimin altındaydı,Daha önce kredi kullanan tanıdıklarımdan / tavsiye,2,,1,Passive,88.9,1,1
CSI-CRD-00239,Kredi Kullanan Müşteri,Stenos Auto_2025_CSI_Soru_Formu_v2-Final,2026-04-01,Stenos İstanbul Kadıköy,İstanbul,Marmara Bölgesi,Bidayet Aksu,Hafif Ticari,Retail,59,Kadın,150.000 TL üzeri,2411000,24,6.3,1,1,,1,OdeaBank; Akbank; ING,Sigorta hizmetlerinin de olması; Araçla birlikte tüm finansal hizmetleri tek noktada sunabilmeleri; Kampanyaları olması,8,Genel olarak iyiydi ancak bazı aşamalar uzun sürdü,,9,Danışman ilgili ve bilgiliydi,,6,8,4,7,,5,10,,1,,2,,,,2,,2,8,9,7,2.0,,2.0,,,Servis hizmet memnuniyetsizliği; Sigorta şirketi memnuniyetsizliği,,,,,,2,,1,Promoter,77.8,0,0
CSI-CRD-00240,Kredi Kullanan Müşteri,Stenos Auto_2025_CSI_Soru_Formu_v2-Final,2025-02-10,Stenos Erzurum Yakutiye,Erzurum,Doğu Anadolu Bölgesi,Uz. Savni Arıel Aksu,Otomobil-Binek,Retail,36,Erkek,25.001 - 50.000 TL,823000,36,2.4,1,1,,1,QNB Fibabank,Personelin genel tutum davranışları; Müşteri ilişkileri; Kampanyaları olması,10,"Süreç hızlı ilerledi, bilgilendirme yeterliydi",,10,Danışman ilgili ve bilgiliydi,,10,10,10,8,,8,10,,1,,2,,,,2,,3,9,9,8,1.0,Kredi avantajı; Fiyat avantajı,,,,,10.0,9.0,9.0,,Daha önce kredi kullanan tanıdıklarımdan / tavsiye,2,,1,Promoter,100.0,1,1
CSI-CRD-00241,Kredi Kullanan Müşteri,Stenos Auto_2025_CSI_Soru_Formu_v2-Final,2025-02-09,Stenos Malatya Battalgazi,Malatya,Doğu Anadolu Bölgesi,Kösemen Dumanlı,Otomobil-Binek,Retail,48,Kadın,25.001 - 50.000 TL,959000,48,7.8,1,1,,1,Finans Bank; Türkiye Finans,Ödeme Planında Esneklik; Sigorta hizmetlerinin de olması; Hizmet kalitesi,9,"Süreç hızlı ilerledi, bilgilendirme yeterliydi",,9,Danışman ilgili ve bilgiliydi,,6,9,7,10,,10,10,,1,,3,,,,2,,3,9,10,6,2.0,,2.0,,,Sigorta şirketi memnuniyetsizliği,,,,,,2,,1,Promoter,88.9,1,1
CSI-CRD-00242,Kredi Kullanan Müşteri,Stenos Auto_2025_CSI_Soru_Formu_v2-Final,2025-12-06,Stenos Ankara Çankaya,Ankara,İç Anadolu Bölgesi,Çev. Atiyye Bilgin Arslan,Hafif Ticari,Retail,59,Erkek,85.001 - 150.000 TL,2006000,36,5.4,1,1,,1,HSBC Bank; AlBaraka; Halk Bankası,Daha önce kredi kullanmıştım; Sigorta hizmetlerinin de olması; Kredi alımlarında hızlılık,9,"Süreç hızlı ilerledi, bilgilendirme yeterliydi",,9,Danışman ilgili ve bilgiliydi,,10,10,9,7,,7,9,,1,,1,Kaza; Hesap / Borç durumu öğrenme,10.0,,2,,3,9,9,9,2.0,,2.0,,,Sigorta şirketi memnuniyetsizliği; Kendi sigortacısı/tanıdık acente olması,,,,,,2,,1,Promoter,88.9,1,1
CSI-CRD-00243,Kredi Kullanan Müşteri,Stenos Auto_2025_CSI_Soru_Formu_v2-Final,2025-03-09,Stenos İzmir Bornova,İzmir,Ege Bölgesi,Servinaz Belkize Tarhan,Otomobil-Binek,Filo,33,Kadın,50.001 - 85.000 TL,2147000,36,3.5,1,1,,2,Burgan Bank; Denizbank,Sorunların zamanında çözülmesi; Araçla birlikte tüm finansal hizmetleri tek noktada sunabilmeleri; Daha önce kredi kullanmıştım,10,"Süreç hızlı ilerledi, bilgilendirme yeterliydi",,10,Danışman ilgili ve bilgiliydi,,10,9,10,10,,8,10,,1,,2,,,,2,,1,10,10,10,,,,,,,,,,,,2,,1,Promoter,100.0,1,1
CSI-CRD-00244,Kredi Kullanan Müşteri,Stenos Auto_2025_CSI_Soru_Formu_v2-Final,2026-04-01,Stenos İstanbul Maslak,İstanbul,Marmara Bölgesi,Çev. Özerdinç Özinal Şener,Otomobil-Binek,Retail,36,Kadın,25.001 - 50.000 TL,354000,48,13.7,1,1,,1,Denizbank; QNB Fibabank; AlBaraka,Sigorta hizmetlerinin de olması; Düşük peşinat / peşinatsız kredi imkânı; Ulaşım kolaylığı,4,Evrak ve geri dönüş süreçlerinde sorun yaşadım,1.0,99,,,6,5,2,4,Taksit seçenekleri ihtiyacıma uymadı,1,6,Onay süreci beklediğimden uzun sürdü,1,,2,,,,2,,1,3,4,3,1.0,Kredi avantajı; Fiyat avantajı,,,,,6.0,2.0,2.0,Fiyat/teminat dengesi beklentimin altındaydı,"Gazete, dergi ilanlarından; Yetkili servisten",1,1.0,1,Detractor,33.3,0,0
CSI-CRD-00245,Kredi Kullanan Müşteri,Stenos Auto_2025_CSI_Soru_Formu_v2-Final,2025-06-19,Stenos Denizli Merkezefendi,Denizli,Ege Bölgesi,Mazlum Demir,Otomobil-Binek,Retail,43,Erkek,25.000 TL altı,332000,36,32.9,1,2,Acentede sunulan faiz oranı beklediğimden uygundu,2,Başka kuruluş araştırmadım,Kampanyaları olması; Ödeme Planında Esneklik; Markanın finans kurumu olması,5,Evrak ve geri dönüş süreçlerinde sorun yaşadım,2.0,4,Danışmanın bilgilendirmesi yetersizdi,1.0,1,5,6,6,Taksit seçenekleri ihtiyacıma uymadı,4,5,Onay süreci beklediğimden uzun sürdü,1,,1,Fatura ile ilgili olarak,4.0,Rehin kaldırma işleminin uzun zaman alması; Talebim onaylanmadı,2,,2,4,0,6,1.0,Fiyat avantajı,,,,,5.0,5.0,0.0,Fiyat/teminat dengesi beklentimin altındaydı,Acente satış danışmanı,1,2.0,1,Detractor,44.4,0,0
CSI-CRD-00246,Kredi Kullanan Müşteri,Stenos Auto_2025_CSI_Soru_Formu_v2-Final,2025-03-29,Stenos Antalya Muratpaşa,Antalya,Akdeniz Bölgesi,Dr. Bilgütay Erten Alemdar,Otomobil-Binek,Retail,45,Erkek,150.000 TL üzeri,1991000,60,1.1,1,2,Nakit bütçemi bozmak istemedim,1,Başka kuruluş araştırmadım,Düşük peşinat / peşinatsız kredi imkânı; Araçla birlikte tüm finansal hizmetleri tek noktada sunabilmeleri; Ulaşım kolaylığı,10,"Süreç hızlı ilerledi, bilgilendirme yeterliydi",,9,Danışman ilgili ve bilgiliydi,,10,9,10,10,,9,10,,1,,3,,,,2,,2,10,9,6,1.0,Teminat içeriği,,,,,10.0,10.0,8.0,Fiyat/teminat dengesi beklentimin altındaydı,"Stenos Auto Finans veya Stenos Auto iletişim hattından; Gazete, dergi ilanlarından",2,,1,Promoter,100.0,1,1
CSI-CRD-00247,Kredi Kullanan Müşteri,Stenos Auto_2025_CSI_Soru_Formu_v2-Final,2026-05-22,Stenos Diyarbakır Kayapınar,Diyarbakır,Güney Doğu Anadolu Bölgesi,Arpağ Yorulmaz,Otomobil-Binek,Retail,45,Kadın,85.001 - 150.000 TL,1899000,48,3.1,1,1,,1,Vakıflar Bankası; Akbank; OdeaBank,Daha uzun vade; Sorunların zamanında çözülmesi; Hizmet kalitesi,10,"Süreç hızlı ilerledi, bilgilendirme yeterliydi",,8,Danışman ilgili ve bilgiliydi,,10,10,10,10,,8,10,,1,,2,,,,2,,3,10,10,10,1.0,Teminat içeriği,,,,,10.0,8.0,9.0,,İnternet reklamlarından,2,,1,Promoter,100.0,1,1
CSI-CRD-00248,Kredi Kullanan Müşteri,Stenos Auto_2025_CSI_Soru_Formu_v2-Final,2025-03-14,Stenos Antalya Muratpaşa,Antalya,Akdeniz Bölgesi,Prof. Gökten Tevetoğlu,Hafif Ticari,Filo,45,Kadın,150.000 TL üzeri,967000,36,9.2,1,2,Peşinat ve vade esnekliği ikna etti,1,Başka kuruluş araştırmadım,Faiz oranı; Daha az döküman/daha az prosedür; Hizmet kalitesi,9,"Süreç hızlı ilerledi, bilgilendirme yeterliydi",,9,Danışman ilgili ve bilgiliydi,,9,99,9,9,,8,8,,1,,1,Banka Hesap No'ları hakkında bilgi,9.0,,2,,1,10,9,7,,,,,,,,,,,,1,1.0,1,Promoter,88.9,1,1
CSI-CRD-00249,Kredi Kullanan Müşteri,Stenos Auto_2025_CSI_Soru_Formu_v2-Final,2025-05-14,Stenos Antalya Muratpaşa,Antalya,Akdeniz Bölgesi,Sehel Edaviye Ertaş,Otomobil-Binek,Filo,56,Erkek,50.001 - 85.000 TL,496000,24,5.7,1,2,Peşinat ve vade esnekliği ikna etti,1,Halk Bankası,Sigorta hizmetlerinin de olması; Kampanyaları olması; Müşteri ilişkileri,9,"Süreç hızlı ilerledi, bilgilendirme yeterliydi",,8,Danışman ilgili ve bilgiliydi,,10,10,10,8,,10,10,,1,,1,Rehin Kaldırma; Banka Hesap No'ları hakkında bilgi,8.0,,1,"Gazete, dergi vb.; Stenos Auto Mobil App",1,8,10,10,,,,,,,,,,,,2,,1,Promoter,88.9,1,0
CSI-CRD-00250,Kredi Kullanan Müşteri,Stenos Auto_2025_CSI_Soru_Formu_v2-Final,2025-03-10,Stenos Erzurum Yakutiye,Erzurum,Doğu Anadolu Bölgesi,Rahiye Kumral Zorlu,Otomobil-Binek,Retail,51,Erkek,25.000 TL altı,756000,36,24.8,1,1,,1,QNB Fibabank,Kampanyaları olması; Faiz oranı; Daha önce kredi kullanmıştım,7,Genel olarak iyiydi ancak bazı aşamalar uzun sürdü,,5,Danışmanın bilgilendirmesi yetersizdi,2.0,5,7,7,7,,8,5,Onay süreci beklediğimden uzun sürdü,1,,2,,,,1,Acente; Stenos Auto Mobil App,2,7,8,7,2.0,,1.0,1.0,Yeni değer klozu,Sigorta şirketi memnuniyetsizliği; Kendi sigortacısı/tanıdık acente olması,,,,,,2,,1,Passive,66.7,0,0
CSI-CRD-00251,Kredi Kullanan Müşteri,Stenos Auto_2025_CSI_Soru_Formu_v2-Final,2025-03-05,Stenos Diyarbakır Kayapınar,Diyarbakır,Güney Doğu Anadolu Bölgesi,Öğr. Bezek Tevetoğlu Türk,Otomobil-Binek,Filo,61,Erkek,150.000 TL üzeri,2172000,24,1.9,1,1,,1,Anadolubank; Yapı ve Kredi Bankası,Kampanyaları olması; Personelin genel tutum davranışları; Ulaşım kolaylığı,10,"Süreç hızlı ilerledi, bilgilendirme yeterliydi",,10,Danışman ilgili ve bilgiliydi,,9,10,10,10,,9,10,,1,,3,,,,1,Sosyal medya,1,9,10,9,,,,,,,,,,,,2,,1,Promoter,100.0,1,1
CSI-CRD-00252,Kredi Kullanan Müşteri,Stenos Auto_2025_CSI_Soru_Formu_v2-Final,2025-01-19,Stenos Samsun İlkadım,Samsun,Karadeniz Bölgesi,Doç. Musaffa Şehreban Eraslan,Otomobil-Binek,Retail,29,Kadın,150.000 TL üzeri,2216000,60,9.9,1,1,,1,Türkiye Finans; Finans Bank; HSBC Bank,Markanın finans kurumu olması; Daha uzun vade; Düşük peşinat / peşinatsız kredi imkânı,8,Genel olarak iyiydi ancak bazı aşamalar uzun sürdü,,7,Danışmanın bilgilendirmesi yetersizdi,,8,7,9,8,,5,7,,1,,2,,,,1,Sosyal medya,3,5,8,9,2.0,,1.0,1.0,Değer kaybı teminatı,Sigorta şirketi memnuniyetsizliği; Kendi sigortacısı/tanıdık acente olması,,,,,,1,1.0,2,Passive,77.8,0,0
CSI-CRD-00253,Kredi Kullanan Müşteri,Stenos Auto_2025_CSI_Soru_Formu_v2-Final,2025-02-16,Stenos Denizli Merkezefendi,Denizli,Ege Bölgesi,Aydinç Bilgin,Hafif Ticari,Retail,57,Erkek,50.001 - 85.000 TL,893000,12,7.0,1,1,,1,Başka kuruluş araştırmadım,Sigorta hizmetlerinin de olması; Markaya duyulan güven; Kredi alımlarında hızlılık,9,"Süreç hızlı ilerledi, bilgilendirme yeterliydi",,9,Danışman ilgili ve bilgiliydi,,9,8,10,10,,8,9,,1,,2,,,,2,,2,10,10,9,1.0,Teminat içeriği,,,,,9.0,10.0,7.0,Fiyat/teminat dengesi beklentimin altındaydı,Acente görselliği sayesinde,2,,1,Promoter,88.9,1,1
CSI-CRD-00254,Kredi Kullanan Müşteri,Stenos Auto_2025_CSI_Soru_Formu_v2-Final,2025-03-01,Stenos Gaziantep Şahinbey,Gaziantep,Güney Doğu Anadolu Bölgesi,Çoğay Tarhan,Hafif Ticari,Filo,40,Erkek,85.001 - 150.000 TL,1936000,24,6.9,1,2,Peşinat ve vade esnekliği ikna etti,1,Başka kuruluş araştırmadım,Faiz oranı; Ulaşım kolaylığı; Personelin genel tutum davranışları,10,"Süreç hızlı ilerledi, bilgilendirme yeterliydi",,10,Danışman ilgili ve bilgiliydi,,10,10,8,10,,10,10,,1,,1,Kredi Borcunu erken kapama,10.0,,2,,3,8,10,10,,,,,,,,,,,,2,,1,Promoter,100.0,1,0
CSI-CRD-00255,Kredi Kullanan Müşteri,Stenos Auto_2025_CSI_Soru_Formu_v2-Final,2025-01-13,Stenos Malatya Battalgazi,Malatya,Doğu Anadolu Bölgesi,Ünsever Türk,Otomobil-Binek,Retail,52,Erkek,50.001 - 85.000 TL,1122000,36,11.0,1,2,Peşinat ve vade esnekliği ikna etti,1,Başka kuruluş araştırmadım,Faiz oranı; Daha az döküman/daha az prosedür; Daha uzun vade,7,Genel olarak iyiydi ancak bazı aşamalar uzun sürdü,,5,Danışmanın bilgilendirmesi yetersizdi,2.0,7,7,7,7,,6,7,,1,,2,,,,2,,3,6,8,8,2.0,,2.0,,,Kendi sigortacısı/tanıdık acente olması,,,,,,2,,2,Passive,66.7,0,0
CSI-CRD-00256,Kredi Kullanan Müşteri,Stenos Auto_2025_CSI_Soru_Formu_v2-Final,2025-12-09,Stenos İstanbul Kadıköy,İstanbul,Marmara Bölgesi,Öğr. Rafih Şensoy,Hafif Ticari,Retail,30,Kadın,25.001 - 50.000 TL,399000,24,9.2,1,1,,1,Burgan Bank,Sigorta hizmetlerinin de olması; Daha uzun vade; Ulaşım kolaylığı,6,Evrak ve geri dönüş süreçlerinde sorun yaşadım,1.0,3,Danışmanın bilgilendirmesi yetersizdi,1.0,5,5,4,4,Taksit seçenekleri ihtiyacıma uymadı,6,8,,2,Taksit tarihleri net anlatılmadı,2,,,,1,"Gazete, dergi vb.",2,5,8,5,1.0,Teminat içeriği; Kredi avantajı,,,,,6.0,5.0,7.0,Fiyat/teminat dengesi beklentimin altındaydı,Yetkili servisten; Daha önce kredi kullanan tanıdıklarımdan / tavsiye,2,,1,Passive,55.6,0,0
CSI-CRD-00257,Kredi Kullanan Müşteri,Stenos Auto_2025_CSI_Soru_Formu_v2-Final,2026-02-05,Stenos Samsun İlkadım,Samsun,Karadeniz Bölgesi,Çev. Gülbani İlper Şafak Şener,Otomobil-Binek,Retail,53,Erkek,50.001 - 85.000 TL,1532000,48,29.8,1,1,,1,AlBaraka; Şekerbank; QNB Fibabank,Markaya duyulan güven; Hizmet kalitesi; Araçla birlikte tüm finansal hizmetleri tek noktada sunabilmeleri,6,Evrak ve geri dönüş süreçlerinde sorun yaşadım,2.0,6,Danışmanın bilgilendirmesi yetersizdi,2.0,6,6,5,4,Taksit seçenekleri ihtiyacıma uymadı,6,5,Onay süreci beklediğimden uzun sürdü,2,Erken kapama koşulları açıklanmadı,2,,,,2,,2,6,7,3,1.0,Fiyat avantajı,,,,,5.0,3.0,6.0,Fiyat/teminat dengesi beklentimin altındaydı,Acente satış danışmanı; Daha önce kredi kullanan tanıdıklarımdan / tavsiye,1,1.0,1,Passive,55.6,0,0
CSI-CRD-00258,Kredi Kullanan Müşteri,Stenos Auto_2025_CSI_Soru_Formu_v2-Final,2025-07-22,Stenos Malatya Battalgazi,Malatya,Doğu Anadolu Bölgesi,Dr. Sirap Ergül Seven,Otomobil-Binek,Retail,63,Erkek,150.000 TL üzeri,1836000,24,8.6,1,1,,2,OdeaBank,Kredi alımlarında hızlılık; Araçla birlikte tüm finansal hizmetleri tek noktada sunabilmeleri; Daha az döküman/daha az prosedür,10,"Süreç hızlı ilerledi, bilgilendirme yeterliydi",,10,Danışman ilgili ve bilgiliydi,,10,9,10,9,,10,9,,1,,2,,,,2,,1,9,9,10,2.0,,3.0,,,Servis hizmet memnuniyetsizliği; Sigorta şirketi memnuniyetsizliği,,,,,,2,,1,Promoter,100.0,1,1
CSI-CRD-00259,Kredi Kullanan Müşteri,Stenos Auto_2025_CSI_Soru_Formu_v2-Final,2025-06-16,Stenos Ankara Çankaya,Ankara,İç Anadolu Bölgesi,Mujde Ülker,Otomobil-Binek,Retail,47,Erkek,50.001 - 85.000 TL,853000,24,1.0,1,1,,2,Halk Bankası; TEB (Türk Ekonomi Bankası),Ulaşım kolaylığı; Araçla birlikte tüm finansal hizmetleri tek noktada sunabilmeleri; Sorunların zamanında çözülmesi,8,Genel olarak iyiydi ancak bazı aşamalar uzun sürdü,,9,Danışman ilgili ve bilgiliydi,,10,8,6,99,,5,9,,1,,2,,,,2,,2,10,9,7,2.0,,2.0,,,Sigorta şirketi memnuniyetsizliği; Kendi sigortacısı/tanıdık acente olması,,,,,,2,,1,Promoter,77.8,0,1
CSI-CRD-00260,Kredi Kullanan Müşteri,Stenos Auto_2025_CSI_Soru_Formu_v2-Final,2025-10-20,Stenos İstanbul Kadıköy,İstanbul,Marmara Bölgesi,Boztaş Gürelcem Seven Sezer,Hafif Ticari,Filo,47,Erkek,85.001 - 150.000 TL,842000,24,8.3,1,2,Nakit bütçemi bozmak istemedim,1,HSBC Bank,Kredi alımlarında hızlılık; Ulaşım kolaylığı; Müşteri ilişkileri,10,"Süreç hızlı ilerledi, bilgilendirme yeterliydi",,10,Danışman ilgili ve bilgiliydi,,10,10,99,8,,9,9,,1,,2,,,,2,,2,9,9,10,,,,,,,,,,,,2,,1,Promoter,100.0,1,1
CSI-CRD-00261,Kredi Kullanan Müşteri,Stenos Auto_2025_CSI_Soru_Formu_v2-Final,2026-04-22,Stenos Bursa Nilüfer,Bursa,Marmara Bölgesi,Çev. Rabbiye Alemdar İnönü,Hafif Ticari,Retail,51,Kadın,150.000 TL üzeri,1538000,24,7.2,1,1,,1,Akbank; Finans Bank,Hizmet kalitesi; Sigorta hizmetlerinin de olması; Daha az döküman/daha az prosedür,7,Genel olarak iyiydi ancak bazı aşamalar uzun sürdü,,6,Danışmanın bilgilendirmesi yetersizdi,1.0,9,9,8,9,,4,7,,1,,1,Sigorta; Kaza,5.0,Talep ile ilgili doğru bilgi alamaması,2,,1,8,8,8,2.0,,1.0,1.0,Değer kaybı teminatı,Sigorta şirketi memnuniyetsizliği; Kendi sigortacısı/tanıdık acente olması,,,,,,2,,1,Passive,66.7,0,0
CSI-CRD-00262,Kredi Kullanan Müşteri,Stenos Auto_2025_CSI_Soru_Formu_v2-Final,2026-04-30,Stenos Malatya Battalgazi,Malatya,Doğu Anadolu Bölgesi,Muvaffak Avşin Hayrioğlu,Hafif Ticari,Retail,31,Erkek,50.001 - 85.000 TL,1882000,36,3.3,1,2,Nakit bütçemi bozmak istemedim,1,ING; AlBaraka,Kampanyaları olması; Daha uzun vade; Ulaşım kolaylığı,9,"Süreç hızlı ilerledi, bilgilendirme yeterliydi",,10,Danışman ilgili ve bilgiliydi,,9,8,8,10,,10,9,,1,,2,,,,2,,1,9,10,10,2.0,,2.0,,,Servis hizmet memnuniyetsizliği,,,,,,2,,1,Promoter,88.9,1,1
CSI-CRD-00263,Kredi Kullanan Müşteri,Stenos Auto_2025_CSI_Soru_Formu_v2-Final,2025-01-25,Stenos Ankara Çankaya,Ankara,İç Anadolu Bölgesi,Muvahhide Demir,Otomobil-Binek,Filo,24,Erkek,150.000 TL üzeri,1259000,36,7.7,1,1,,1,AlBaraka,Sorunların zamanında çözülmesi; Daha uzun vade; Markaya duyulan güven,6,Evrak ve geri dönüş süreçlerinde sorun yaşadım,2.0,5,Danışmanın bilgilendirmesi yetersizdi,99.0,6,7,4,6,Taksit seçenekleri ihtiyacıma uymadı,99,8,,1,,3,,,,1,Acente; Web sitesi,2,6,7,9,,,,,,,,,,,,1,2.0,2,Passive,55.6,0,0
CSI-CRD-00264,Kredi Kullanan Müşteri,Stenos Auto_2025_CSI_Soru_Formu_v2-Final,2025-04-19,Stenos Ankara Çankaya,Ankara,İç Anadolu Bölgesi,Vacibe Alemdar Yılmaz,Otomobil-Binek,Retail,50,Erkek,150.000 TL üzeri,1852000,12,7.4,1,1,,1,Ziraat Bankası; Vakıflar Bankası,Düşük peşinat / peşinatsız kredi imkânı; Araçla birlikte tüm finansal hizmetleri tek noktada sunabilmeleri; Müşteri ilişkileri,9,"Süreç hızlı ilerledi, bilgilendirme yeterliydi",,9,Danışman ilgili ve bilgiliydi,,10,10,8,9,,6,99,,1,,2,,,,1,Sosyal medya; Web sitesi; Stenos Auto Mobil App,1,10,10,10,2.0,,1.0,2.0,,Kendi sigortacısı/tanıdık acente olması; Sigorta şirketi memnuniyetsizliği,,,,,,2,,1,Promoter,88.9,1,1
CSI-CRD-00265,Kredi Kullanan Müşteri,Stenos Auto_2025_CSI_Soru_Formu_v2-Final,2025-04-27,Stenos Ankara Çankaya,Ankara,İç Anadolu Bölgesi,Öğr. Ayşenur Gülenay Fırat Arsoy,Otomobil-Binek,Retail,38,Erkek,85.001 - 150.000 TL,1868000,12,5.2,1,1,,1,Denizbank,Ulaşım kolaylığı; Faiz oranı; Sigorta hizmetlerinin de olması,9,"Süreç hızlı ilerledi, bilgilendirme yeterliydi",,10,Danışman ilgili ve bilgiliydi,,9,8,8,10,,10,9,,1,,1,Fatura ile ilgili olarak; Kredimin ödeme planını revize etmek,10.0,,2,,2,9,10,10,1.0,Kredi avantajı,,,,,10.0,10.0,8.0,Fiyat/teminat dengesi beklentimin altındaydı,Stenos Auto Finans veya Stenos Auto internet sayfalarından; Stenos Auto Finans veya Stenos Auto iletişim hattından,2,,1,Promoter,88.9,1,1
CSI-CRD-00266,Kredi Kullanan Müşteri,Stenos Auto_2025_CSI_Soru_Formu_v2-Final,2025-04-15,Stenos Malatya Battalgazi,Malatya,Doğu Anadolu Bölgesi,Dr. Selime İnönü Yorulmaz,Otomobil-Binek,Retail,43,Erkek,25.001 - 50.000 TL,332000,36,25.2,1,2,Peşinat ve vade esnekliği ikna etti,2,Başka kuruluş araştırmadım,Kampanyaları olması; Daha önce kredi kullanmıştım; Sigorta hizmetlerinin de olması,4,Evrak ve geri dönüş süreçlerinde sorun yaşadım,2.0,5,Danışmanın bilgilendirmesi yetersizdi,1.0,4,3,5,5,Taksit seçenekleri ihtiyacıma uymadı,2,6,Onay süreci beklediğimden uzun sürdü,1,,2,,,,2,,1,3,5,4,2.0,,1.0,2.0,,Sigorta şirketi memnuniyetsizliği,,,,,,2,,1,Detractor,33.3,0,0
CSI-CRD-00267,Kredi Kullanan Müşteri,Stenos Auto_2025_CSI_Soru_Formu_v2-Final,2025-11-30,Stenos İstanbul Maslak,İstanbul,Marmara Bölgesi,Ertuncay Durmuş,Otomobil-Binek,Retail,36,Erkek,85.001 - 150.000 TL,1699000,36,3.0,1,2,Peşinat ve vade esnekliği ikna etti,1,Başka kuruluş araştırmadım,Daha uzun vade; Markaya duyulan güven; Markanın finans kurumu olması,9,"Süreç hızlı ilerledi, bilgilendirme yeterliydi",,8,Danışman ilgili ve bilgiliydi,,9,7,10,99,,6,10,,2,Gecikme faizi hakkında bilgi verilmedi,3,,,,2,,1,10,10,9,2.0,,3.0,,,Kendi sigortacısı/tanıdık acente olması; Servis hizmet memnuniyetsizliği,,,,,,1,1.0,1,Promoter,88.9,1,1
CSI-CRD-00268,Kredi Kullanan Müşteri,Stenos Auto_2025_CSI_Soru_Formu_v2-Final,2025-08-24,Stenos Adana Seyhan,Adana,Akdeniz Bölgesi,Ferihan Dumanlı,Otomobil-Binek,Filo,46,Erkek,50.001 - 85.000 TL,1561000,48,1.2,1,1,,1,Finans Bank; QNB Fibabank; İş Bankası,Faiz oranı; Ödeme Planında Esneklik; Kredi alımlarında hızlılık,8,Genel olarak iyiydi ancak bazı aşamalar uzun sürdü,,10,Danışman ilgili ve bilgiliydi,,5,10,8,6,Taksit seçenekleri ihtiyacıma uymadı,6,10,,2,Taksit tarihleri net anlatılmadı,1,Kaza; Fatura ile ilgili olarak,9.0,,2,,3,9,8,7,,,,,,,,,,,,2,,1,Passive,77.8,0,1
CSI-CRD-00269,Kredi Kullanan Müşteri,Stenos Auto_2025_CSI_Soru_Formu_v2-Final,2025-01-21,Stenos Denizli Merkezefendi,Denizli,Ege Bölgesi,Dr. Asiman Şener Tevetoğlu,Otomobil-Binek,Retail,39,Kadın,150.000 TL üzeri,2056000,48,9.3,1,1,,1,Ziraat Bankası; Halk Bankası; Alternatifbank,Daha önce kredi kullanmıştım; Daha az döküman/daha az prosedür; Sigorta hizmetlerinin de olması,9,"Süreç hızlı ilerledi, bilgilendirme yeterliydi",,99,,,9,8,10,10,,9,10,,1,,1,Kredi Devri / Transferi,7.0,,2,,2,6,8,7,1.0,Fiyat avantajı,,,,,9.0,10.0,6.0,Fiyat/teminat dengesi beklentimin altındaydı,"İnternet reklamlarından; Gazete, dergi ilanlarından",2,,1,Passive,88.9,1,0
CSI-CRD-00270,Kredi Kullanan Müşteri,Stenos Auto_2025_CSI_Soru_Formu_v2-Final,2025-07-29,Stenos Diyarbakır Kayapınar,Diyarbakır,Güney Doğu Anadolu Bölgesi,Doç. Bozbağ Görgünay Durmuş,Otomobil-Binek,Filo,42,Kadın,150.000 TL üzeri,1383000,48,6.0,1,2,Acentede sunulan faiz oranı beklediğimden uygundu,1,TEB (Türk Ekonomi Bankası),Kampanyaları olması; Markanın finans kurumu olması; Kredi alımlarında hızlılık,10,"Süreç hızlı ilerledi, bilgilendirme yeterliydi",,10,Danışman ilgili ve bilgiliydi,,9,10,10,10,,8,9,,1,,1,Senet İadesi; Kredi geri ödeme planımı temin etmek,10.0,,2,,1,10,10,10,,,,,,,,,,,,2,,1,Promoter,100.0,1,1
CSI-CRD-00271,Kredi Kullanan Müşteri,Stenos Auto_2025_CSI_Soru_Formu_v2-Final,2025-10-16,Stenos Samsun İlkadım,Samsun,Karadeniz Bölgesi,Savni Seven,Otomobil-Binek,Retail,40,Erkek,25.001 - 50.000 TL,937000,12,1.0,1,1,,1,OdeaBank,Düşük peşinat / peşinatsız kredi imkânı; Araçla birlikte tüm finansal hizmetleri tek noktada sunabilmeleri; Kredi alımlarında hızlılık,10,"Süreç hızlı ilerledi, bilgilendirme yeterliydi",,9,Danışman ilgili ve bilgiliydi,,10,10,8,10,,10,10,,1,,1,Kredi geri ödeme planımı temin etmek; Hesap / Borç durumu öğrenme,9.0,,1,Acente,2,10,9,9,1.0,Kredi avantajı,,,,,10.0,10.0,10.0,,İnternet reklamlarından,2,,1,Promoter,100.0,1,1
CSI-CRD-00272,Kredi Kullanan Müşteri,Stenos Auto_2025_CSI_Soru_Formu_v2-Final,2025-02-21,Stenos İzmir Bornova,İzmir,Ege Bölgesi,Ebuakil Karadeniz,Otomobil-Binek,Retail,47,Erkek,150.000 TL üzeri,2427000,24,16.0,1,1,,1,OdeaBank,Düşük peşinat / peşinatsız kredi imkânı; Ödeme Planında Esneklik; Sigorta hizmetlerinin de olması,5,Evrak ve geri dönüş süreçlerinde sorun yaşadım,2.0,7,Danışmanın bilgilendirmesi yetersizdi,,4,7,5,7,,99,6,Onay süreci beklediğimden uzun sürdü,1,,1,Kredi Devri / Transferi; Kredi Borcunu erken kapama,4.0,Rehin kaldırma işleminin uzun zaman alması; Talebim için birden fazla kişiyle görüşmek durumunda kaldım.,1,Acente,1,2,0,3,2.0,,2.0,,,Servis hizmet memnuniyetsizliği; Kendi sigortacısı/tanıdık acente olması,,,,,,1,1.0,1,Detractor,44.4,0,0
CSI-CRD-00273,Kredi Kullanan Müşteri,Stenos Auto_2025_CSI_Soru_Formu_v2-Final,2026-04-09,Stenos İzmir Bornova,İzmir,Ege Bölgesi,Mürit Baturay Şensoy Karadeniz,Otomobil-Binek,Retail,44,Erkek,25.001 - 50.000 TL,1566000,12,1.0,1,2,Acentede sunulan faiz oranı beklediğimden uygundu,1,Başka kuruluş araştırmadım,Araçla birlikte tüm finansal hizmetleri tek noktada sunabilmeleri; Ulaşım kolaylığı; Daha önce kredi kullanmıştım,9,"Süreç hızlı ilerledi, bilgilendirme yeterliydi",,9,Danışman ilgili ve bilgiliydi,,9,9,6,9,,7,8,,1,,1,Kredi Borcunu erken kapama; Kaza,6.0,Ödememin hesaplara gecikmeli yansıması; Revize işlemimin uzun zaman alması,1,Stenos Auto Mobil App; Sosyal medya,2,10,10,9,1.0,Teminat içeriği; Kredi avantajı,,,,,8.0,10.0,9.0,,Yetkili servisten; İnternet reklamlarından,2,,1,Promoter,88.9,1,1
CSI-CRD-00274,Kredi Kullanan Müşteri,Stenos Auto_2025_CSI_Soru_Formu_v2-Final,2025-01-30,Stenos İstanbul Kadıköy,İstanbul,Marmara Bölgesi,Oliver İhsanoğlu,Hafif Ticari,Retail,45,Kadın,25.000 TL altı,307000,36,6.2,1,1,,2,HSBC Bank; Alternatifbank; ING,Markanın finans kurumu olması; Daha önce kredi kullanmıştım; Hizmet kalitesi,9,"Süreç hızlı ilerledi, bilgilendirme yeterliydi",,9,Danışman ilgili ve bilgiliydi,,9,8,10,10,,6,8,,1,,1,Kredi geri ödeme planımı temin etmek,9.0,,1,Stenos Auto Mobil App; Acente; Web sitesi,2,9,10,9,1.0,Fiyat avantajı,,,,,8.0,10.0,10.0,,Acente görselliği sayesinde,2,,1,Promoter,88.9,1,1
CSI-CRD-00275,Kredi Kullanan Müşteri,Stenos Auto_2025_CSI_Soru_Formu_v2-Final,2026-05-20,Stenos Gaziantep Şahinbey,Gaziantep,Güney Doğu Anadolu Bölgesi,Ufukay Kutgün Seven,Otomobil-Binek,Retail,48,Kadın,25.001 - 50.000 TL,465000,12,17.2,1,1,,1,Garanti Bankası; Yapı ve Kredi Bankası; ING,Kampanyaları olması; Müşteri ilişkileri; Düşük peşinat / peşinatsız kredi imkânı,6,Evrak ve geri dönüş süreçlerinde sorun yaşadım,2.0,7,Danışmanın bilgilendirmesi yetersizdi,,5,5,6,7,,6,5,Onay süreci beklediğimden uzun sürdü,1,,2,,,,2,,2,8,7,7,1.0,Kredi avantajı; Fiyat avantajı,,,,,6.0,9.0,5.0,Fiyat/teminat dengesi beklentimin altındaydı,Stenos Auto Finans veya Stenos Auto internet sayfalarından,2,,1,Passive,55.6,0,0
CSI-CRD-00276,Kredi Kullanan Müşteri,Stenos Auto_2025_CSI_Soru_Formu_v2-Final,2025-02-22,Stenos Denizli Merkezefendi,Denizli,Ege Bölgesi,Öğr. Heva Ertaş Durmuş,Otomobil-Binek,Retail,35,Kadın,25.000 TL altı,1067000,36,5.3,1,1,,1,Akbank; Yapı ve Kredi Bankası; HSBC Bank,Müşteri ilişkileri; Daha önce kredi kullanmıştım; Personelin genel tutum davranışları,10,"Süreç hızlı ilerledi, bilgilendirme yeterliydi",,10,Danışman ilgili ve bilgiliydi,,99,10,10,10,,10,10,,2,Erken kapama koşulları açıklanmadı,1,Kaza; Kredi geri ödeme planımı temin etmek,10.0,,1,Stenos Auto Mobil App,2,10,9,10,1.0,Fiyat avantajı,,,,,10.0,9.0,10.0,,"Gazete, dergi ilanlarından",2,,1,Promoter,100.0,1,1
CSI-CRD-00277,Kredi Kullanan Müşteri,Stenos Auto_2025_CSI_Soru_Formu_v2-Final,2026-04-14,Stenos Bursa Nilüfer,Bursa,Marmara Bölgesi,Kayrabay Akar,Otomobil-Binek,Retail,42,Kadın,50.001 - 85.000 TL,1068000,60,1.0,1,1,,2,Başka kuruluş araştırmadım,Markanın finans kurumu olması; Kredi alımlarında hızlılık; Markaya duyulan güven,8,Genel olarak iyiydi ancak bazı aşamalar uzun sürdü,,10,Danışman ilgili ve bilgiliydi,,7,8,8,9,,99,9,,1,,1,Kaza; Adres Değişikliği Bildirme,7.0,,1,Acente,1,8,8,7,2.0,,2.0,,,Servis hizmet memnuniyetsizliği; Kendi sigortacısı/tanıdık acente olması,,,,,,2,,1,Passive,77.8,0,0
CSI-CRD-00278,Kredi Kullanan Müşteri,Stenos Auto_2025_CSI_Soru_Formu_v2-Final,2026-05-27,Stenos İzmir Bornova,İzmir,Ege Bölgesi,Arifcan Aslan,Otomobil-Binek,Retail,49,Erkek,150.000 TL üzeri,2272000,36,5.4,1,2,Nakit bütçemi bozmak istemedim,1,Alternatifbank,Markanın finans kurumu olması; Daha az döküman/daha az prosedür; Ulaşım kolaylığı,10,"Süreç hızlı ilerledi, bilgilendirme yeterliydi",,10,Danışman ilgili ve bilgiliydi,,8,10,10,10,,10,10,,1,,1,Kredimin ödeme planını revize etmek; Kredi Devri / Transferi,10.0,,2,,3,10,9,10,1.0,Kredi avantajı,,,,,10.0,10.0,10.0,,Acente satış danışmanı; İnternet reklamlarından,2,,1,Promoter,100.0,1,1
CSI-CRD-00279,Kredi Kullanan Müşteri,Stenos Auto_2025_CSI_Soru_Formu_v2-Final,2026-06-03,Stenos Adana Seyhan,Adana,Akdeniz Bölgesi,Okt. Türknur Kerime Alemdar,Otomobil-Binek,Filo,34,Kadın,150.000 TL üzeri,2295000,36,1.9,1,1,,2,Ziraat Bankası; Denizbank; ING,Personelin genel tutum davranışları; Sorunların zamanında çözülmesi; Hizmet kalitesi,7,Genel olarak iyiydi ancak bazı aşamalar uzun sürdü,,6,Danışmanın bilgilendirmesi yetersizdi,2.0,7,7,6,7,,9,8,,2,Taksit tarihleri net anlatılmadı,2,,,,1,"Sosyal medya; Stenos Auto Mobil App; Gazete, dergi vb.",3,7,7,4,,,,,,,,,,,,2,,2,Passive,66.7,0,0
CSI-CRD-00280,Kredi Kullanan Müşteri,Stenos Auto_2025_CSI_Soru_Formu_v2-Final,2026-03-04,Stenos İstanbul Maslak,İstanbul,Marmara Bölgesi,Fazul Gül,Otomobil-Binek,Filo,38,Kadın,85.001 - 150.000 TL,926000,36,24.0,1,1,,1,Halk Bankası; Finans Bank,Düşük peşinat / peşinatsız kredi imkânı; Daha az döküman/daha az prosedür; Araçla birlikte tüm finansal hizmetleri tek noktada sunabilmeleri,10,"Süreç hızlı ilerledi, bilgilendirme yeterliydi",,10,Danışman ilgili ve bilgiliydi,,9,9,99,10,,9,7,,1,,3,,,,1,Web sitesi,3,10,10,9,,,,,,,,,,,,2,,1,Promoter,100.0,1,1
CSI-CRD-00281,Kredi Kullanan Müşteri,Stenos Auto_2025_CSI_Soru_Formu_v2-Final,2026-03-16,Stenos İzmir Bornova,İzmir,Ege Bölgesi,İmrihan İde Ülker,Otomobil-Binek,Retail,41,Erkek,25.000 TL altı,491000,36,4.5,1,1,,2,OdeaBank,Kredi alımlarında hızlılık; Araçla birlikte tüm finansal hizmetleri tek noktada sunabilmeleri; Sorunların zamanında çözülmesi,10,"Süreç hızlı ilerledi, bilgilendirme yeterliydi",,99,,,8,10,10,10,,10,99,,1,,1,Kredi Devri / Transferi,9.0,,1,Acente; Sosyal medya; Stenos Auto Mobil App,2,10,10,10,1.0,Fiyat avantajı,,,,,10.0,9.0,9.0,,İnternet reklamlarından; Acente görselliği sayesinde,2,,2,Promoter,100.0,1,1
CSI-CRD-00282,Kredi Kullanan Müşteri,Stenos Auto_2025_CSI_Soru_Formu_v2-Final,2026-01-23,Stenos Malatya Battalgazi,Malatya,Doğu Anadolu Bölgesi,Av. Faize Dumanlı Duran,Hafif Ticari,Retail,39,Erkek,50.001 - 85.000 TL,999000,24,10.5,1,1,,1,Garanti Bankası; Halk Bankası; Türkiye Finans,Sigorta hizmetlerinin de olması; Daha önce kredi kullanmıştım; Daha uzun vade,7,Genel olarak iyiydi ancak bazı aşamalar uzun sürdü,,7,Danışmanın bilgilendirmesi yetersizdi,,6,7,5,8,,4,9,,1,,1,Kaza,2.0,Rehin kaldırma işleminin uzun zaman alması; Talebim onaylanmadı,2,,2,9,7,6,2.0,,1.0,1.0,Değer kaybı teminatı,Servis hizmet memnuniyetsizliği; Kendi sigortacısı/tanıdık acente olması,,,,,,2,,1,Passive,66.7,0,1
CSI-CRD-00283,Kredi Kullanan Müşteri,Stenos Auto_2025_CSI_Soru_Formu_v2-Final,2026-03-26,Stenos Gaziantep Şahinbey,Gaziantep,Güney Doğu Anadolu Bölgesi,Okt. Müsemma Durmuş İnönü,Otomobil-Binek,Retail,51,Erkek,25.001 - 50.000 TL,320000,12,9.7,1,2,Kampanya koşulları cazipti,2,AlBaraka; Kuveyt Türk; TEB (Türk Ekonomi Bankası),Faiz oranı; Markaya duyulan güven; Müşteri ilişkileri,9,"Süreç hızlı ilerledi, bilgilendirme yeterliydi",,8,Danışman ilgili ve bilgiliydi,,99,9,10,10,,7,7,,1,,1,Kredimin ödeme planını revize etmek; Senet İadesi,9.0,,1,"Gazete, dergi vb.; Web sitesi",1,9,9,8,1.0,Fiyat avantajı,,,,,8.0,9.0,10.0,,Stenos Auto Finans veya Stenos Auto internet sayfalarından; Stenos Auto Finans veya Stenos Auto iletişim hattından,2,,1,Promoter,88.9,1,1
CSI-CRD-00284,Kredi Kullanan Müşteri,Stenos Auto_2025_CSI_Soru_Formu_v2-Final,2025-03-14,Stenos Trabzon Ortahisar,Trabzon,Karadeniz Bölgesi,Sevdinar İhsanoğlu Hayrioğlu,Hafif Ticari,Filo,42,Kadın,150.000 TL üzeri,2347000,36,1.0,1,1,,1,Anadolubank; Kuveyt Türk; İş Bankası,Hizmet kalitesi; Ulaşım kolaylığı; Markaya duyulan güven,10,"Süreç hızlı ilerledi, bilgilendirme yeterliydi",,10,Danışman ilgili ve bilgiliydi,,9,10,9,10,,10,10,,2,Gecikme faizi hakkında bilgi verilmedi,2,,,,1,Web sitesi; Sosyal medya,2,9,10,9,,,,,,,,,,,,2,,1,Promoter,100.0,1,1
CSI-CRD-00285,Kredi Kullanan Müşteri,Stenos Auto_2025_CSI_Soru_Formu_v2-Final,2025-11-20,Stenos Ankara Çankaya,Ankara,İç Anadolu Bölgesi,Veis Yüksel,Otomobil-Binek,Filo,57,Erkek,150.000 TL üzeri,2157000,36,1.8,1,1,,2,İş Bankası; Garanti Bankası; Vakıflar Bankası,Kampanyaları olması; Ulaşım kolaylığı; Ödeme Planında Esneklik,8,Genel olarak iyiydi ancak bazı aşamalar uzun sürdü,,8,Danışman ilgili ve bilgiliydi,,9,7,10,5,Taksit seçenekleri ihtiyacıma uymadı,8,9,,1,,2,,,,2,,2,6,7,8,,,,,,,,,,,,1,2.0,1,Passive,77.8,0,0
CSI-CRD-00286,Kredi Kullanan Müşteri,Stenos Auto_2025_CSI_Soru_Formu_v2-Final,2025-10-18,Stenos Trabzon Ortahisar,Trabzon,Karadeniz Bölgesi,Hasgül Akdeniz Öcalan,Otomobil-Binek,Filo,59,Kadın,25.001 - 50.000 TL,1069000,12,13.3,1,1,,1,Kuveyt Türk,Ödeme Planında Esneklik; Faiz oranı; Daha önce kredi kullanmıştım,9,"Süreç hızlı ilerledi, bilgilendirme yeterliydi",,10,Danışman ilgili ve bilgiliydi,,6,8,10,8,,7,9,,2,Gecikme faizi hakkında bilgi verilmedi,1,Kredi Devri / Transferi; Hesap / Borç durumu öğrenme,7.0,,2,,2,10,10,5,,,,,,,,,,,,2,,1,Promoter,88.9,1,1
CSI-CRD-00287,Kredi Kullanan Müşteri,Stenos Auto_2025_CSI_Soru_Formu_v2-Final,2026-04-29,Stenos Erzurum Yakutiye,Erzurum,Doğu Anadolu Bölgesi,Bayan Muarra Sonnur Demirel,Hafif Ticari,Retail,46,Erkek,85.001 - 150.000 TL,1496000,36,3.5,1,1,,2,Alternatifbank; Ziraat Bankası; Kuveyt Türk,Müşteri ilişkileri; Sorunların zamanında çözülmesi; Ödeme Planında Esneklik,10,"Süreç hızlı ilerledi, bilgilendirme yeterliydi",,10,Danışman ilgili ve bilgiliydi,,8,10,10,10,,8,10,,1,,1,Kredi Borcunu erken kapama; Senet İadesi,10.0,,2,,1,9,10,10,1.0,Teminat içeriği; Fiyat avantajı,,,,,10.0,8.0,10.0,,"Gazete, dergi ilanlarından",2,,1,Promoter,100.0,1,1
CSI-CRD-00288,Kredi Kullanan Müşteri,Stenos Auto_2025_CSI_Soru_Formu_v2-Final,2025-09-20,Stenos Adana Seyhan,Adana,Akdeniz Bölgesi,Nüdret Ülker Çetin,Otomobil-Binek,Retail,28,Kadın,25.001 - 50.000 TL,332000,36,4.1,1,1,,1,Finans Bank; İş Bankası,Daha az döküman/daha az prosedür; Daha önce kredi kullanmıştım; Personelin genel tutum davranışları,3,Evrak ve geri dönüş süreçlerinde sorun yaşadım,2.0,5,Danışmanın bilgilendirmesi yetersizdi,1.0,1,3,2,1,Taksit seçenekleri ihtiyacıma uymadı,3,6,Onay süreci beklediğimden uzun sürdü,1,,2,,,,1,"Gazete, dergi vb.; Sosyal medya; Acente",2,3,2,4,1.0,Kredi avantajı; Teminat içeriği,,,,,4.0,3.0,2.0,Fiyat/teminat dengesi beklentimin altındaydı,Stenos Auto Finans veya Stenos Auto internet sayfalarından,2,,1,Detractor,22.2,0,0
CSI-CRD-00289,Kredi Kullanan Müşteri,Stenos Auto_2025_CSI_Soru_Formu_v2-Final,2025-07-13,Stenos İstanbul Maslak,İstanbul,Marmara Bölgesi,Okyalaz Türk,Otomobil-Binek,Retail,45,Kadın,150.000 TL üzeri,2303000,48,4.7,1,1,,2,Denizbank; Şekerbank,Müşteri ilişkileri; Kampanyaları olması; Kredi alımlarında hızlılık,10,"Süreç hızlı ilerledi, bilgilendirme yeterliydi",,9,Danışman ilgili ve bilgiliydi,,7,10,10,10,,10,10,,2,Erken kapama koşulları açıklanmadı,2,,,,1,"Gazete, dergi vb.; Web sitesi; Sosyal medya",2,10,10,10,1.0,Kredi avantajı; Teminat içeriği,,,,,9.0,10.0,10.0,,Stenos Auto Finans veya Stenos Auto internet sayfalarından,2,,1,Promoter,100.0,1,1
CSI-CRD-00290,Kredi Kullanan Müşteri,Stenos Auto_2025_CSI_Soru_Formu_v2-Final,2026-01-31,Stenos İstanbul Kadıköy,İstanbul,Marmara Bölgesi,Onuker Zengin,Otomobil-Binek,Retail,43,Erkek,150.000 TL üzeri,1407000,36,8.0,1,1,,1,Garanti Bankası; OdeaBank; Yapı ve Kredi Bankası,Müşteri ilişkileri; Araçla birlikte tüm finansal hizmetleri tek noktada sunabilmeleri; Sorunların zamanında çözülmesi,10,"Süreç hızlı ilerledi, bilgilendirme yeterliydi",,10,Danışman ilgili ve bilgiliydi,,9,10,9,99,,8,10,,1,,1,Kredi Devri / Transferi,8.0,,1,Sosyal medya; Acente; Stenos Auto Mobil App,3,10,10,7,2.0,,1.0,2.0,,Kendi sigortacısı/tanıdık acente olması,,,,,,1,2.0,1,Promoter,100.0,1,1
CSI-CRD-00291,Kredi Kullanan Müşteri,Stenos Auto_2025_CSI_Soru_Formu_v2-Final,2025-05-04,Stenos Kayseri Melikgazi,Kayseri,İç Anadolu Bölgesi,Cemiyle Bilge,Otomobil-Binek,Filo,55,Erkek,150.000 TL üzeri,2390000,36,1.0,1,2,Peşinat ve vade esnekliği ikna etti,1,OdeaBank; Şekerbank,Daha az döküman/daha az prosedür; Sorunların zamanında çözülmesi; Müşteri ilişkileri,10,"Süreç hızlı ilerledi, bilgilendirme yeterliydi",,9,Danışman ilgili ve bilgiliydi,,9,10,9,10,,10,10,,1,,3,,,,1,"Gazete, dergi vb.; Web sitesi; Sosyal medya",3,9,10,7,,,,,,,,,,,,2,,1,Promoter,100.0,1,1
CSI-CRD-00292,Kredi Kullanan Müşteri,Stenos Auto_2025_CSI_Soru_Formu_v2-Final,2025-03-31,Stenos Kayseri Melikgazi,Kayseri,İç Anadolu Bölgesi,Dr. Yekbun Sevgen Yılmaz Gül,Otomobil-Binek,Filo,34,Kadın,150.000 TL üzeri,2271000,12,4.0,1,2,Acentede sunulan faiz oranı beklediğimden uygundu,2,Başka kuruluş araştırmadım,Ödeme Planında Esneklik; Markaya duyulan güven; Müşteri ilişkileri,10,"Süreç hızlı ilerledi, bilgilendirme yeterliydi",,10,Danışman ilgili ve bilgiliydi,,99,10,10,9,,9,10,,1,,1,Senet İadesi; Kaza,8.0,,2,,2,10,9,8,,,,,,,,,,,,2,,1,Promoter,100.0,1,1
CSI-CRD-00293,Kredi Kullanan Müşteri,Stenos Auto_2025_CSI_Soru_Formu_v2-Final,2025-09-05,Stenos Bursa Nilüfer,Bursa,Marmara Bölgesi,Kürşad Bilge,Hafif Ticari,Retail,27,Erkek,85.001 - 150.000 TL,1992000,36,38.1,1,2,Satış danışmanının yönlendirmesi,2,Şekerbank,Kampanyaları olması; Markaya duyulan güven; Hizmet kalitesi,3,Evrak ve geri dönüş süreçlerinde sorun yaşadım,2.0,2,Danışmanın bilgilendirmesi yetersizdi,2.0,2,3,3,2,Taksit seçenekleri ihtiyacıma uymadı,3,4,Onay süreci beklediğimden uzun sürdü,1,,2,,,,1,"Gazete, dergi vb.; Sosyal medya; Acente",2,2,5,4,1.0,Kredi avantajı,,,,,2.0,4.0,6.0,Fiyat/teminat dengesi beklentimin altındaydı,"Gazete, dergi ilanlarından",2,,2,Detractor,22.2,0,0
CSI-CRD-00294,Kredi Kullanan Müşteri,Stenos Auto_2025_CSI_Soru_Formu_v2-Final,2025-08-09,Stenos Trabzon Ortahisar,Trabzon,Karadeniz Bölgesi,Arıel Güçlü,Hafif Ticari,Retail,36,Kadın,50.001 - 85.000 TL,439000,36,4.4,1,2,Satış danışmanının yönlendirmesi,1,Türkiye Finans; QNB Fibabank,Sorunların zamanında çözülmesi; Markanın finans kurumu olması; Daha önce kredi kullanmıştım,9,"Süreç hızlı ilerledi, bilgilendirme yeterliydi",,7,Danışmanın bilgilendirmesi yetersizdi,,9,10,8,8,,10,8,,1,,2,,,,1,Sosyal medya; Stenos Auto Mobil App,1,10,9,9,2.0,,3.0,,,Sigorta şirketi memnuniyetsizliği,,,,,,2,,1,Promoter,88.9,1,1
CSI-CRD-00295,Kredi Kullanan Müşteri,Stenos Auto_2025_CSI_Soru_Formu_v2-Final,2025-04-25,Stenos Malatya Battalgazi,Malatya,Doğu Anadolu Bölgesi,Naide Mansız,Otomobil-Binek,Retail,45,Kadın,85.001 - 150.000 TL,1392000,60,35.6,1,2,Satış danışmanının yönlendirmesi,1,TEB (Türk Ekonomi Bankası); Alternatifbank,Sigorta hizmetlerinin de olması; Kampanyaları olması; Hizmet kalitesi,2,Evrak ve geri dönüş süreçlerinde sorun yaşadım,1.0,3,Danışmanın bilgilendirmesi yetersizdi,1.0,2,3,1,2,Taksit seçenekleri ihtiyacıma uymadı,1,3,Onay süreci beklediğimden uzun sürdü,1,,1,Fatura ile ilgili olarak,1.0,Rehin kaldırma işleminin uzun zaman alması,2,,1,3,5,1,1.0,Fiyat avantajı; Teminat içeriği,,,,,2.0,1.0,3.0,Fiyat/teminat dengesi beklentimin altındaydı,İnternet reklamlarından,1,1.0,1,Detractor,11.1,0,0
CSI-CRD-00296,Kredi Kullanan Müşteri,Stenos Auto_2025_CSI_Soru_Formu_v2-Final,2025-07-23,Stenos Ankara Çankaya,Ankara,İç Anadolu Bölgesi,Bezek Akdeniz Şama,Otomobil-Binek,Retail,39,Erkek,150.000 TL üzeri,2011000,36,5.1,1,1,,2,Ziraat Bankası; İş Bankası,Daha az döküman/daha az prosedür; Sorunların zamanında çözülmesi; Müşteri ilişkileri,9,"Süreç hızlı ilerledi, bilgilendirme yeterliydi",,10,Danışman ilgili ve bilgiliydi,,8,10,10,9,,7,10,,1,,2,,,,2,,3,8,8,9,1.0,Fiyat avantajı; Teminat içeriği,,,,,6.0,9.0,10.0,,Acente görselliği sayesinde; Daha önce kredi kullanan tanıdıklarımdan / tavsiye,2,,1,Passive,88.9,1,0
CSI-CRD-00297,Kredi Kullanan Müşteri,Stenos Auto_2025_CSI_Soru_Formu_v2-Final,2025-07-31,Stenos İstanbul Maslak,İstanbul,Marmara Bölgesi,Miyesser Şener Demirel,Otomobil-Binek,Filo,52,Kadın,150.000 TL üzeri,1293000,48,6.4,1,2,Kampanya koşulları cazipti,1,Halk Bankası; Denizbank; Vakıflar Bankası,Müşteri ilişkileri; Daha uzun vade; Personelin genel tutum davranışları,9,"Süreç hızlı ilerledi, bilgilendirme yeterliydi",,10,Danışman ilgili ve bilgiliydi,,9,10,7,10,,9,9,,1,,1,Kredi Borcunu erken kapama,99.0,,1,Stenos Auto Mobil App,3,10,10,7,,,,,,,,,,,,2,,1,Promoter,88.9,1,1
CSI-CRD-00298,Kredi Kullanan Müşteri,Stenos Auto_2025_CSI_Soru_Formu_v2-Final,2025-06-23,Stenos Malatya Battalgazi,Malatya,Doğu Anadolu Bölgesi,Av. Zevlüde Türk Mansız,Otomobil-Binek,Retail,56,Kadın,85.001 - 150.000 TL,1583000,36,2.0,1,2,Acentede sunulan faiz oranı beklediğimden uygundu,2,Şekerbank,Kampanyaları olması; Kredi alımlarında hızlılık; Sorunların zamanında çözülmesi,8,Genel olarak iyiydi ancak bazı aşamalar uzun sürdü,,9,Danışman ilgili ve bilgiliydi,,8,8,8,8,,9,8,,1,,1,Sigorta,8.0,,2,,2,10,10,6,2.0,,1.0,2.0,,Kendi sigortacısı/tanıdık acente olması; Sigorta şirketi memnuniyetsizliği,,,,,,2,,1,Promoter,77.8,0,1
CSI-CRD-00299,Kredi Kullanan Müşteri,Stenos Auto_2025_CSI_Soru_Formu_v2-Final,2025-07-20,Stenos Bursa Nilüfer,Bursa,Marmara Bölgesi,Elöve Şener,Otomobil-Binek,Retail,46,Erkek,85.001 - 150.000 TL,523000,24,6.5,1,2,Nakit bütçemi bozmak istemedim,1,Türkiye Finans; TEB (Türk Ekonomi Bankası); Garanti Bankası,Sorunların zamanında çözülmesi; Daha önce kredi kullanmıştım; Müşteri ilişkileri,9,"Süreç hızlı ilerledi, bilgilendirme yeterliydi",,99,,,8,10,9,10,,8,10,,1,,1,Hesap / Borç durumu öğrenme; Senet İadesi,10.0,,2,,3,9,9,9,1.0,Fiyat avantajı; Kredi avantajı,,,,,10.0,8.0,8.0,Fiyat/teminat dengesi beklentimin altındaydı,Stenos Auto Finans veya Stenos Auto internet sayfalarından,2,,2,Promoter,88.9,1,1
CSI-CRD-00300,Kredi Kullanan Müşteri,Stenos Auto_2025_CSI_Soru_Formu_v2-Final,2026-02-10,Stenos Kayseri Melikgazi,Kayseri,İç Anadolu Bölgesi,Halenur Burcuhan Şafak,Otomobil-Binek,Retail,43,Erkek,150.000 TL üzeri,1755000,12,2.4,1,1,,2,Anadolubank,Ödeme Planında Esneklik; Sigorta hizmetlerinin de olması; Daha az döküman/daha az prosedür,9,"Süreç hızlı ilerledi, bilgilendirme yeterliydi",,9,Danışman ilgili ve bilgiliydi,,10,10,8,8,,8,10,,1,,1,Senet İadesi; Kredi Borcunu erken kapama,9.0,,2,,2,10,9,10,2.0,,1.0,2.0,,Kendi sigortacısı/tanıdık acente olması,,,,,,2,,1,Promoter,88.9,1,1
CSI-CRD-00301,Kredi Kullanan Müşteri,Stenos Auto_2025_CSI_Soru_Formu_v2-Final,2025-05-01,Stenos Malatya Battalgazi,Malatya,Doğu Anadolu Bölgesi,Çetinsu Temizkal Demirel Bilge,Otomobil-Binek,Retail,23,Erkek,50.001 - 85.000 TL,1059000,12,3.5,1,1,,1,Vakıflar Bankası,Sigorta hizmetlerinin de olması; Ödeme Planında Esneklik; Müşteri ilişkileri,9,"Süreç hızlı ilerledi, bilgilendirme yeterliydi",,8,Danışman ilgili ve bilgiliydi,,9,7,10,8,,10,10,,1,,2,,,,2,,2,9,10,6,1.0,Kredi avantajı,,,,,10.0,10.0,7.0,Fiyat/teminat dengesi beklentimin altındaydı,"Stenos Auto Finans veya Stenos Auto iletişim hattından; Gazete, dergi ilanlarından",2,,1,Promoter,88.9,1,1
CSI-CRD-00302,Kredi Kullanan Müşteri,Stenos Auto_2025_CSI_Soru_Formu_v2-Final,2026-06-04,Stenos Ankara Çankaya,Ankara,İç Anadolu Bölgesi,Mishat Buyrukhan Sezer Hançer,Otomobil-Binek,Filo,41,Erkek,150.000 TL üzeri,2374000,48,1.0,1,2,Acentede sunulan faiz oranı beklediğimden uygundu,2,Başka kuruluş araştırmadım,Markanın finans kurumu olması; Daha önce kredi kullanmıştım; Faiz oranı,10,"Süreç hızlı ilerledi, bilgilendirme yeterliydi",,10,Danışman ilgili ve bilgiliydi,,10,10,8,7,,10,9,,2,Erken kapama koşulları açıklanmadı,1,Senet İadesi; Adres Değişikliği Bildirme,10.0,,2,,2,9,9,9,,,,,,,,,,,,2,,2,Promoter,100.0,1,1
CSI-CRD-00303,Kredi Kullanan Müşteri,Stenos Auto_2025_CSI_Soru_Formu_v2-Final,2026-05-10,Stenos Denizli Merkezefendi,Denizli,Ege Bölgesi,Alattin Hayrioğlu,Otomobil-Binek,Retail,44,Erkek,25.001 - 50.000 TL,350000,24,6.3,1,1,,2,Anadolubank; Alternatifbank; QNB Fibabank,Daha önce kredi kullanmıştım; Hizmet kalitesi; Sorunların zamanında çözülmesi,8,Genel olarak iyiydi ancak bazı aşamalar uzun sürdü,,8,Danışman ilgili ve bilgiliydi,,99,8,99,6,Taksit seçenekleri ihtiyacıma uymadı,7,9,,1,,2,,,,2,,2,7,8,7,1.0,Kredi avantajı,,,,,7.0,7.0,5.0,Fiyat/teminat dengesi beklentimin altındaydı,Yetkili servisten,2,,2,Passive,77.8,0,0
CSI-CRD-00304,Kredi Kullanan Müşteri,Stenos Auto_2025_CSI_Soru_Formu_v2-Final,2025-09-02,Stenos Adana Seyhan,Adana,Akdeniz Bölgesi,Filit Idık Arsoy,Hafif Ticari,Retail,46,Erkek,150.000 TL üzeri,1473000,60,8.1,1,2,Nakit bütçemi bozmak istemedim,2,Başka kuruluş araştırmadım,Müşteri ilişkileri; Hizmet kalitesi; Sorunların zamanında çözülmesi,10,"Süreç hızlı ilerledi, bilgilendirme yeterliydi",,9,Danışman ilgili ve bilgiliydi,,9,10,10,9,,9,8,,1,,3,,,,1,Stenos Auto Mobil App,3,10,9,10,2.0,,3.0,,,Sigorta şirketi memnuniyetsizliği; Servis hizmet memnuniyetsizliği,,,,,,2,,1,Promoter,100.0,1,1
CSI-CRD-00305,Kredi Kullanan Müşteri,Stenos Auto_2025_CSI_Soru_Formu_v2-Final,2025-06-16,Stenos Antalya Muratpaşa,Antalya,Akdeniz Bölgesi,Uz. Hezniye Yurtseven Seven,Otomobil-Binek,Retail,54,Kadın,85.001 - 150.000 TL,1247000,48,53.6,1,1,,1,Türkiye Finans,Daha uzun vade; Müşteri ilişkileri; Faiz oranı,4,Evrak ve geri dönüş süreçlerinde sorun yaşadım,1.0,5,Danışmanın bilgilendirmesi yetersizdi,1.0,4,3,5,4,Taksit seçenekleri ihtiyacıma uymadı,4,3,Onay süreci beklediğimden uzun sürdü,1,,1,Banka Hesap No'ları hakkında bilgi,3.0,Devir işlemlerimin uzun zaman alması,2,,2,1,6,3,2.0,,1.0,1.0,Muafiyetsiz cam teminatı,Kendi sigortacısı/tanıdık acente olması; Sigorta şirketi memnuniyetsizliği,,,,,,2,,1,Detractor,33.3,0,0
CSI-CRD-00306,Kredi Kullanan Müşteri,Stenos Auto_2025_CSI_Soru_Formu_v2-Final,2025-11-24,Stenos İzmir Bornova,İzmir,Ege Bölgesi,Uz. Cannur Çorlu,Otomobil-Binek,Filo,31,Kadın,150.000 TL üzeri,2020000,36,11.1,1,2,Peşinat ve vade esnekliği ikna etti,1,HSBC Bank; Finans Bank; Anadolubank,Müşteri ilişkileri; Daha az döküman/daha az prosedür; Kampanyaları olması,9,"Süreç hızlı ilerledi, bilgilendirme yeterliydi",,8,Danışman ilgili ve bilgiliydi,,8,7,9,6,Taksit seçenekleri ihtiyacıma uymadı,7,7,,1,,1,Rehin Kaldırma; Senet İadesi,8.0,,2,,3,10,10,8,,,,,,,,,,,,2,,1,Promoter,88.9,1,1
CSI-CRD-00307,Kredi Kullanan Müşteri,Stenos Auto_2025_CSI_Soru_Formu_v2-Final,2026-04-29,Stenos İstanbul Kadıköy,İstanbul,Marmara Bölgesi,Hazine Soylu Çamurcuoğlu,Hafif Ticari,Filo,43,Erkek,150.000 TL üzeri,1997000,24,2.8,1,1,,1,AlBaraka; Vakıflar Bankası; Anadolubank,Markaya duyulan güven; Sorunların zamanında çözülmesi; Daha az döküman/daha az prosedür,10,"Süreç hızlı ilerledi, bilgilendirme yeterliydi",,10,Danışman ilgili ve bilgiliydi,,9,10,9,10,,10,10,,1,,1,Fatura ile ilgili olarak,9.0,,1,Stenos Auto Mobil App,2,10,9,8,,,,,,,,,,,,2,,1,Promoter,100.0,1,1
CSI-CRD-00308,Kredi Kullanan Müşteri,Stenos Auto_2025_CSI_Soru_Formu_v2-Final,2026-01-16,Stenos Kayseri Melikgazi,Kayseri,İç Anadolu Bölgesi,Ekmel Ertaş,Otomobil-Binek,Retail,50,Kadın,85.001 - 150.000 TL,2276000,24,12.6,1,2,Acentede sunulan faiz oranı beklediğimden uygundu,2,Ziraat Bankası; Vakıflar Bankası,Kampanyaları olması; Markanın finans kurumu olması; Kredi alımlarında hızlılık,8,Genel olarak iyiydi ancak bazı aşamalar uzun sürdü,,8,Danışman ilgili ve bilgiliydi,,8,7,7,6,Taksit seçenekleri ihtiyacıma uymadı,5,7,,1,,2,,,,2,,2,10,9,7,1.0,Teminat içeriği; Kredi avantajı,,,,,8.0,8.0,6.0,Fiyat/teminat dengesi beklentimin altındaydı,Acente satış danışmanı,2,,1,Promoter,77.8,0,1
CSI-CRD-00309,Kredi Kullanan Müşteri,Stenos Auto_2025_CSI_Soru_Formu_v2-Final,2026-03-28,Stenos Erzurum Yakutiye,Erzurum,Doğu Anadolu Bölgesi,Sevim Eraslan,Hafif Ticari,Retail,42,Kadın,50.001 - 85.000 TL,1251000,24,4.5,1,1,,1,Şekerbank,Kampanyaları olması; Daha az döküman/daha az prosedür; Düşük peşinat / peşinatsız kredi imkânı,9,"Süreç hızlı ilerledi, bilgilendirme yeterliydi",,8,Danışman ilgili ve bilgiliydi,,9,8,9,7,,6,9,,1,,3,,,,2,,2,9,10,10,1.0,Fiyat avantajı,,,,,7.0,8.0,10.0,,Stenos Auto Finans veya Stenos Auto iletişim hattından; Yetkili servisten,2,,1,Promoter,88.9,1,1
CSI-CRD-00310,Kredi Kullanan Müşteri,Stenos Auto_2025_CSI_Soru_Formu_v2-Final,2025-11-30,Stenos İzmir Bornova,İzmir,Ege Bölgesi,Ülfet Ertaş,Otomobil-Binek,Retail,47,Kadın,50.001 - 85.000 TL,499000,36,2.9,1,1,,2,ING,Araçla birlikte tüm finansal hizmetleri tek noktada sunabilmeleri; Daha uzun vade; Ödeme Planında Esneklik,9,"Süreç hızlı ilerledi, bilgilendirme yeterliydi",,8,Danışman ilgili ve bilgiliydi,,10,8,9,10,,9,9,,1,,1,Fatura ile ilgili olarak,6.0,Dekontların ellerine ulaşmaması; Devir işlemlerimin uzun zaman alması,2,,3,8,10,9,1.0,Fiyat avantajı,,,,,8.0,8.0,10.0,,Stenos Auto Finans veya Stenos Auto internet sayfalarından; Acente görselliği sayesinde,2,,2,Promoter,88.9,1,0
CSI-CRD-00311,Kredi Kullanan Müşteri,Stenos Auto_2025_CSI_Soru_Formu_v2-Final,2026-01-27,Stenos Diyarbakır Kayapınar,Diyarbakır,Güney Doğu Anadolu Bölgesi,Zöhrehan Ferhan Erdoğan,Hafif Ticari,Retail,27,Erkek,25.001 - 50.000 TL,319000,48,7.3,1,1,,1,Vakıflar Bankası; Finans Bank,Faiz oranı; Markaya duyulan güven; Daha uzun vade,10,"Süreç hızlı ilerledi, bilgilendirme yeterliydi",,10,Danışman ilgili ve bilgiliydi,,9,10,10,8,,10,10,,1,,1,Kaza; Kredi geri ödeme planımı temin etmek,9.0,,2,,2,9,10,8,2.0,,2.0,,,Kendi sigortacısı/tanıdık acente olması,,,,,,2,,1,Promoter,100.0,1,1
CSI-CRD-00312,Kredi Kullanan Müşteri,Stenos Auto_2025_CSI_Soru_Formu_v2-Final,2025-05-15,Stenos İstanbul Kadıköy,İstanbul,Marmara Bölgesi,Okt. İmrihan Melikkan Şener Şafak,Otomobil-Binek,Retail,38,Kadın,50.001 - 85.000 TL,1102000,12,1.8,1,1,,1,Başka kuruluş araştırmadım,Daha uzun vade; Daha az döküman/daha az prosedür; Daha önce kredi kullanmıştım,9,"Süreç hızlı ilerledi, bilgilendirme yeterliydi",,10,Danışman ilgili ve bilgiliydi,,10,8,8,9,,7,10,,1,,1,Kredimin ödeme planını revize etmek,8.0,,2,,1,8,7,8,1.0,Fiyat avantajı,,,,,8.0,9.0,6.0,Fiyat/teminat dengesi beklentimin altındaydı,"Gazete, dergi ilanlarından; Stenos Auto Finans veya Stenos Auto internet sayfalarından",2,,1,Passive,88.9,1,0
CSI-CRD-00313,Kredi Kullanan Müşteri,Stenos Auto_2025_CSI_Soru_Formu_v2-Final,2026-02-10,Stenos Malatya Battalgazi,Malatya,Doğu Anadolu Bölgesi,Sevgen Akdeniz,Hafif Ticari,Retail,40,Erkek,85.001 - 150.000 TL,2116000,24,1.0,1,1,,1,Kuveyt Türk; TEB (Türk Ekonomi Bankası); Şekerbank,Sorunların zamanında çözülmesi; Ödeme Planında Esneklik; Kredi alımlarında hızlılık,9,"Süreç hızlı ilerledi, bilgilendirme yeterliydi",,10,Danışman ilgili ve bilgiliydi,,10,9,10,7,,9,8,,1,,1,Yeni Kredi Başvurusu için,10.0,,1,Stenos Auto Mobil App; Acente,2,9,9,7,1.0,Fiyat avantajı; Kredi avantajı,,,,,10.0,9.0,7.0,Fiyat/teminat dengesi beklentimin altındaydı,İnternet reklamlarından,2,,1,Promoter,88.9,1,1
CSI-CRD-00314,Kredi Kullanan Müşteri,Stenos Auto_2025_CSI_Soru_Formu_v2-Final,2025-04-30,Stenos Adana Seyhan,Adana,Akdeniz Bölgesi,Gülmisal Nurveren Akdeniz,Otomobil-Binek,Filo,49,Kadın,150.000 TL üzeri,1792000,36,5.6,1,2,Acentede sunulan faiz oranı beklediğimden uygundu,1,Başka kuruluş araştırmadım,Daha önce kredi kullanmıştım; Sigorta hizmetlerinin de olması; Markanın finans kurumu olması,9,"Süreç hızlı ilerledi, bilgilendirme yeterliydi",,9,Danışman ilgili ve bilgiliydi,,7,8,9,9,,6,9,,2,Taksit tarihleri net anlatılmadı,1,Hesap / Borç durumu öğrenme; Kredimin ödeme planını revize etmek,10.0,,2,,2,8,7,9,,,,,,,,,,,,2,,1,Passive,88.9,1,0
CSI-CRD-00315,Kredi Kullanan Müşteri,Stenos Auto_2025_CSI_Soru_Formu_v2-Final,2026-02-07,Stenos Denizli Merkezefendi,Denizli,Ege Bölgesi,Dr. Havali Kısakürek Durdu,Hafif Ticari,Filo,41,Erkek,150.000 TL üzeri,2472000,48,5.1,1,1,,1,Akbank,Sorunların zamanında çözülmesi; Sigorta hizmetlerinin de olması; Düşük peşinat / peşinatsız kredi imkânı,9,"Süreç hızlı ilerledi, bilgilendirme yeterliydi",,7,Danışmanın bilgilendirmesi yetersizdi,,99,9,10,10,,10,10,,1,,2,,,,2,,1,10,10,7,,,,,,,,,,,,2,,1,Promoter,88.9,1,1
CSI-CRD-00316,Kredi Kullanan Müşteri,Stenos Auto_2025_CSI_Soru_Formu_v2-Final,2026-04-13,Stenos İzmir Bornova,İzmir,Ege Bölgesi,Ümray Mehdiye Sezer Arslan,Hafif Ticari,Retail,26,Kadın,25.001 - 50.000 TL,902000,36,1.8,1,1,,1,Alternatifbank,Daha uzun vade; Ulaşım kolaylığı; Markaya duyulan güven,10,"Süreç hızlı ilerledi, bilgilendirme yeterliydi",,9,Danışman ilgili ve bilgiliydi,,99,10,10,10,,8,10,,1,,99,,,,1,Acente; Web sitesi,1,10,10,10,1.0,Fiyat avantajı; Teminat içeriği,,,,,10.0,10.0,9.0,,Acente görselliği sayesinde,2,,1,Promoter,100.0,1,1
CSI-CRD-00317,Kredi Kullanan Müşteri,Stenos Auto_2025_CSI_Soru_Formu_v2-Final,2025-03-03,Stenos Trabzon Ortahisar,Trabzon,Karadeniz Bölgesi,İnançlı Ülker,Otomobil-Binek,Retail,39,Kadın,150.000 TL üzeri,2241000,36,1.0,1,1,,2,Vakıflar Bankası,Faiz oranı; Araçla birlikte tüm finansal hizmetleri tek noktada sunabilmeleri; Kredi alımlarında hızlılık,10,"Süreç hızlı ilerledi, bilgilendirme yeterliydi",,10,Danışman ilgili ve bilgiliydi,,10,10,10,10,,10,10,,1,,2,,,,1,"Gazete, dergi vb.",1,9,10,9,2.0,,1.0,1.0,Muafiyetsiz cam teminatı,Servis hizmet memnuniyetsizliği; Kendi sigortacısı/tanıdık acente olması,,,,,,2,,1,Promoter,100.0,1,1
CSI-CRD-00318,Kredi Kullanan Müşteri,Stenos Auto_2025_CSI_Soru_Formu_v2-Final,2025-12-25,Stenos Erzurum Yakutiye,Erzurum,Doğu Anadolu Bölgesi,Kâzime Yılmaz Durdu,Otomobil-Binek,Retail,56,Erkek,150.000 TL üzeri,2144000,12,4.2,1,1,,1,Alternatifbank,Müşteri ilişkileri; Düşük peşinat / peşinatsız kredi imkânı; Daha uzun vade,9,"Süreç hızlı ilerledi, bilgilendirme yeterliydi",,10,Danışman ilgili ve bilgiliydi,,7,9,10,10,,10,10,,1,,2,,,,2,,3,9,10,10,2.0,,1.0,2.0,,Servis hizmet memnuniyetsizliği; Kendi sigortacısı/tanıdık acente olması,,,,,,2,,1,Promoter,88.9,1,1
CSI-CRD-00319,Kredi Kullanan Müşteri,Stenos Auto_2025_CSI_Soru_Formu_v2-Final,2025-02-19,Stenos İstanbul Maslak,İstanbul,Marmara Bölgesi,Tali Âdem Soylu,Hafif Ticari,Retail,48,Erkek,50.001 - 85.000 TL,428000,48,49.7,1,1,,1,Şekerbank,Daha az döküman/daha az prosedür; Araçla birlikte tüm finansal hizmetleri tek noktada sunabilmeleri; Sorunların zamanında çözülmesi,3,Evrak ve geri dönüş süreçlerinde sorun yaşadım,2.0,3,Danışmanın bilgilendirmesi yetersizdi,2.0,2,4,4,2,Taksit seçenekleri ihtiyacıma uymadı,1,3,Onay süreci beklediğimden uzun sürdü,2,Erken kapama koşulları açıklanmadı,1,Kaza; Banka Hesap No'ları hakkında bilgi,99.0,,1,Web sitesi; Sosyal medya; Acente,2,2,3,1,1.0,Teminat içeriği,,,,,3.0,2.0,1.0,Fiyat/teminat dengesi beklentimin altındaydı,Daha önce kredi kullanan tanıdıklarımdan / tavsiye; Stenos Auto Finans veya Stenos Auto iletişim hattından,2,,1,Detractor,22.2,0,0
CSI-CRD-00320,Kredi Kullanan Müşteri,Stenos Auto_2025_CSI_Soru_Formu_v2-Final,2026-02-03,Stenos Erzurum Yakutiye,Erzurum,Doğu Anadolu Bölgesi,Hanbiken Şemsinisa Sezgin,Hafif Ticari,Retail,36,Erkek,85.001 - 150.000 TL,1331000,36,9.5,1,1,,2,Şekerbank; ING,Kampanyaları olması; Markanın finans kurumu olması; Daha önce kredi kullanmıştım,9,"Süreç hızlı ilerledi, bilgilendirme yeterliydi",,10,Danışman ilgili ve bilgiliydi,,99,10,8,8,,8,9,,1,,1,Senet İadesi; Adres Değişikliği Bildirme,7.0,,2,,2,9,8,7,1.0,Teminat içeriği,,,,,10.0,9.0,9.0,,Daha önce kredi kullanan tanıdıklarımdan / tavsiye,2,,1,Passive,88.9,1,1
CSI-CRD-00321,Kredi Kullanan Müşteri,Stenos Auto_2025_CSI_Soru_Formu_v2-Final,2025-02-07,Stenos Gaziantep Şahinbey,Gaziantep,Güney Doğu Anadolu Bölgesi,Gürcüye Gülev Mansız Eraslan,Hafif Ticari,Retail,31,Kadın,150.000 TL üzeri,1648000,48,4.3,1,2,Nakit bütçemi bozmak istemedim,1,AlBaraka; İş Bankası,Markanın finans kurumu olması; Araçla birlikte tüm finansal hizmetleri tek noktada sunabilmeleri; Daha önce kredi kullanmıştım,10,"Süreç hızlı ilerledi, bilgilendirme yeterliydi",,10,Danışman ilgili ve bilgiliydi,,7,10,10,9,,8,10,,2,Taksit tarihleri net anlatılmadı,1,Hesap / Borç durumu öğrenme; Senet İadesi,10.0,,2,,1,9,9,10,1.0,Teminat içeriği; Kredi avantajı,,,,,10.0,10.0,9.0,,Stenos Auto Finans veya Stenos Auto iletişim hattından,2,,1,Promoter,100.0,1,1
CSI-CRD-00322,Kredi Kullanan Müşteri,Stenos Auto_2025_CSI_Soru_Formu_v2-Final,2026-05-18,Stenos Ankara Çankaya,Ankara,İç Anadolu Bölgesi,Tekecan Sakarya,Hafif Ticari,Retail,24,Kadın,50.001 - 85.000 TL,1257000,48,12.7,1,1,,2,Finans Bank; Ziraat Bankası,Markanın finans kurumu olması; Kredi alımlarında hızlılık; Ulaşım kolaylığı,9,"Süreç hızlı ilerledi, bilgilendirme yeterliydi",,10,Danışman ilgili ve bilgiliydi,,10,8,9,6,Taksit seçenekleri ihtiyacıma uymadı,9,9,,2,Gecikme faizi hakkında bilgi verilmedi,2,,,,1,Web sitesi; Sosyal medya,2,10,9,10,2.0,,1.0,1.0,Muafiyetsiz cam teminatı,Sigorta şirketi memnuniyetsizliği,,,,,,2,,1,Promoter,88.9,1,1
CSI-CRD-00323,Kredi Kullanan Müşteri,Stenos Auto_2025_CSI_Soru_Formu_v2-Final,2025-03-17,Stenos Diyarbakır Kayapınar,Diyarbakır,Güney Doğu Anadolu Bölgesi,Gökçil Özertem Dumanlı,Otomobil-Binek,Retail,43,Erkek,25.001 - 50.000 TL,449000,12,5.1,1,1,,1,Finans Bank,Kredi alımlarında hızlılık; Markanın finans kurumu olması; Sorunların zamanında çözülmesi,10,"Süreç hızlı ilerledi, bilgilendirme yeterliydi",,8,Danışman ilgili ve bilgiliydi,,10,8,10,7,,9,10,,1,,1,Kaza,10.0,,1,Sosyal medya; Acente,1,10,9,9,2.0,,1.0,1.0,Yol yardım hizmeti,Servis hizmet memnuniyetsizliği,,,,,,2,,1,Promoter,100.0,1,1
CSI-CRD-00324,Kredi Kullanan Müşteri,Stenos Auto_2025_CSI_Soru_Formu_v2-Final,2026-06-25,Stenos Kayseri Melikgazi,Kayseri,İç Anadolu Bölgesi,Sezal Kader Gül,Otomobil-Binek,Retail,45,Erkek,50.001 - 85.000 TL,1450000,36,1.0,1,2,Acentede sunulan faiz oranı beklediğimden uygundu,1,Başka kuruluş araştırmadım,Kredi alımlarında hızlılık; Faiz oranı; Düşük peşinat / peşinatsız kredi imkânı,10,"Süreç hızlı ilerledi, bilgilendirme yeterliydi",,9,Danışman ilgili ve bilgiliydi,,10,7,9,9,,10,10,,1,,2,,,,1,"Sosyal medya; Gazete, dergi vb.; Stenos Auto Mobil App",3,10,10,10,2.0,,3.0,,,Sigorta şirketi memnuniyetsizliği,,,,,,2,,1,Promoter,100.0,1,1
CSI-CRD-00325,Kredi Kullanan Müşteri,Stenos Auto_2025_CSI_Soru_Formu_v2-Final,2026-03-09,Stenos Bursa Nilüfer,Bursa,Marmara Bölgesi,Aybora Çamurcuoğlu,Otomobil-Binek,Retail,35,Kadın,150.000 TL üzeri,1598000,12,1.0,1,1,,1,Başka kuruluş araştırmadım,Araçla birlikte tüm finansal hizmetleri tek noktada sunabilmeleri; Sorunların zamanında çözülmesi; Ulaşım kolaylığı,8,Genel olarak iyiydi ancak bazı aşamalar uzun sürdü,,8,Danışman ilgili ve bilgiliydi,,7,9,7,8,,10,7,,1,,2,,,,2,,2,6,8,7,2.0,,1.0,2.0,,Servis hizmet memnuniyetsizliği,,,,,,2,,1,Passive,77.8,0,0
CSI-CRD-00326,Kredi Kullanan Müşteri,Stenos Auto_2025_CSI_Soru_Formu_v2-Final,2025-12-29,Stenos Denizli Merkezefendi,Denizli,Ege Bölgesi,Müferrih Ruhugül Akçay,Otomobil-Binek,Retail,53,Erkek,50.001 - 85.000 TL,1116000,36,1.0,1,1,,2,Akbank,Ödeme Planında Esneklik; Sigorta hizmetlerinin de olması; Düşük peşinat / peşinatsız kredi imkânı,10,"Süreç hızlı ilerledi, bilgilendirme yeterliydi",,9,Danışman ilgili ve bilgiliydi,,10,10,10,10,,8,9,,1,,2,,,,2,,2,10,10,9,2.0,,2.0,,,Kendi sigortacısı/tanıdık acente olması; Servis hizmet memnuniyetsizliği,,,,,,2,,1,Promoter,100.0,1,1
CSI-CRD-00327,Kredi Kullanan Müşteri,Stenos Auto_2025_CSI_Soru_Formu_v2-Final,2026-03-14,Stenos İstanbul Maslak,İstanbul,Marmara Bölgesi,Bekbay Çetin,Otomobil-Binek,Retail,50,Kadın,85.001 - 150.000 TL,1444000,24,6.8,1,2,Acentede sunulan faiz oranı beklediğimden uygundu,1,Garanti Bankası,Daha az döküman/daha az prosedür; Kredi alımlarında hızlılık; Araçla birlikte tüm finansal hizmetleri tek noktada sunabilmeleri,9,"Süreç hızlı ilerledi, bilgilendirme yeterliydi",,9,Danışman ilgili ve bilgiliydi,,9,9,9,10,,6,10,,1,,2,,,,2,,1,10,9,9,2.0,,1.0,2.0,,Kendi sigortacısı/tanıdık acente olması; Sigorta şirketi memnuniyetsizliği,,,,,,2,,1,Promoter,88.9,1,1
CSI-CRD-00328,Kredi Kullanan Müşteri,Stenos Auto_2025_CSI_Soru_Formu_v2-Final,2026-03-26,Stenos Bursa Nilüfer,Bursa,Marmara Bölgesi,Yurtseven Tule Çamurcuoğlu Aslan,Otomobil-Binek,Retail,46,Erkek,150.000 TL üzeri,1869000,12,5.8,1,1,,1,HSBC Bank; QNB Fibabank; Vakıflar Bankası,Kredi alımlarında hızlılık; Ödeme Planında Esneklik; Daha önce kredi kullanmıştım,10,"Süreç hızlı ilerledi, bilgilendirme yeterliydi",,10,Danışman ilgili ve bilgiliydi,,10,9,10,10,,10,9,,1,,1,Yeni Kredi Başvurusu için,10.0,,1,Stenos Auto Mobil App,3,10,10,10,1.0,Kredi avantajı; Fiyat avantajı,,,,,10.0,9.0,10.0,,Stenos Auto Finans veya Stenos Auto internet sayfalarından,2,,1,Promoter,100.0,1,1
CSI-CRD-00329,Kredi Kullanan Müşteri,Stenos Auto_2025_CSI_Soru_Formu_v2-Final,2026-06-08,Stenos Antalya Muratpaşa,Antalya,Akdeniz Bölgesi,Çev. İlmafer Akça,Otomobil-Binek,Retail,26,Erkek,50.001 - 85.000 TL,481000,48,32.1,1,1,,2,Yapı ve Kredi Bankası; Alternatifbank; Burgan Bank,Ulaşım kolaylığı; Personelin genel tutum davranışları; Daha önce kredi kullanmıştım,6,Evrak ve geri dönüş süreçlerinde sorun yaşadım,1.0,7,Danışmanın bilgilendirmesi yetersizdi,,5,6,6,99,,6,5,Onay süreci beklediğimden uzun sürdü,1,,1,Senet İadesi,4.0,Talebim onaylanmadı; Müşteri temsilcisinin yaklaşımı,2,,2,9,8,4,2.0,,1.0,1.0,Yeni değer klozu,Servis hizmet memnuniyetsizliği; Sigorta şirketi memnuniyetsizliği,,,,,,2,,2,Passive,55.6,0,1
CSI-CRD-00330,Kredi Kullanan Müşteri,Stenos Auto_2025_CSI_Soru_Formu_v2-Final,2025-04-02,Stenos Denizli Merkezefendi,Denizli,Ege Bölgesi,Prof. Mehdiye Korutürk Bilge,Otomobil-Binek,Retail,43,Kadın,150.000 TL üzeri,2352000,24,18.1,1,1,,1,Burgan Bank,Markaya duyulan güven; Müşteri ilişkileri; Daha uzun vade,4,Evrak ve geri dönüş süreçlerinde sorun yaşadım,2.0,4,Danışmanın bilgilendirmesi yetersizdi,2.0,4,4,1,3,Taksit seçenekleri ihtiyacıma uymadı,3,5,Onay süreci beklediğimden uzun sürdü,2,Taksit tarihleri net anlatılmadı,1,Yeni Kredi Başvurusu için; Kredi geri ödeme planımı temin etmek,1.0,Revize işlemimin uzun zaman alması; Talebim için birden fazla kişiyle görüşmek durumunda kaldım.,2,,3,2,4,3,1.0,Fiyat avantajı,,,,,6.0,3.0,5.0,Fiyat/teminat dengesi beklentimin altındaydı,Stenos Auto Finans veya Stenos Auto iletişim hattından,1,1.0,1,Detractor,33.3,0,0
CSI-CRD-00331,Kredi Kullanan Müşteri,Stenos Auto_2025_CSI_Soru_Formu_v2-Final,2025-12-02,Stenos İstanbul Kadıköy,İstanbul,Marmara Bölgesi,Dilşat Ertaş,Otomobil-Binek,Retail,43,Kadın,85.001 - 150.000 TL,1933000,12,10.6,1,1,,1,Vakıflar Bankası; Finans Bank; TEB (Türk Ekonomi Bankası),Müşteri ilişkileri; Araçla birlikte tüm finansal hizmetleri tek noktada sunabilmeleri; Hizmet kalitesi,9,"Süreç hızlı ilerledi, bilgilendirme yeterliydi",,9,Danışman ilgili ve bilgiliydi,,7,10,9,9,,10,8,,1,,1,Adres Değişikliği Bildirme,8.0,,2,,3,10,9,10,2.0,,3.0,,,Sigorta şirketi memnuniyetsizliği; Kendi sigortacısı/tanıdık acente olması,,,,,,2,,1,Promoter,88.9,1,1
CSI-CRD-00332,Kredi Kullanan Müşteri,Stenos Auto_2025_CSI_Soru_Formu_v2-Final,2025-02-11,Stenos Ankara Çankaya,Ankara,İç Anadolu Bölgesi,Berran İnönü,Otomobil-Binek,Retail,55,Kadın,85.001 - 150.000 TL,1370000,36,3.4,1,1,,1,Vakıflar Bankası,Araçla birlikte tüm finansal hizmetleri tek noktada sunabilmeleri; Sorunların zamanında çözülmesi; Daha önce kredi kullanmıştım,10,"Süreç hızlı ilerledi, bilgilendirme yeterliydi",,9,Danışman ilgili ve bilgiliydi,,10,10,10,10,,9,10,,2,Erken kapama koşulları açıklanmadı,2,,,,2,,1,10,10,7,2.0,,2.0,,,Servis hizmet memnuniyetsizliği; Sigorta şirketi memnuniyetsizliği,,,,,,2,,1,Promoter,100.0,1,1
CSI-CRD-00333,Kredi Kullanan Müşteri,Stenos Auto_2025_CSI_Soru_Formu_v2-Final,2025-12-30,Stenos Malatya Battalgazi,Malatya,Doğu Anadolu Bölgesi,Av. Ulutay Yilmaz Tarhan,Hafif Ticari,Retail,30,Kadın,85.001 - 150.000 TL,1910000,48,2.4,1,1,,2,Başka kuruluş araştırmadım,Faiz oranı; Markaya duyulan güven; Ulaşım kolaylığı,8,Genel olarak iyiydi ancak bazı aşamalar uzun sürdü,,10,Danışman ilgili ve bilgiliydi,,6,10,7,7,,5,8,,1,,1,Fatura ile ilgili olarak; Kredi Borcunu erken kapama,7.0,,1,Acente,2,7,8,6,1.0,Teminat içeriği,,,,,9.0,8.0,8.0,Fiyat/teminat dengesi beklentimin altındaydı,Yetkili servisten; İnternet reklamlarından,2,,1,Passive,77.8,0,0
CSI-CRD-00334,Kredi Kullanan Müşteri,Stenos Auto_2025_CSI_Soru_Formu_v2-Final,2025-03-02,Stenos İstanbul Maslak,İstanbul,Marmara Bölgesi,Çolpan Arsoy Çorlu,Otomobil-Binek,Retail,43,Erkek,25.001 - 50.000 TL,735000,60,3.7,1,2,Peşinat ve vade esnekliği ikna etti,1,Başka kuruluş araştırmadım,Daha uzun vade; Faiz oranı; Araçla birlikte tüm finansal hizmetleri tek noktada sunabilmeleri,8,Genel olarak iyiydi ancak bazı aşamalar uzun sürdü,,10,Danışman ilgili ve bilgiliydi,,7,10,8,8,,9,10,,1,,2,,,,1,"Gazete, dergi vb.",2,8,7,6,1.0,Teminat içeriği; Kredi avantajı,,,,,8.0,8.0,8.0,Fiyat/teminat dengesi beklentimin altındaydı,Yetkili servisten,2,,1,Passive,77.8,0,0
CSI-CRD-00335,Kredi Kullanan Müşteri,Stenos Auto_2025_CSI_Soru_Formu_v2-Final,2025-11-12,Stenos Bursa Nilüfer,Bursa,Marmara Bölgesi,Alaz Eraslan Duran,Otomobil-Binek,Filo,42,Erkek,85.001 - 150.000 TL,1651000,24,8.5,1,1,,2,İş Bankası; Garanti Bankası,Daha önce kredi kullanmıştım; Daha az döküman/daha az prosedür; Ödeme Planında Esneklik,7,Genel olarak iyiydi ancak bazı aşamalar uzun sürdü,,9,Danışman ilgili ve bilgiliydi,,7,8,5,3,Taksit seçenekleri ihtiyacıma uymadı,7,7,,1,,3,,,,1,"Sosyal medya; Stenos Auto Mobil App; Gazete, dergi vb.",1,8,8,7,,,,,,,,,,,,2,,2,Passive,66.7,0,0
CSI-CRD-00336,Kredi Kullanan Müşteri,Stenos Auto_2025_CSI_Soru_Formu_v2-Final,2025-11-04,Stenos Malatya Battalgazi,Malatya,Doğu Anadolu Bölgesi,Muvaffak Kanak Tarhan Korutürk,Otomobil-Binek,Retail,38,Erkek,50.001 - 85.000 TL,908000,60,41.4,1,1,,1,Başka kuruluş araştırmadım,Markaya duyulan güven; Faiz oranı; Müşteri ilişkileri,3,Evrak ve geri dönüş süreçlerinde sorun yaşadım,2.0,3,Danışmanın bilgilendirmesi yetersizdi,1.0,2,4,3,3,Taksit seçenekleri ihtiyacıma uymadı,2,3,Onay süreci beklediğimden uzun sürdü,1,,3,,,,1,Sosyal medya; Web sitesi; Acente,2,3,2,4,1.0,Teminat içeriği; Kredi avantajı,,,,,3.0,2.0,0.0,Fiyat/teminat dengesi beklentimin altındaydı,Stenos Auto Finans veya Stenos Auto internet sayfalarından; Daha önce kredi kullanan tanıdıklarımdan / tavsiye,1,2.0,1,Detractor,22.2,0,0
CSI-CRD-00337,Kredi Kullanan Müşteri,Stenos Auto_2025_CSI_Soru_Formu_v2-Final,2025-09-28,Stenos İstanbul Maslak,İstanbul,Marmara Bölgesi,İlklima Kısakürek,Otomobil-Binek,Retail,48,Erkek,150.000 TL üzeri,2323000,36,30.9,1,1,,1,Akbank; TEB (Türk Ekonomi Bankası); QNB Fibabank,Kredi alımlarında hızlılık; Kampanyaları olması; Daha az döküman/daha az prosedür,3,Evrak ve geri dönüş süreçlerinde sorun yaşadım,1.0,3,Danışmanın bilgilendirmesi yetersizdi,2.0,3,4,2,1,Taksit seçenekleri ihtiyacıma uymadı,2,3,Onay süreci beklediğimden uzun sürdü,2,Taksit tarihleri net anlatılmadı,2,,,,2,,3,3,6,4,2.0,,1.0,1.0,Muafiyetsiz cam teminatı,Servis hizmet memnuniyetsizliği; Kendi sigortacısı/tanıdık acente olması,,,,,,1,1.0,1,Detractor,22.2,0,0
CSI-CRD-00338,Kredi Kullanan Müşteri,Stenos Auto_2025_CSI_Soru_Formu_v2-Final,2025-10-21,Stenos Trabzon Ortahisar,Trabzon,Karadeniz Bölgesi,Deryanur Hasgül Güçlü Yıldırım,Otomobil-Binek,Filo,35,Kadın,85.001 - 150.000 TL,1152000,12,2.6,1,1,,1,Yapı ve Kredi Bankası; Garanti Bankası; Denizbank,Daha uzun vade; Markanın finans kurumu olması; Kredi alımlarında hızlılık,10,"Süreç hızlı ilerledi, bilgilendirme yeterliydi",,10,Danışman ilgili ve bilgiliydi,,10,10,10,9,,8,10,,1,,1,Kredi geri ödeme planımı temin etmek; Kredi Borcunu erken kapama,10.0,,2,,3,10,9,9,,,,,,,,,,,,2,,1,Promoter,100.0,1,1
CSI-CRD-00339,Kredi Kullanan Müşteri,Stenos Auto_2025_CSI_Soru_Formu_v2-Final,2026-03-24,Stenos Samsun İlkadım,Samsun,Karadeniz Bölgesi,Şeref Bilgin,Hafif Ticari,Retail,21,Erkek,50.001 - 85.000 TL,1558000,24,13.1,1,2,Kampanya koşulları cazipti,1,Anadolubank; AlBaraka,Ulaşım kolaylığı; Daha önce kredi kullanmıştım; Personelin genel tutum davranışları,8,Genel olarak iyiydi ancak bazı aşamalar uzun sürdü,,8,Danışman ilgili ve bilgiliydi,,8,9,9,5,Taksit seçenekleri ihtiyacıma uymadı,4,8,,1,,3,,,,2,,2,6,7,7,2.0,,1.0,2.0,,Kendi sigortacısı/tanıdık acente olması; Sigorta şirketi memnuniyetsizliği,,,,,,2,,1,Passive,77.8,0,0
CSI-CRD-00340,Kredi Kullanan Müşteri,Stenos Auto_2025_CSI_Soru_Formu_v2-Final,2026-03-23,Stenos İstanbul Maslak,İstanbul,Marmara Bölgesi,Tenvir Alemdar,Otomobil-Binek,Retail,22,Kadın,150.000 TL üzeri,2317000,48,1.0,1,1,,2,TEB (Türk Ekonomi Bankası),Kampanyaları olması; Ödeme Planında Esneklik; Faiz oranı,4,Evrak ve geri dönüş süreçlerinde sorun yaşadım,2.0,4,Danışmanın bilgilendirmesi yetersizdi,2.0,2,3,3,4,Taksit seçenekleri ihtiyacıma uymadı,3,5,Onay süreci beklediğimden uzun sürdü,1,,1,Adres Değişikliği Bildirme,2.0,Ödememin hesaplara gecikmeli yansıması,1,Web sitesi; Stenos Auto Mobil App,1,1,5,4,1.0,Fiyat avantajı,,,,,3.0,3.0,6.0,Fiyat/teminat dengesi beklentimin altındaydı,Stenos Auto Finans veya Stenos Auto internet sayfalarından,1,1.0,1,Detractor,33.3,0,0
CSI-CRD-00341,Kredi Kullanan Müşteri,Stenos Auto_2025_CSI_Soru_Formu_v2-Final,2025-09-20,Stenos Ankara Çankaya,Ankara,İç Anadolu Bölgesi,Doç. Menişan Rehime Demir Yaman,Otomobil-Binek,Filo,55,Erkek,150.000 TL üzeri,1953000,60,16.7,1,1,,1,Halk Bankası; QNB Fibabank,Sigorta hizmetlerinin de olması; Ulaşım kolaylığı; Daha az döküman/daha az prosedür,9,"Süreç hızlı ilerledi, bilgilendirme yeterliydi",,10,Danışman ilgili ve bilgiliydi,,10,9,9,99,,6,7,,1,,2,,,,1,Web sitesi; Stenos Auto Mobil App,2,10,9,9,,,,,,,,,,,,2,,1,Promoter,88.9,1,1
CSI-CRD-00342,Kredi Kullanan Müşteri,Stenos Auto_2025_CSI_Soru_Formu_v2-Final,2025-12-24,Stenos İstanbul Kadıköy,İstanbul,Marmara Bölgesi,Aktemür Göken Soylu,Otomobil-Binek,Retail,58,Erkek,85.001 - 150.000 TL,904000,24,2.2,1,1,,1,İş Bankası; Yapı ve Kredi Bankası; Şekerbank,Daha uzun vade; Sorunların zamanında çözülmesi; Düşük peşinat / peşinatsız kredi imkânı,8,Genel olarak iyiydi ancak bazı aşamalar uzun sürdü,,9,Danışman ilgili ve bilgiliydi,,10,9,8,8,,5,10,,1,,1,Yeni Kredi Başvurusu için,5.0,Talebimin gerçekleşmesi uzun zaman aldı; Dekontların ellerine ulaşmaması,2,,2,9,10,5,1.0,Kredi avantajı; Fiyat avantajı,,,,,6.0,10.0,9.0,,"Gazete, dergi ilanlarından",1,1.0,1,Promoter,77.8,0,1
CSI-CRD-00343,Kredi Kullanan Müşteri,Stenos Auto_2025_CSI_Soru_Formu_v2-Final,2026-05-01,Stenos Samsun İlkadım,Samsun,Karadeniz Bölgesi,Aytek Elöve Akgündüz Duran,Otomobil-Binek,Retail,45,Erkek,150.000 TL üzeri,2212000,36,18.1,1,1,,2,TEB (Türk Ekonomi Bankası),Düşük peşinat / peşinatsız kredi imkânı; Ulaşım kolaylığı; Daha uzun vade,7,Genel olarak iyiydi ancak bazı aşamalar uzun sürdü,,5,Danışmanın bilgilendirmesi yetersizdi,2.0,8,7,8,99,,7,6,Onay süreci beklediğimden uzun sürdü,1,,1,Yeni Kredi Başvurusu için,7.0,,2,,3,8,7,6,1.0,Teminat içeriği; Fiyat avantajı,,,,,7.0,8.0,7.0,Fiyat/teminat dengesi beklentimin altındaydı,Daha önce kredi kullanan tanıdıklarımdan / tavsiye,2,,2,Passive,66.7,0,0
CSI-CRD-00344,Kredi Kullanan Müşteri,Stenos Auto_2025_CSI_Soru_Formu_v2-Final,2025-03-27,Stenos Bursa Nilüfer,Bursa,Marmara Bölgesi,Kerman Ertaş,Otomobil-Binek,Retail,39,Erkek,150.000 TL üzeri,1977000,48,3.1,1,1,,2,İş Bankası; HSBC Bank,Ulaşım kolaylığı; Daha uzun vade; Daha az döküman/daha az prosedür,9,"Süreç hızlı ilerledi, bilgilendirme yeterliydi",,9,Danışman ilgili ve bilgiliydi,,10,8,10,9,,7,10,,1,,2,,,,1,"Sosyal medya; Gazete, dergi vb.",1,10,10,7,2.0,,2.0,,,Kendi sigortacısı/tanıdık acente olması,,,,,,1,1.0,1,Promoter,88.9,1,1
CSI-CRD-00345,Kredi Kullanan Müşteri,Stenos Auto_2025_CSI_Soru_Formu_v2-Final,2025-03-23,Stenos İstanbul Maslak,İstanbul,Marmara Bölgesi,Zeride Sabihe Zengin Korutürk,Otomobil-Binek,Filo,21,Erkek,50.001 - 85.000 TL,1664000,24,35.9,1,1,,2,İş Bankası; Kuveyt Türk,Ödeme Planında Esneklik; Araçla birlikte tüm finansal hizmetleri tek noktada sunabilmeleri; Daha önce kredi kullanmıştım,2,Evrak ve geri dönüş süreçlerinde sorun yaşadım,1.0,3,Danışmanın bilgilendirmesi yetersizdi,2.0,2,1,1,3,Taksit seçenekleri ihtiyacıma uymadı,1,2,Onay süreci beklediğimden uzun sürdü,1,,2,,,,2,,3,2,6,1,,,,,,,,,,,,2,,1,Detractor,11.1,0,0
CSI-CRD-00346,Kredi Kullanan Müşteri,Stenos Auto_2025_CSI_Soru_Formu_v2-Final,2025-02-21,Stenos Malatya Battalgazi,Malatya,Doğu Anadolu Bölgesi,Kıvılcım Şensoy,Hafif Ticari,Retail,45,Kadın,50.001 - 85.000 TL,375000,48,13.4,1,1,,1,Halk Bankası; Garanti Bankası; Denizbank,Ulaşım kolaylığı; Sigorta hizmetlerinin de olması; Müşteri ilişkileri,9,"Süreç hızlı ilerledi, bilgilendirme yeterliydi",,9,Danışman ilgili ve bilgiliydi,,99,8,9,9,,10,8,,1,,2,,,,1,Acente; Sosyal medya,1,8,7,8,1.0,Fiyat avantajı; Teminat içeriği,,,,,8.0,9.0,6.0,Fiyat/teminat dengesi beklentimin altındaydı,Daha önce kredi kullanan tanıdıklarımdan / tavsiye; Acente satış danışmanı,2,,1,Passive,88.9,1,0
CSI-CRD-00347,Kredi Kullanan Müşteri,Stenos Auto_2025_CSI_Soru_Formu_v2-Final,2026-01-13,Stenos Adana Seyhan,Adana,Akdeniz Bölgesi,İvecen Oganer Mansız Seven,Otomobil-Binek,Retail,44,Erkek,50.001 - 85.000 TL,1460000,48,1.0,1,1,,1,Anadolubank; Kuveyt Türk; Akbank,Daha önce kredi kullanmıştım; Sigorta hizmetlerinin de olması; Araçla birlikte tüm finansal hizmetleri tek noktada sunabilmeleri,9,"Süreç hızlı ilerledi, bilgilendirme yeterliydi",,10,Danışman ilgili ve bilgiliydi,,10,9,7,8,,99,10,,2,Gecikme faizi hakkında bilgi verilmedi,2,,,,1,Acente,1,9,9,10,2.0,,2.0,,,Servis hizmet memnuniyetsizliği,,,,,,1,1.0,1,Promoter,88.9,1,1
CSI-CRD-00348,Kredi Kullanan Müşteri,Stenos Auto_2025_CSI_Soru_Formu_v2-Final,2025-08-25,Stenos Kayseri Melikgazi,Kayseri,İç Anadolu Bölgesi,Atiyye Sezer,Otomobil-Binek,Retail,23,Erkek,150.000 TL üzeri,1713000,12,4.5,1,1,,2,OdeaBank; HSBC Bank; Halk Bankası,Daha uzun vade; Sorunların zamanında çözülmesi; Ulaşım kolaylığı,10,"Süreç hızlı ilerledi, bilgilendirme yeterliydi",,9,Danışman ilgili ve bilgiliydi,,9,9,9,10,,8,8,,1,,2,,,,2,,1,9,9,8,1.0,Fiyat avantajı,,,,,10.0,9.0,9.0,,İnternet reklamlarından,2,,1,Promoter,100.0,1,1
CSI-CRD-00349,Kredi Kullanan Müşteri,Stenos Auto_2025_CSI_Soru_Formu_v2-Final,2026-03-12,Stenos Ankara Çankaya,Ankara,İç Anadolu Bölgesi,Günsel Selvi Dumanlı Akça,Otomobil-Binek,Retail,54,Erkek,150.000 TL üzeri,2162000,36,4.9,1,1,,2,Şekerbank,Kredi alımlarında hızlılık; Araçla birlikte tüm finansal hizmetleri tek noktada sunabilmeleri; Daha önce kredi kullanmıştım,9,"Süreç hızlı ilerledi, bilgilendirme yeterliydi",,10,Danışman ilgili ve bilgiliydi,,8,10,8,10,,9,9,,2,Gecikme faizi hakkında bilgi verilmedi,3,,,,2,,2,8,9,9,1.0,Kredi avantajı; Fiyat avantajı,,,,,10.0,7.0,8.0,Fiyat/teminat dengesi beklentimin altındaydı,Acente satış danışmanı; Stenos Auto Finans veya Stenos Auto iletişim hattından,2,,1,Promoter,88.9,1,0
CSI-CRD-00350,Kredi Kullanan Müşteri,Stenos Auto_2025_CSI_Soru_Formu_v2-Final,2026-01-02,Stenos Ankara Çankaya,Ankara,İç Anadolu Bölgesi,Av. Işıman Ayvas Tarhan,Otomobil-Binek,Filo,24,Erkek,25.001 - 50.000 TL,804000,60,5.4,1,1,,1,Başka kuruluş araştırmadım,Kredi alımlarında hızlılık; Sigorta hizmetlerinin de olması; Ödeme Planında Esneklik,10,"Süreç hızlı ilerledi, bilgilendirme yeterliydi",,10,Danışman ilgili ve bilgiliydi,,10,10,10,8,,10,10,,1,,2,,,,1,Stenos Auto Mobil App; Web sitesi; Sosyal medya,2,10,10,9,,,,,,,,,,,,2,,1,Promoter,100.0,1,1
CSI-CRD-00351,Kredi Kullanan Müşteri,Stenos Auto_2025_CSI_Soru_Formu_v2-Final,2025-06-28,Stenos Ankara Çankaya,Ankara,İç Anadolu Bölgesi,Zinnure Neval Yorulmaz Gülen,Otomobil-Binek,Filo,32,Erkek,50.001 - 85.000 TL,939000,24,4.1,1,1,,1,TEB (Türk Ekonomi Bankası); Şekerbank; Türkiye Finans,Daha az döküman/daha az prosedür; Daha önce kredi kullanmıştım; Sorunların zamanında çözülmesi,10,"Süreç hızlı ilerledi, bilgilendirme yeterliydi",,8,Danışman ilgili ve bilgiliydi,,9,10,10,10,,10,10,,1,,1,Kredi geri ödeme planımı temin etmek,7.0,,2,,3,10,10,10,,,,,,,,,,,,2,,1,Promoter,100.0,1,1
CSI-CRD-00352,Kredi Kullanan Müşteri,Stenos Auto_2025_CSI_Soru_Formu_v2-Final,2026-05-08,Stenos Kayseri Melikgazi,Kayseri,İç Anadolu Bölgesi,Gülev Demir,Hafif Ticari,Retail,50,Erkek,150.000 TL üzeri,2469000,36,3.7,1,1,,1,Başka kuruluş araştırmadım,Daha az döküman/daha az prosedür; Personelin genel tutum davranışları; Düşük peşinat / peşinatsız kredi imkânı,8,Genel olarak iyiydi ancak bazı aşamalar uzun sürdü,,6,Danışmanın bilgilendirmesi yetersizdi,1.0,8,8,6,8,,9,9,,1,,2,,,,2,,2,9,10,7,2.0,,2.0,,,Kendi sigortacısı/tanıdık acente olması; Sigorta şirketi memnuniyetsizliği,,,,,,2,,2,Promoter,77.8,0,1
CSI-CRD-00353,Kredi Kullanan Müşteri,Stenos Auto_2025_CSI_Soru_Formu_v2-Final,2026-03-04,Stenos Diyarbakır Kayapınar,Diyarbakır,Güney Doğu Anadolu Bölgesi,Dr. Gülşa Şahinder Yıldırım Yorulmaz,Hafif Ticari,Filo,23,Erkek,85.001 - 150.000 TL,1163000,24,2.0,1,1,,2,Anadolubank; ING; TEB (Türk Ekonomi Bankası),Faiz oranı; Kredi alımlarında hızlılık; Müşteri ilişkileri,10,"Süreç hızlı ilerledi, bilgilendirme yeterliydi",,9,Danışman ilgili ve bilgiliydi,,10,10,9,10,,9,10,,1,,2,,,,2,,3,10,10,10,,,,,,,,,,,,2,,1,Promoter,100.0,1,1
CSI-CRD-00354,Kredi Kullanan Müşteri,Stenos Auto_2025_CSI_Soru_Formu_v2-Final,2025-05-20,Stenos Samsun İlkadım,Samsun,Karadeniz Bölgesi,Heva Yaman,Hafif Ticari,Retail,44,Erkek,50.001 - 85.000 TL,1564000,36,4.9,1,1,,1,Ziraat Bankası; Burgan Bank,Personelin genel tutum davranışları; Faiz oranı; Düşük peşinat / peşinatsız kredi imkânı,8,Genel olarak iyiydi ancak bazı aşamalar uzun sürdü,,7,Danışmanın bilgilendirmesi yetersizdi,,8,99,9,9,,4,10,,1,,1,Kaza; Kredimin ödeme planını revize etmek,8.0,,1,Stenos Auto Mobil App,1,10,10,7,2.0,,3.0,,,Kendi sigortacısı/tanıdık acente olması,,,,,,2,,1,Promoter,77.8,0,1
CSI-CRD-00355,Kredi Kullanan Müşteri,Stenos Auto_2025_CSI_Soru_Formu_v2-Final,2025-07-08,Stenos İstanbul Maslak,İstanbul,Marmara Bölgesi,Argu Karadeniz,Otomobil-Binek,Retail,33,Erkek,85.001 - 150.000 TL,738000,36,5.5,1,1,,1,Alternatifbank; Burgan Bank; Halk Bankası,Düşük peşinat / peşinatsız kredi imkânı; Daha uzun vade; Markanın finans kurumu olması,10,"Süreç hızlı ilerledi, bilgilendirme yeterliydi",,10,Danışman ilgili ve bilgiliydi,,9,10,9,8,,10,10,,1,,1,Banka Hesap No'ları hakkında bilgi,10.0,,1,Acente,3,9,10,8,1.0,Teminat içeriği; Kredi avantajı,,,,,9.0,10.0,8.0,Fiyat/teminat dengesi beklentimin altındaydı,"Gazete, dergi ilanlarından; Stenos Auto Finans veya Stenos Auto internet sayfalarından",2,,1,Promoter,100.0,1,1
CSI-CRD-00356,Kredi Kullanan Müşteri,Stenos Auto_2025_CSI_Soru_Formu_v2-Final,2025-06-26,Stenos Gaziantep Şahinbey,Gaziantep,Güney Doğu Anadolu Bölgesi,Songurkan Bilir,Otomobil-Binek,Retail,42,Kadın,85.001 - 150.000 TL,1743000,24,8.4,1,1,,1,Halk Bankası,Hizmet kalitesi; Faiz oranı; Ödeme Planında Esneklik,9,"Süreç hızlı ilerledi, bilgilendirme yeterliydi",,10,Danışman ilgili ve bilgiliydi,,10,10,10,8,,9,9,,1,,1,Banka Hesap No'ları hakkında bilgi; Yeni Kredi Başvurusu için,8.0,,2,,2,10,9,7,1.0,Kredi avantajı; Fiyat avantajı,,,,,10.0,10.0,8.0,Fiyat/teminat dengesi beklentimin altındaydı,Yetkili servisten; Acente satış danışmanı,2,,1,Promoter,88.9,1,1
CSI-CRD-00357,Kredi Kullanan Müşteri,Stenos Auto_2025_CSI_Soru_Formu_v2-Final,2025-03-14,Stenos Bursa Nilüfer,Bursa,Marmara Bölgesi,Okt. Öngen Bilgen Çetin,Otomobil-Binek,Retail,46,Erkek,85.001 - 150.000 TL,2378000,36,14.5,1,2,Acentede sunulan faiz oranı beklediğimden uygundu,1,Şekerbank,Daha uzun vade; Kampanyaları olması; Sorunların zamanında çözülmesi,10,"Süreç hızlı ilerledi, bilgilendirme yeterliydi",,7,Danışmanın bilgilendirmesi yetersizdi,,10,10,10,7,,9,8,,1,,1,Kredi Borcunu erken kapama; Kredi Devri / Transferi,10.0,,2,,2,10,10,8,1.0,Teminat içeriği; Fiyat avantajı,,,,,10.0,8.0,8.0,Fiyat/teminat dengesi beklentimin altındaydı,Stenos Auto Finans veya Stenos Auto iletişim hattından; Acente görselliği sayesinde,2,,1,Promoter,100.0,1,1
CSI-CRD-00358,Kredi Kullanan Müşteri,Stenos Auto_2025_CSI_Soru_Formu_v2-Final,2025-03-01,Stenos Ankara Çankaya,Ankara,İç Anadolu Bölgesi,Eyyüp Akdeniz,Otomobil-Binek,Retail,55,Erkek,50.001 - 85.000 TL,362000,36,2.8,1,2,Satış danışmanının yönlendirmesi,2,Yapı ve Kredi Bankası; ING; Finans Bank,Daha önce kredi kullanmıştım; Markaya duyulan güven; Araçla birlikte tüm finansal hizmetleri tek noktada sunabilmeleri,9,"Süreç hızlı ilerledi, bilgilendirme yeterliydi",,9,Danışman ilgili ve bilgiliydi,,99,9,7,6,Taksit seçenekleri ihtiyacıma uymadı,9,9,,1,,2,,,,1,Stenos Auto Mobil App; Web sitesi,3,7,8,7,2.0,,1.0,1.0,Değer kaybı teminatı,Sigorta şirketi memnuniyetsizliği; Kendi sigortacısı/tanıdık acente olması,,,,,,2,,2,Passive,88.9,1,0
CSI-CRD-00359,Kredi Kullanan Müşteri,Stenos Auto_2025_CSI_Soru_Formu_v2-Final,2026-05-30,Stenos Erzurum Yakutiye,Erzurum,Doğu Anadolu Bölgesi,Bedri Duran,Otomobil-Binek,Retail,37,Erkek,85.001 - 150.000 TL,1696000,36,11.7,1,1,,2,Başka kuruluş araştırmadım,Hizmet kalitesi; Düşük peşinat / peşinatsız kredi imkânı; Daha önce kredi kullanmıştım,8,Genel olarak iyiydi ancak bazı aşamalar uzun sürdü,,8,Danışman ilgili ve bilgiliydi,,9,7,8,8,,9,6,Onay süreci beklediğimden uzun sürdü,1,,1,Banka Hesap No'ları hakkında bilgi; Kredi Devri / Transferi,8.0,,1,Sosyal medya; Stenos Auto Mobil App,1,8,8,7,1.0,Teminat içeriği,,,,,8.0,10.0,7.0,Fiyat/teminat dengesi beklentimin altındaydı,Acente satış danışmanı; Yetkili servisten,2,,1,Passive,77.8,0,0
CSI-CRD-00360,Kredi Kullanan Müşteri,Stenos Auto_2025_CSI_Soru_Formu_v2-Final,2025-08-16,Stenos Antalya Muratpaşa,Antalya,Akdeniz Bölgesi,Gökperi Demir,Hafif Ticari,Retail,30,Kadın,150.000 TL üzeri,1240000,24,10.9,1,1,,1,Başka kuruluş araştırmadım,Ödeme Planında Esneklik; Kampanyaları olması; Ulaşım kolaylığı,9,"Süreç hızlı ilerledi, bilgilendirme yeterliydi",,10,Danışman ilgili ve bilgiliydi,,10,10,8,99,,7,8,,2,Erken kapama koşulları açıklanmadı,1,Kredi Borcunu erken kapama; Rehin Kaldırma,10.0,,2,,1,8,9,10,1.0,Teminat içeriği; Kredi avantajı,,,,,10.0,10.0,8.0,Fiyat/teminat dengesi beklentimin altındaydı,Yetkili servisten,2,,1,Promoter,88.9,1,0
CSI-CRD-00361,Kredi Kullanan Müşteri,Stenos Auto_2025_CSI_Soru_Formu_v2-Final,2025-07-09,Stenos Antalya Muratpaşa,Antalya,Akdeniz Bölgesi,Behrem Yılmaz,Otomobil-Binek,Retail,37,Erkek,50.001 - 85.000 TL,529000,24,8.4,1,1,,2,Garanti Bankası; Anadolubank,Daha az döküman/daha az prosedür; Düşük peşinat / peşinatsız kredi imkânı; Ulaşım kolaylığı,8,Genel olarak iyiydi ancak bazı aşamalar uzun sürdü,,9,Danışman ilgili ve bilgiliydi,,8,9,8,9,,9,9,,1,,2,,,,2,,1,9,10,9,2.0,,2.0,,,Servis hizmet memnuniyetsizliği,,,,,,2,,1,Promoter,77.8,0,1
CSI-CRD-00362,Kredi Kullanan Müşteri,Stenos Auto_2025_CSI_Soru_Formu_v2-Final,2026-02-19,Stenos Samsun İlkadım,Samsun,Karadeniz Bölgesi,Havse İncifir Hayrioğlu Yıldırım,Otomobil-Binek,Filo,52,Erkek,150.000 TL üzeri,1886000,24,5.8,1,1,,2,Burgan Bank; Vakıflar Bankası; AlBaraka,Hizmet kalitesi; Müşteri ilişkileri; Daha az döküman/daha az prosedür,6,Evrak ve geri dönüş süreçlerinde sorun yaşadım,2.0,5,Danışmanın bilgilendirmesi yetersizdi,99.0,7,5,6,5,Taksit seçenekleri ihtiyacıma uymadı,6,6,Onay süreci beklediğimden uzun sürdü,1,,1,Kaza,5.0,Ekstre güncellememin gecikmeli olması; Devir işlemlerimin uzun zaman alması,2,,2,7,7,7,,,,,,,,,,,,2,,1,Passive,55.6,0,0
CSI-CRD-00363,Kredi Kullanan Müşteri,Stenos Auto_2025_CSI_Soru_Formu_v2-Final,2025-11-16,Stenos Gaziantep Şahinbey,Gaziantep,Güney Doğu Anadolu Bölgesi,Çev. Alkor Yaman,Otomobil-Binek,Filo,32,Erkek,25.001 - 50.000 TL,1434000,36,9.3,1,1,,2,Başka kuruluş araştırmadım,Düşük peşinat / peşinatsız kredi imkânı; Daha önce kredi kullanmıştım; Ulaşım kolaylığı,10,"Süreç hızlı ilerledi, bilgilendirme yeterliydi",,10,Danışman ilgili ve bilgiliydi,,9,10,9,10,,10,9,,1,,1,Kaza; Adres Değişikliği Bildirme,8.0,,2,,3,10,9,10,,,,,,,,,,,,2,,1,Promoter,100.0,1,1
CSI-CRD-00364,Kredi Kullanan Müşteri,Stenos Auto_2025_CSI_Soru_Formu_v2-Final,2026-05-01,Stenos İzmir Bornova,İzmir,Ege Bölgesi,Arş. Gör. Dilsitan Banü Güçlü,Otomobil-Binek,Retail,29,Erkek,150.000 TL üzeri,1924000,36,6.0,1,1,,1,Denizbank,Sorunların zamanında çözülmesi; Düşük peşinat / peşinatsız kredi imkânı; Daha önce kredi kullanmıştım,10,"Süreç hızlı ilerledi, bilgilendirme yeterliydi",,8,Danışman ilgili ve bilgiliydi,,10,10,10,10,,99,10,,2,Taksit tarihleri net anlatılmadı,2,,,,2,,2,10,10,7,2.0,,2.0,,,Kendi sigortacısı/tanıdık acente olması,,,,,,2,,1,Promoter,100.0,1,1
CSI-CRD-00365,Kredi Kullanan Müşteri,Stenos Auto_2025_CSI_Soru_Formu_v2-Final,2026-03-24,Stenos Antalya Muratpaşa,Antalya,Akdeniz Bölgesi,Prof. Nevsale Uğur Zengin Sakarya,Hafif Ticari,Retail,48,Kadın,25.001 - 50.000 TL,647000,60,1.3,1,1,,1,Ziraat Bankası; Anadolubank; Şekerbank,Düşük peşinat / peşinatsız kredi imkânı; Müşteri ilişkileri; Faiz oranı,9,"Süreç hızlı ilerledi, bilgilendirme yeterliydi",,9,Danışman ilgili ve bilgiliydi,,8,9,8,8,,9,10,,1,,1,Kaza,10.0,,1,Sosyal medya; Acente,3,8,9,10,2.0,,1.0,2.0,,Sigorta şirketi memnuniyetsizliği,,,,,,2,,1,Promoter,88.9,1,0
CSI-CRD-00366,Kredi Kullanan Müşteri,Stenos Auto_2025_CSI_Soru_Formu_v2-Final,2025-09-13,Stenos Bursa Nilüfer,Bursa,Marmara Bölgesi,Arş. Gör. Güverçin Şirivan Türk Gül,Otomobil-Binek,Retail,45,Erkek,150.000 TL üzeri,2013000,36,4.5,1,1,,1,Alternatifbank; Vakıflar Bankası; Garanti Bankası,Faiz oranı; Araçla birlikte tüm finansal hizmetleri tek noktada sunabilmeleri; Markanın finans kurumu olması,10,"Süreç hızlı ilerledi, bilgilendirme yeterliydi",,10,Danışman ilgili ve bilgiliydi,,10,9,10,10,,99,10,,2,Gecikme faizi hakkında bilgi verilmedi,1,Rehin Kaldırma,10.0,,1,"Gazete, dergi vb.; Acente; Web sitesi",3,10,10,10,1.0,Kredi avantajı; Teminat içeriği,,,,,9.0,10.0,9.0,,Acente görselliği sayesinde; İnternet reklamlarından,2,,1,Promoter,100.0,1,1
CSI-CRD-00367,Kredi Kullanan Müşteri,Stenos Auto_2025_CSI_Soru_Formu_v2-Final,2025-07-22,Stenos Bursa Nilüfer,Bursa,Marmara Bölgesi,Sevican Asu Yorulmaz,Otomobil-Binek,Retail,58,Erkek,150.000 TL üzeri,1903000,36,5.8,1,2,Peşinat ve vade esnekliği ikna etti,1,İş Bankası; Burgan Bank,Personelin genel tutum davranışları; Daha az döküman/daha az prosedür; Düşük peşinat / peşinatsız kredi imkânı,9,"Süreç hızlı ilerledi, bilgilendirme yeterliydi",,9,Danışman ilgili ve bilgiliydi,,10,8,10,6,Taksit seçenekleri ihtiyacıma uymadı,8,10,,2,Erken kapama koşulları açıklanmadı,2,,,,1,"Stenos Auto Mobil App; Gazete, dergi vb.",1,10,10,8,1.0,Kredi avantajı,,,,,9.0,9.0,9.0,,Yetkili servisten,2,,2,Promoter,88.9,1,1
CSI-CRD-00368,Kredi Kullanan Müşteri,Stenos Auto_2025_CSI_Soru_Formu_v2-Final,2026-06-27,Stenos Diyarbakır Kayapınar,Diyarbakır,Güney Doğu Anadolu Bölgesi,Av. Rafia Şafak Tarhan,Otomobil-Binek,Retail,51,Kadın,25.001 - 50.000 TL,579000,48,10.9,1,1,,1,Başka kuruluş araştırmadım,Daha uzun vade; Faiz oranı; Araçla birlikte tüm finansal hizmetleri tek noktada sunabilmeleri,8,Genel olarak iyiydi ancak bazı aşamalar uzun sürdü,,9,Danışman ilgili ve bilgiliydi,,7,8,8,6,Taksit seçenekleri ihtiyacıma uymadı,8,8,,1,,2,,,,2,,1,8,9,9,1.0,Teminat içeriği; Kredi avantajı,,,,,10.0,6.0,9.0,,Acente satış danışmanı; Yetkili servisten,1,1.0,1,Promoter,77.8,0,0
CSI-CRD-00369,Kredi Kullanan Müşteri,Stenos Auto_2025_CSI_Soru_Formu_v2-Final,2026-02-18,Stenos Denizli Merkezefendi,Denizli,Ege Bölgesi,Okanay Yavuz Çamurcuoğlu Dumanlı,Otomobil-Binek,Filo,36,Kadın,85.001 - 150.000 TL,1173000,36,3.1,1,1,,1,Kuveyt Türk,Ödeme Planında Esneklik; Personelin genel tutum davranışları; Sorunların zamanında çözülmesi,10,"Süreç hızlı ilerledi, bilgilendirme yeterliydi",,10,Danışman ilgili ve bilgiliydi,,99,99,8,10,,10,10,,2,Taksit tarihleri net anlatılmadı,2,,,,1,Sosyal medya,2,10,10,9,,,,,,,,,,,,2,,1,Promoter,100.0,1,1
CSI-CRD-00370,Kredi Kullanan Müşteri,Stenos Auto_2025_CSI_Soru_Formu_v2-Final,2026-06-21,Stenos Bursa Nilüfer,Bursa,Marmara Bölgesi,Atagün Hayrioğlu,Otomobil-Binek,Retail,40,Erkek,150.000 TL üzeri,2343000,48,1.0,1,1,,1,Başka kuruluş araştırmadım,Sorunların zamanında çözülmesi; Kampanyaları olması; Markaya duyulan güven,10,"Süreç hızlı ilerledi, bilgilendirme yeterliydi",,10,Danışman ilgili ve bilgiliydi,,99,9,10,9,,10,10,,2,Erken kapama koşulları açıklanmadı,1,Senet İadesi; Kredi Devri / Transferi,10.0,,2,,2,10,9,8,2.0,,1.0,2.0,,Sigorta şirketi memnuniyetsizliği,,,,,,2,,1,Promoter,100.0,1,1
CSI-CRD-00371,Kredi Kullanan Müşteri,Stenos Auto_2025_CSI_Soru_Formu_v2-Final,2025-03-08,Stenos Ankara Çankaya,Ankara,İç Anadolu Bölgesi,Apaydın Yaman,Hafif Ticari,Retail,57,Erkek,50.001 - 85.000 TL,712000,36,1.0,1,1,,2,Şekerbank; QNB Fibabank; Ziraat Bankası,Daha önce kredi kullanmıştım; Sigorta hizmetlerinin de olması; Kredi alımlarında hızlılık,10,"Süreç hızlı ilerledi, bilgilendirme yeterliydi",,10,Danışman ilgili ve bilgiliydi,,10,10,9,9,,10,10,,1,,1,Kredi Borcunu erken kapama,10.0,,1,Acente,1,10,9,10,1.0,Teminat içeriği; Kredi avantajı,,,,,9.0,10.0,9.0,,Acente satış danışmanı; Stenos Auto Finans veya Stenos Auto internet sayfalarından,2,,1,Promoter,100.0,1,1
CSI-CRD-00372,Kredi Kullanan Müşteri,Stenos Auto_2025_CSI_Soru_Formu_v2-Final,2026-04-08,Stenos Erzurum Yakutiye,Erzurum,Doğu Anadolu Bölgesi,İlper Durmuş,Otomobil-Binek,Retail,58,Kadın,50.001 - 85.000 TL,516000,36,35.9,1,1,,1,Türkiye Finans; OdeaBank,Kredi alımlarında hızlılık; Personelin genel tutum davranışları; Hizmet kalitesi,4,Evrak ve geri dönüş süreçlerinde sorun yaşadım,1.0,99,,,5,6,5,2,Taksit seçenekleri ihtiyacıma uymadı,3,4,Onay süreci beklediğimden uzun sürdü,1,,3,,,,2,,3,3,1,3,1.0,Kredi avantajı,,,,,3.0,4.0,0.0,Fiyat/teminat dengesi beklentimin altındaydı,Stenos Auto Finans veya Stenos Auto iletişim hattından,1,2.0,1,Detractor,33.3,0,0
CSI-CRD-00373,Kredi Kullanan Müşteri,Stenos Auto_2025_CSI_Soru_Formu_v2-Final,2026-01-13,Stenos Bursa Nilüfer,Bursa,Marmara Bölgesi,Nurser Tevetoğlu,Hafif Ticari,Retail,33,Erkek,150.000 TL üzeri,2288000,48,3.2,1,1,,2,Başka kuruluş araştırmadım,Daha önce kredi kullanmıştım; Sorunların zamanında çözülmesi; Daha uzun vade,9,"Süreç hızlı ilerledi, bilgilendirme yeterliydi",,9,Danışman ilgili ve bilgiliydi,,8,99,10,5,Taksit seçenekleri ihtiyacıma uymadı,9,9,,1,,3,,,,1,Stenos Auto Mobil App; Sosyal medya,2,10,10,8,2.0,,1.0,2.0,,Servis hizmet memnuniyetsizliği,,,,,,2,,1,Promoter,88.9,1,1
CSI-CRD-00374,Kredi Kullanan Müşteri,Stenos Auto_2025_CSI_Soru_Formu_v2-Final,2025-03-27,Stenos Bursa Nilüfer,Bursa,Marmara Bölgesi,Servinaz Tülin Tevetoğlu,Otomobil-Binek,Retail,35,Erkek,150.000 TL üzeri,2238000,12,44.9,1,1,,1,Kuveyt Türk; HSBC Bank,Kampanyaları olması; Markanın finans kurumu olması; Daha uzun vade,3,Evrak ve geri dönüş süreçlerinde sorun yaşadım,1.0,4,Danışmanın bilgilendirmesi yetersizdi,1.0,5,3,2,4,Taksit seçenekleri ihtiyacıma uymadı,3,2,Onay süreci beklediğimden uzun sürdü,1,,1,Senet İadesi; Adres Değişikliği Bildirme,4.0,Talebimin gerçekleşmesi uzun zaman aldı; Ekstre güncellememin gecikmeli olması,2,,2,1,2,4,2.0,,3.0,,,Servis hizmet memnuniyetsizliği; Sigorta şirketi memnuniyetsizliği,,,,,,2,,1,Detractor,22.2,0,0
CSI-CRD-00375,Kredi Kullanan Müşteri,Stenos Auto_2025_CSI_Soru_Formu_v2-Final,2025-12-17,Stenos Denizli Merkezefendi,Denizli,Ege Bölgesi,Dr. Dilşat Âlemşah Gül,Otomobil-Binek,Retail,60,Erkek,150.000 TL üzeri,1221000,36,21.8,1,1,,1,Burgan Bank; Yapı ve Kredi Bankası,Ödeme Planında Esneklik; Ulaşım kolaylığı; Kampanyaları olması,5,Evrak ve geri dönüş süreçlerinde sorun yaşadım,2.0,6,Danışmanın bilgilendirmesi yetersizdi,1.0,3,3,2,6,Taksit seçenekleri ihtiyacıma uymadı,5,99,,1,,1,Adres Değişikliği Bildirme; Kredimin ödeme planını revize etmek,6.0,Talebim için birden fazla kişiyle görüşmek durumunda kaldım.; Devir işlemlerimin uzun zaman alması,2,,3,1,2,1,2.0,,2.0,,,Servis hizmet memnuniyetsizliği; Sigorta şirketi memnuniyetsizliği,,,,,,1,2.0,1,Detractor,44.4,0,0
CSI-CRD-00376,Kredi Kullanan Müşteri,Stenos Auto_2025_CSI_Soru_Formu_v2-Final,2026-02-10,Stenos İstanbul Maslak,İstanbul,Marmara Bölgesi,Melihcan Dumanlı,Otomobil-Binek,Retail,34,Erkek,150.000 TL üzeri,986000,24,6.1,1,2,Peşinat ve vade esnekliği ikna etti,1,AlBaraka; Garanti Bankası; Burgan Bank,Sorunların zamanında çözülmesi; Kredi alımlarında hızlılık; Ödeme Planında Esneklik,10,"Süreç hızlı ilerledi, bilgilendirme yeterliydi",,10,Danışman ilgili ve bilgiliydi,,8,10,10,10,,10,10,,1,,99,,,,2,,2,9,9,7,1.0,Fiyat avantajı,,,,,9.0,8.0,9.0,,Yetkili servisten; Stenos Auto Finans veya Stenos Auto internet sayfalarından,2,,2,Promoter,100.0,1,1
CSI-CRD-00377,Kredi Kullanan Müşteri,Stenos Auto_2025_CSI_Soru_Formu_v2-Final,2025-01-25,Stenos Bursa Nilüfer,Bursa,Marmara Bölgesi,Öğr. Hanedan İmam Ertaş,Otomobil-Binek,Filo,43,Erkek,25.001 - 50.000 TL,744000,36,9.0,1,2,Peşinat ve vade esnekliği ikna etti,1,Başka kuruluş araştırmadım,Daha az döküman/daha az prosedür; Düşük peşinat / peşinatsız kredi imkânı; Araçla birlikte tüm finansal hizmetleri tek noktada sunabilmeleri,10,"Süreç hızlı ilerledi, bilgilendirme yeterliydi",,10,Danışman ilgili ve bilgiliydi,,99,10,9,10,,9,10,,1,,2,,,,1,"Stenos Auto Mobil App; Gazete, dergi vb.",3,10,9,10,,,,,,,,,,,,2,,1,Promoter,100.0,1,1
CSI-CRD-00378,Kredi Kullanan Müşteri,Stenos Auto_2025_CSI_Soru_Formu_v2-Final,2025-08-27,Stenos Bursa Nilüfer,Bursa,Marmara Bölgesi,Ruhugül Gül Sakarya,Otomobil-Binek,Retail,31,Erkek,50.001 - 85.000 TL,857000,36,6.6,1,1,,1,ING; Şekerbank,Faiz oranı; Markanın finans kurumu olması; Daha az döküman/daha az prosedür,10,"Süreç hızlı ilerledi, bilgilendirme yeterliydi",,8,Danışman ilgili ve bilgiliydi,,10,9,10,8,,10,10,,1,,1,Kredi Borcunu erken kapama; Rehin Kaldırma,9.0,,1,Stenos Auto Mobil App,3,10,10,10,1.0,Teminat içeriği,,,,,9.0,10.0,9.0,,"Acente görselliği sayesinde; Gazete, dergi ilanlarından",2,,1,Promoter,100.0,1,1
CSI-CRD-00379,Kredi Kullanan Müşteri,Stenos Auto_2025_CSI_Soru_Formu_v2-Final,2026-04-28,Stenos Denizli Merkezefendi,Denizli,Ege Bölgesi,Salimet Hayrioğlu,Otomobil-Binek,Filo,40,Kadın,25.001 - 50.000 TL,509000,24,7.1,1,1,,2,Finans Bank; Anadolubank,Faiz oranı; Personelin genel tutum davranışları; Kredi alımlarında hızlılık,7,Genel olarak iyiydi ancak bazı aşamalar uzun sürdü,,6,Danışmanın bilgilendirmesi yetersizdi,2.0,6,6,6,7,,7,9,,1,,2,,,,2,,1,8,8,8,,,,,,,,,,,,2,,1,Passive,66.7,0,0
CSI-CRD-00380,Kredi Kullanan Müşteri,Stenos Auto_2025_CSI_Soru_Formu_v2-Final,2025-05-10,Stenos Denizli Merkezefendi,Denizli,Ege Bölgesi,Nurdeniz Manço,Otomobil-Binek,Retail,42,Erkek,25.001 - 50.000 TL,511000,36,5.7,1,2,Acentede sunulan faiz oranı beklediğimden uygundu,1,OdeaBank; Vakıflar Bankası; AlBaraka,Kredi alımlarında hızlılık; Daha uzun vade; Markanın finans kurumu olması,10,"Süreç hızlı ilerledi, bilgilendirme yeterliydi",,10,Danışman ilgili ve bilgiliydi,,10,10,9,8,,10,10,,1,,2,,,,1,Web sitesi,3,10,10,10,1.0,Kredi avantajı; Fiyat avantajı,,,,,10.0,9.0,10.0,,İnternet reklamlarından; Daha önce kredi kullanan tanıdıklarımdan / tavsiye,1,1.0,1,Promoter,100.0,1,1
CSI-CRD-00381,Kredi Kullanan Müşteri,Stenos Auto_2025_CSI_Soru_Formu_v2-Final,2025-09-22,Stenos Samsun İlkadım,Samsun,Karadeniz Bölgesi,Dr. Buşra Karadeniz Çorlu,Hafif Ticari,Retail,43,Kadın,50.001 - 85.000 TL,406000,24,7.6,1,2,Satış danışmanının yönlendirmesi,1,Garanti Bankası; Türkiye Finans,Ödeme Planında Esneklik; Sigorta hizmetlerinin de olması; Personelin genel tutum davranışları,8,Genel olarak iyiydi ancak bazı aşamalar uzun sürdü,,9,Danışman ilgili ve bilgiliydi,,99,9,8,8,,8,10,,1,,2,,,,2,,2,6,7,7,1.0,Kredi avantajı; Teminat içeriği,,,,,8.0,9.0,7.0,Fiyat/teminat dengesi beklentimin altındaydı,İnternet reklamlarından; Acente satış danışmanı,2,,1,Passive,77.8,0,0
CSI-CRD-00382,Kredi Kullanan Müşteri,Stenos Auto_2025_CSI_Soru_Formu_v2-Final,2025-08-19,Stenos Gaziantep Şahinbey,Gaziantep,Güney Doğu Anadolu Bölgesi,Mengi Sakarya,Otomobil-Binek,Retail,31,Kadın,50.001 - 85.000 TL,790000,60,14.1,1,1,,2,Başka kuruluş araştırmadım,Düşük peşinat / peşinatsız kredi imkânı; Markaya duyulan güven; Kampanyaları olması,5,Evrak ve geri dönüş süreçlerinde sorun yaşadım,99.0,5,Danışmanın bilgilendirmesi yetersizdi,1.0,1,99,5,4,Taksit seçenekleri ihtiyacıma uymadı,7,5,Onay süreci beklediğimden uzun sürdü,1,,2,,,,2,,3,5,4,4,2.0,,1.0,1.0,Yeni değer klozu,Kendi sigortacısı/tanıdık acente olması; Servis hizmet memnuniyetsizliği,,,,,,2,,1,Detractor,44.4,0,0
CSI-CRD-00383,Kredi Kullanan Müşteri,Stenos Auto_2025_CSI_Soru_Formu_v2-Final,2025-05-14,Stenos Erzurum Yakutiye,Erzurum,Doğu Anadolu Bölgesi,Elvan Çisem Yorulmaz Zengin,Otomobil-Binek,Retail,60,Erkek,50.001 - 85.000 TL,633000,24,5.5,1,1,,2,Kuveyt Türk; Burgan Bank; TEB (Türk Ekonomi Bankası),Araçla birlikte tüm finansal hizmetleri tek noktada sunabilmeleri; Düşük peşinat / peşinatsız kredi imkânı; Ödeme Planında Esneklik,9,"Süreç hızlı ilerledi, bilgilendirme yeterliydi",,10,Danışman ilgili ve bilgiliydi,,10,8,9,7,,10,10,,1,,1,Kaza; Yeni Kredi Başvurusu için,9.0,,1,Web sitesi; Sosyal medya; Stenos Auto Mobil App,2,8,7,9,2.0,,1.0,1.0,Değer kaybı teminatı,Servis hizmet memnuniyetsizliği; Kendi sigortacısı/tanıdık acente olması,,,,,,2,,2,Passive,88.9,1,0
CSI-CRD-00384,Kredi Kullanan Müşteri,Stenos Auto_2025_CSI_Soru_Formu_v2-Final,2026-05-13,Stenos Samsun İlkadım,Samsun,Karadeniz Bölgesi,Dürrüşehvar Seven,Otomobil-Binek,Filo,46,Erkek,150.000 TL üzeri,2472000,24,3.3,1,1,,1,Alternatifbank; Akbank,Daha uzun vade; Personelin genel tutum davranışları; Düşük peşinat / peşinatsız kredi imkânı,10,"Süreç hızlı ilerledi, bilgilendirme yeterliydi",,10,Danışman ilgili ve bilgiliydi,,8,9,99,10,,10,10,,1,,1,Hesap / Borç durumu öğrenme,9.0,,1,Sosyal medya,3,10,9,9,,,,,,,,,,,,2,,1,Promoter,100.0,1,1
CSI-CRD-00385,Kredi Kullanan Müşteri,Stenos Auto_2025_CSI_Soru_Formu_v2-Final,2026-03-04,Stenos İstanbul Kadıköy,İstanbul,Marmara Bölgesi,Safinaz Ayçan Arslan Tevetoğlu,Otomobil-Binek,Retail,29,Kadın,150.000 TL üzeri,2000000,48,1.0,1,1,,1,Finans Bank,Personelin genel tutum davranışları; Düşük peşinat / peşinatsız kredi imkânı; Sigorta hizmetlerinin de olması,10,"Süreç hızlı ilerledi, bilgilendirme yeterliydi",,10,Danışman ilgili ve bilgiliydi,,9,10,8,10,,10,10,,2,Gecikme faizi hakkında bilgi verilmedi,2,,,,2,,1,10,10,7,2.0,,2.0,,,Servis hizmet memnuniyetsizliği,,,,,,2,,1,Promoter,100.0,1,1
CSI-CRD-00386,Kredi Kullanan Müşteri,Stenos Auto_2025_CSI_Soru_Formu_v2-Final,2025-03-09,Stenos Samsun İlkadım,Samsun,Karadeniz Bölgesi,Nefaret Cuheyna Durdu,Otomobil-Binek,Filo,30,Erkek,85.001 - 150.000 TL,1423000,24,11.5,1,1,,2,OdeaBank; Alternatifbank,Markaya duyulan güven; Kredi alımlarında hızlılık; Düşük peşinat / peşinatsız kredi imkânı,10,"Süreç hızlı ilerledi, bilgilendirme yeterliydi",,10,Danışman ilgili ve bilgiliydi,,10,10,9,10,,10,8,,1,,1,Adres Değişikliği Bildirme; Kredi Borcunu erken kapama,10.0,,1,Acente; Web sitesi,2,9,9,9,,,,,,,,,,,,2,,1,Promoter,100.0,1,1
CSI-CRD-00387,Kredi Kullanan Müşteri,Stenos Auto_2025_CSI_Soru_Formu_v2-Final,2026-06-17,Stenos Trabzon Ortahisar,Trabzon,Karadeniz Bölgesi,Bişar Ülker,Hafif Ticari,Retail,41,Erkek,25.001 - 50.000 TL,1427000,12,2.0,1,1,,2,TEB (Türk Ekonomi Bankası); Vakıflar Bankası; Ziraat Bankası,Kredi alımlarında hızlılık; Düşük peşinat / peşinatsız kredi imkânı; Personelin genel tutum davranışları,10,"Süreç hızlı ilerledi, bilgilendirme yeterliydi",,10,Danışman ilgili ve bilgiliydi,,10,8,9,10,,9,10,,2,Gecikme faizi hakkında bilgi verilmedi,2,,,,1,Stenos Auto Mobil App,1,9,9,4,1.0,Fiyat avantajı; Kredi avantajı,,,,,10.0,9.0,8.0,Fiyat/teminat dengesi beklentimin altındaydı,Acente satış danışmanı; Stenos Auto Finans veya Stenos Auto iletişim hattından,2,,1,Promoter,100.0,1,1
CSI-CRD-00388,Kredi Kullanan Müşteri,Stenos Auto_2025_CSI_Soru_Formu_v2-Final,2026-05-28,Stenos Gaziantep Şahinbey,Gaziantep,Güney Doğu Anadolu Bölgesi,Öğr. Deryanur Ergül Akdeniz,Otomobil-Binek,Retail,40,Erkek,85.001 - 150.000 TL,2220000,24,4.8,1,2,Peşinat ve vade esnekliği ikna etti,2,Başka kuruluş araştırmadım,Kredi alımlarında hızlılık; Personelin genel tutum davranışları; Araçla birlikte tüm finansal hizmetleri tek noktada sunabilmeleri,8,Genel olarak iyiydi ancak bazı aşamalar uzun sürdü,,8,Danışman ilgili ve bilgiliydi,,6,9,6,5,Taksit seçenekleri ihtiyacıma uymadı,9,9,,1,,1,Kredimin ödeme planını revize etmek,6.0,Dekontların ellerine ulaşmaması; Müşteri temsilcisinin yaklaşımı,1,Acente,3,10,9,8,2.0,,2.0,,,Sigorta şirketi memnuniyetsizliği,,,,,,2,,1,Promoter,77.8,0,1
CSI-CRD-00389,Kredi Kullanan Müşteri,Stenos Auto_2025_CSI_Soru_Formu_v2-Final,2025-05-27,Stenos Diyarbakır Kayapınar,Diyarbakır,Güney Doğu Anadolu Bölgesi,Dilşat Laze Durdu Bilgin,Otomobil-Binek,Retail,49,Kadın,150.000 TL üzeri,1910000,24,1.6,1,1,,1,Başka kuruluş araştırmadım,Kampanyaları olması; Daha önce kredi kullanmıştım; Faiz oranı,9,"Süreç hızlı ilerledi, bilgilendirme yeterliydi",,8,Danışman ilgili ve bilgiliydi,,10,10,8,10,,6,10,,2,Taksit tarihleri net anlatılmadı,2,,,,2,,2,10,9,6,1.0,Kredi avantajı,,,,,8.0,10.0,7.0,Fiyat/teminat dengesi beklentimin altındaydı,Stenos Auto Finans veya Stenos Auto iletişim hattından,2,,1,Promoter,88.9,1,1
CSI-CRD-00390,Kredi Kullanan Müşteri,Stenos Auto_2025_CSI_Soru_Formu_v2-Final,2026-04-06,Stenos Trabzon Ortahisar,Trabzon,Karadeniz Bölgesi,Av. Övün Şilan Tarhan,Otomobil-Binek,Filo,31,Kadın,150.000 TL üzeri,1820000,36,6.4,1,1,,1,Başka kuruluş araştırmadım,Faiz oranı; Daha önce kredi kullanmıştım; Müşteri ilişkileri,10,"Süreç hızlı ilerledi, bilgilendirme yeterliydi",,10,Danışman ilgili ve bilgiliydi,,10,9,10,10,,10,10,,1,,3,,,,2,,3,10,10,9,,,,,,,,,,,,2,,1,Promoter,100.0,1,1
CSI-CRD-00391,Kredi Kullanan Müşteri,Stenos Auto_2025_CSI_Soru_Formu_v2-Final,2025-02-20,Stenos Antalya Muratpaşa,Antalya,Akdeniz Bölgesi,Tanbay İhsanoğlu,Otomobil-Binek,Retail,41,Erkek,150.000 TL üzeri,1058000,48,7.1,1,1,,1,Başka kuruluş araştırmadım,Daha uzun vade; Faiz oranı; Daha önce kredi kullanmıştım,7,Genel olarak iyiydi ancak bazı aşamalar uzun sürdü,,6,Danışmanın bilgilendirmesi yetersizdi,1.0,99,8,8,4,Taksit seçenekleri ihtiyacıma uymadı,7,7,,1,,1,Adres Değişikliği Bildirme; Sigorta,6.0,Rehin kaldırma işleminin uzun zaman alması; Müşteri temsilcisinin yaklaşımı,2,,2,7,8,8,1.0,Fiyat avantajı; Kredi avantajı,,,,,6.0,7.0,9.0,,Stenos Auto Finans veya Stenos Auto iletişim hattından; Daha önce kredi kullanan tanıdıklarımdan / tavsiye,2,,1,Passive,66.7,0,0
CSI-CRD-00392,Kredi Kullanan Müşteri,Stenos Auto_2025_CSI_Soru_Formu_v2-Final,2026-06-03,Stenos Diyarbakır Kayapınar,Diyarbakır,Güney Doğu Anadolu Bölgesi,Asiman Akçay,Otomobil-Binek,Filo,44,Kadın,150.000 TL üzeri,1859000,36,54.5,1,2,Acentede sunulan faiz oranı beklediğimden uygundu,1,Başka kuruluş araştırmadım,Düşük peşinat / peşinatsız kredi imkânı; Ulaşım kolaylığı; Kampanyaları olması,7,Genel olarak iyiydi ancak bazı aşamalar uzun sürdü,,8,Danışman ilgili ve bilgiliydi,,4,7,6,99,,7,4,Onay süreci beklediğimden uzun sürdü,2,Gecikme faizi hakkında bilgi verilmedi,2,,,,1,Web sitesi,3,6,8,8,,,,,,,,,,,,1,2.0,1,Passive,66.7,0,0
CSI-CRD-00393,Kredi Kullanan Müşteri,Stenos Auto_2025_CSI_Soru_Formu_v2-Final,2026-01-21,Stenos Trabzon Ortahisar,Trabzon,Karadeniz Bölgesi,Mevlüdiye Çamurcuoğlu,Hafif Ticari,Retail,28,Erkek,85.001 - 150.000 TL,2149000,24,1.5,1,2,Kampanya koşulları cazipti,2,Garanti Bankası; Anadolubank; QNB Fibabank,Kredi alımlarında hızlılık; Personelin genel tutum davranışları; Kampanyaları olması,10,"Süreç hızlı ilerledi, bilgilendirme yeterliydi",,10,Danışman ilgili ve bilgiliydi,,10,99,10,10,,9,10,,1,,99,,,,2,,1,9,10,10,2.0,,1.0,1.0,Yeni değer klozu,Sigorta şirketi memnuniyetsizliği,,,,,,2,,1,Promoter,100.0,1,1
CSI-CRD-00394,Kredi Kullanan Müşteri,Stenos Auto_2025_CSI_Soru_Formu_v2-Final,2026-01-11,Stenos İzmir Bornova,İzmir,Ege Bölgesi,Necva Yılmaz,Otomobil-Binek,Retail,45,Kadın,25.001 - 50.000 TL,999000,36,8.1,1,2,Nakit bütçemi bozmak istemedim,2,Başka kuruluş araştırmadım,Müşteri ilişkileri; Daha önce kredi kullanmıştım; Daha az döküman/daha az prosedür,9,"Süreç hızlı ilerledi, bilgilendirme yeterliydi",,99,,,7,10,9,9,,8,10,,1,,2,,,,2,,1,10,10,8,2.0,,1.0,1.0,Muafiyetsiz cam teminatı,Kendi sigortacısı/tanıdık acente olması; Sigorta şirketi memnuniyetsizliği,,,,,,2,,1,Promoter,88.9,1,1
CSI-CRD-00395,Kredi Kullanan Müşteri,Stenos Auto_2025_CSI_Soru_Formu_v2-Final,2025-02-13,Stenos İzmir Bornova,İzmir,Ege Bölgesi,Av. Beyda Durdu,Otomobil-Binek,Retail,60,Erkek,150.000 TL üzeri,1819000,48,1.4,1,2,Peşinat ve vade esnekliği ikna etti,2,Başka kuruluş araştırmadım,Ulaşım kolaylığı; Markaya duyulan güven; Kredi alımlarında hızlılık,9,"Süreç hızlı ilerledi, bilgilendirme yeterliydi",,8,Danışman ilgili ve bilgiliydi,,7,10,8,10,,10,10,,1,,2,,,,2,,3,9,9,8,1.0,Fiyat avantajı,,,,,10.0,8.0,8.0,Fiyat/teminat dengesi beklentimin altındaydı,Stenos Auto Finans veya Stenos Auto iletişim hattından; Yetkili servisten,1,1.0,1,Promoter,88.9,1,1
CSI-CRD-00396,Kredi Kullanan Müşteri,Stenos Auto_2025_CSI_Soru_Formu_v2-Final,2026-05-23,Stenos Adana Seyhan,Adana,Akdeniz Bölgesi,Belgizar Manço Korutürk,Otomobil-Binek,Retail,31,Erkek,25.001 - 50.000 TL,1139000,60,1.0,1,1,,1,Vakıflar Bankası; TEB (Türk Ekonomi Bankası),Ödeme Planında Esneklik; Sigorta hizmetlerinin de olması; Daha uzun vade,9,"Süreç hızlı ilerledi, bilgilendirme yeterliydi",,10,Danışman ilgili ve bilgiliydi,,8,8,8,9,,7,9,,1,,1,Senet İadesi,10.0,,2,,1,9,10,9,1.0,Fiyat avantajı,,,,,10.0,8.0,8.0,Fiyat/teminat dengesi beklentimin altındaydı,Stenos Auto Finans veya Stenos Auto iletişim hattından; Acente görselliği sayesinde,1,1.0,1,Promoter,88.9,1,1
CSI-CRD-00397,Kredi Kullanan Müşteri,Stenos Auto_2025_CSI_Soru_Formu_v2-Final,2025-01-14,Stenos Trabzon Ortahisar,Trabzon,Karadeniz Bölgesi,Aydinç Korutürk,Otomobil-Binek,Retail,29,Kadın,85.001 - 150.000 TL,818000,36,26.3,1,1,,1,AlBaraka; QNB Fibabank,Ulaşım kolaylığı; Müşteri ilişkileri; Araçla birlikte tüm finansal hizmetleri tek noktada sunabilmeleri,6,Evrak ve geri dönüş süreçlerinde sorun yaşadım,1.0,7,Danışmanın bilgilendirmesi yetersizdi,,7,6,5,6,Taksit seçenekleri ihtiyacıma uymadı,4,6,Onay süreci beklediğimden uzun sürdü,1,,1,Kredi Borcunu erken kapama,6.0,Talebim onaylanmadı,2,,2,5,8,5,2.0,,3.0,,,Kendi sigortacısı/tanıdık acente olması,,,,,,2,,2,Passive,55.6,0,0
CSI-CRD-00398,Kredi Kullanan Müşteri,Stenos Auto_2025_CSI_Soru_Formu_v2-Final,2025-04-25,Stenos Ankara Çankaya,Ankara,İç Anadolu Bölgesi,Karataş Seven,Otomobil-Binek,Retail,37,Kadın,150.000 TL üzeri,1888000,36,8.2,1,2,Kampanya koşulları cazipti,2,Kuveyt Türk; İş Bankası,Markanın finans kurumu olması; Sorunların zamanında çözülmesi; Araçla birlikte tüm finansal hizmetleri tek noktada sunabilmeleri,10,"Süreç hızlı ilerledi, bilgilendirme yeterliydi",,10,Danışman ilgili ve bilgiliydi,,9,10,10,10,,10,10,,1,,2,,,,2,,2,9,10,10,2.0,,1.0,1.0,Değer kaybı teminatı,Servis hizmet memnuniyetsizliği; Sigorta şirketi memnuniyetsizliği,,,,,,2,,1,Promoter,100.0,1,1
CSI-CRD-00399,Kredi Kullanan Müşteri,Stenos Auto_2025_CSI_Soru_Formu_v2-Final,2025-03-17,Stenos İstanbul Maslak,İstanbul,Marmara Bölgesi,Okt. Ferhan Nirgül Hançer Gül,Hafif Ticari,Filo,43,Kadın,150.000 TL üzeri,1948000,60,3.2,1,1,,1,Başka kuruluş araştırmadım,Müşteri ilişkileri; Düşük peşinat / peşinatsız kredi imkânı; Ulaşım kolaylığı,7,Genel olarak iyiydi ancak bazı aşamalar uzun sürdü,,7,Danışmanın bilgilendirmesi yetersizdi,,5,7,8,4,Taksit seçenekleri ihtiyacıma uymadı,9,9,,1,,2,,,,2,,1,7,8,6,,,,,,,,,,,,2,,1,Passive,66.7,0,0
CSI-CRD-00400,Kredi Kullanan Müşteri,Stenos Auto_2025_CSI_Soru_Formu_v2-Final,2026-03-31,Stenos Ankara Çankaya,Ankara,İç Anadolu Bölgesi,Özpetek Tevetoğlu,Otomobil-Binek,Retail,38,Erkek,85.001 - 150.000 TL,2010000,48,7.1,1,1,,1,Başka kuruluş araştırmadım,Kampanyaları olması; Müşteri ilişkileri; Hizmet kalitesi,9,"Süreç hızlı ilerledi, bilgilendirme yeterliydi",,10,Danışman ilgili ve bilgiliydi,,7,10,9,9,,8,10,,1,,1,Kredi geri ödeme planımı temin etmek,6.0,Talebimin gerçekleşmesi uzun zaman aldı; Müşteri temsilcisinin yaklaşımı,2,,2,10,10,10,2.0,,3.0,,,Kendi sigortacısı/tanıdık acente olması,,,,,,2,,1,Promoter,88.9,1,1
CSI-CRD-00401,Kredi Kullanan Müşteri,Stenos Auto_2025_CSI_Soru_Formu_v2-Final,2025-04-20,Stenos Denizli Merkezefendi,Denizli,Ege Bölgesi,Alkor Manço,Otomobil-Binek,Filo,42,Erkek,85.001 - 150.000 TL,748000,36,15.6,1,2,Acentede sunulan faiz oranı beklediğimden uygundu,1,Vakıflar Bankası,Daha uzun vade; Personelin genel tutum davranışları; Hizmet kalitesi,7,Genel olarak iyiydi ancak bazı aşamalar uzun sürdü,,7,Danışmanın bilgilendirmesi yetersizdi,,9,8,8,7,,99,6,Onay süreci beklediğimden uzun sürdü,1,,2,,,,1,Acente,1,8,7,7,,,,,,,,,,,,2,,2,Passive,66.7,0,0
CSI-CRD-00402,Kredi Kullanan Müşteri,Stenos Auto_2025_CSI_Soru_Formu_v2-Final,2026-05-10,Stenos Samsun İlkadım,Samsun,Karadeniz Bölgesi,Prof. Tartış Yorulmaz,Otomobil-Binek,Filo,58,Kadın,85.001 - 150.000 TL,1794000,36,13.2,1,2,Satış danışmanının yönlendirmesi,2,Başka kuruluş araştırmadım,Ödeme Planında Esneklik; Daha az döküman/daha az prosedür; Daha önce kredi kullanmıştım,9,"Süreç hızlı ilerledi, bilgilendirme yeterliydi",,9,Danışman ilgili ve bilgiliydi,,8,9,9,8,,8,8,,1,,2,,,,2,,2,10,9,9,,,,,,,,,,,,2,,1,Promoter,88.9,1,1
CSI-CRD-00403,Kredi Kullanan Müşteri,Stenos Auto_2025_CSI_Soru_Formu_v2-Final,2026-01-25,Stenos Samsun İlkadım,Samsun,Karadeniz Bölgesi,Esenbay Dumanlı,Otomobil-Binek,Retail,52,Kadın,25.000 TL altı,677000,24,19.7,1,1,,1,Başka kuruluş araştırmadım,Faiz oranı; Sigorta hizmetlerinin de olması; Ulaşım kolaylığı,5,Evrak ve geri dönüş süreçlerinde sorun yaşadım,1.0,5,Danışmanın bilgilendirmesi yetersizdi,2.0,4,3,3,3,Taksit seçenekleri ihtiyacıma uymadı,7,6,Onay süreci beklediğimden uzun sürdü,1,,1,Sigorta,3.0,Talebim onaylanmadı; Ekstre güncellememin gecikmeli olması,1,Acente,2,5,6,7,2.0,,1.0,1.0,Muafiyetsiz cam teminatı,Servis hizmet memnuniyetsizliği; Sigorta şirketi memnuniyetsizliği,,,,,,2,,1,Detractor,44.4,0,0
CSI-CRD-00404,Kredi Kullanan Müşteri,Stenos Auto_2025_CSI_Soru_Formu_v2-Final,2025-01-13,Stenos Antalya Muratpaşa,Antalya,Akdeniz Bölgesi,Öğr. Şemsinisa Selime Seven,Otomobil-Binek,Retail,42,Erkek,25.001 - 50.000 TL,1206000,60,14.6,1,2,Nakit bütçemi bozmak istemedim,1,Vakıflar Bankası,Kampanyaları olması; Personelin genel tutum davranışları; Kredi alımlarında hızlılık,8,Genel olarak iyiydi ancak bazı aşamalar uzun sürdü,,8,Danışman ilgili ve bilgiliydi,,9,10,8,99,,8,9,,1,,1,Rehin Kaldırma,9.0,,2,,3,5,8,8,1.0,Fiyat avantajı,,,,,8.0,9.0,7.0,Fiyat/teminat dengesi beklentimin altındaydı,Daha önce kredi kullanan tanıdıklarımdan / tavsiye; Acente görselliği sayesinde,2,,1,Passive,77.8,0,0
CSI-CRD-00405,Kredi Kullanan Müşteri,Stenos Auto_2025_CSI_Soru_Formu_v2-Final,2025-01-17,Stenos İstanbul Maslak,İstanbul,Marmara Bölgesi,Günebakan İnönü,Otomobil-Binek,Retail,41,Erkek,85.001 - 150.000 TL,2190000,12,11.3,1,1,,2,Finans Bank; Denizbank,Kredi alımlarında hızlılık; Sorunların zamanında çözülmesi; Daha az döküman/daha az prosedür,8,Genel olarak iyiydi ancak bazı aşamalar uzun sürdü,,10,Danışman ilgili ve bilgiliydi,,9,7,7,7,,5,8,,2,Taksit tarihleri net anlatılmadı,2,,,,2,,2,5,7,9,1.0,Teminat içeriği,,,,,9.0,8.0,6.0,Fiyat/teminat dengesi beklentimin altındaydı,Stenos Auto Finans veya Stenos Auto iletişim hattından,2,,1,Passive,77.8,0,0
CSI-CRD-00406,Kredi Kullanan Müşteri,Stenos Auto_2025_CSI_Soru_Formu_v2-Final,2025-01-05,Stenos Trabzon Ortahisar,Trabzon,Karadeniz Bölgesi,Hazrat Melihcan Demir Arslan,Otomobil-Binek,Retail,34,Kadın,150.000 TL üzeri,2117000,36,4.5,1,2,Satış danışmanının yönlendirmesi,2,Başka kuruluş araştırmadım,Sigorta hizmetlerinin de olması; Markanın finans kurumu olması; Faiz oranı,9,"Süreç hızlı ilerledi, bilgilendirme yeterliydi",,10,Danışman ilgili ve bilgiliydi,,9,9,9,8,,6,10,,1,,1,Banka Hesap No'ları hakkında bilgi,9.0,,2,,1,9,9,10,2.0,,2.0,,,Kendi sigortacısı/tanıdık acente olması,,,,,,2,,1,Promoter,88.9,1,1
CSI-CRD-00407,Kredi Kullanan Müşteri,Stenos Auto_2025_CSI_Soru_Formu_v2-Final,2025-12-04,Stenos Gaziantep Şahinbey,Gaziantep,Güney Doğu Anadolu Bölgesi,Arş. Gör. Meveddet Türk Bilgin,Otomobil-Binek,Filo,51,Kadın,150.000 TL üzeri,1189000,12,1.4,1,2,Acentede sunulan faiz oranı beklediğimden uygundu,1,Burgan Bank; Ziraat Bankası; HSBC Bank,Düşük peşinat / peşinatsız kredi imkânı; Personelin genel tutum davranışları; Sorunların zamanında çözülmesi,8,Genel olarak iyiydi ancak bazı aşamalar uzun sürdü,,6,Danışmanın bilgilendirmesi yetersizdi,2.0,10,7,7,7,,9,8,,1,,2,,,,2,,2,9,7,7,,,,,,,,,,,,2,,1,Passive,77.8,0,1
CSI-CRD-00408,Kredi Kullanan Müşteri,Stenos Auto_2025_CSI_Soru_Formu_v2-Final,2026-03-18,Stenos Bursa Nilüfer,Bursa,Marmara Bölgesi,Şahıgül Yorulmaz Yılmaz,Otomobil-Binek,Retail,42,Erkek,150.000 TL üzeri,2352000,48,1.0,1,1,,1,Türkiye Finans; Alternatifbank,Araçla birlikte tüm finansal hizmetleri tek noktada sunabilmeleri; Kredi alımlarında hızlılık; Markanın finans kurumu olması,8,Genel olarak iyiydi ancak bazı aşamalar uzun sürdü,,9,Danışman ilgili ve bilgiliydi,,10,10,7,10,,8,9,,1,,1,Sigorta Muvafakatnamesi,6.0,Talep ile ilgili doğru bilgi alamaması,1,"Web sitesi; Gazete, dergi vb.; Acente",3,8,7,8,1.0,Kredi avantajı,,,,,9.0,9.0,4.0,Fiyat/teminat dengesi beklentimin altındaydı,"Gazete, dergi ilanlarından",1,2.0,1,Passive,77.8,0,0
CSI-CRD-00409,Kredi Kullanan Müşteri,Stenos Auto_2025_CSI_Soru_Formu_v2-Final,2025-04-06,Stenos İstanbul Kadıköy,İstanbul,Marmara Bölgesi,Giz Akça,Hafif Ticari,Filo,41,Erkek,150.000 TL üzeri,1851000,12,22.0,1,1,,2,Başka kuruluş araştırmadım,Daha az döküman/daha az prosedür; Personelin genel tutum davranışları; Daha uzun vade,7,Genel olarak iyiydi ancak bazı aşamalar uzun sürdü,,7,Danışmanın bilgilendirmesi yetersizdi,,8,8,7,6,Taksit seçenekleri ihtiyacıma uymadı,5,6,Onay süreci beklediğimden uzun sürdü,2,Gecikme faizi hakkında bilgi verilmedi,99,,,,2,,2,5,8,8,,,,,,,,,,,,2,,1,Passive,66.7,0,0
CSI-CRD-00410,Kredi Kullanan Müşteri,Stenos Auto_2025_CSI_Soru_Formu_v2-Final,2026-04-30,Stenos Trabzon Ortahisar,Trabzon,Karadeniz Bölgesi,Çıvgın Yaman,Otomobil-Binek,Retail,49,Erkek,25.001 - 50.000 TL,495000,48,15.6,1,1,,1,Anadolubank; Vakıflar Bankası; Alternatifbank,Müşteri ilişkileri; Daha önce kredi kullanmıştım; Hizmet kalitesi,8,Genel olarak iyiydi ancak bazı aşamalar uzun sürdü,,8,Danışman ilgili ve bilgiliydi,,9,8,6,9,,7,8,,1,,99,,,,2,,3,6,8,7,1.0,Kredi avantajı; Teminat içeriği,,,,,8.0,6.0,7.0,Fiyat/teminat dengesi beklentimin altındaydı,Acente satış danışmanı; Yetkili servisten,1,1.0,1,Passive,77.8,0,0
CSI-CRD-00411,Kredi Kullanan Müşteri,Stenos Auto_2025_CSI_Soru_Formu_v2-Final,2025-02-24,Stenos İstanbul Maslak,İstanbul,Marmara Bölgesi,Maksüde Hayrioğlu,Otomobil-Binek,Retail,48,Kadın,25.001 - 50.000 TL,365000,36,63.9,1,1,,1,Başka kuruluş araştırmadım,Kampanyaları olması; Hizmet kalitesi; Daha uzun vade,2,Evrak ve geri dönüş süreçlerinde sorun yaşadım,1.0,2,Danışmanın bilgilendirmesi yetersizdi,1.0,2,2,3,2,Taksit seçenekleri ihtiyacıma uymadı,4,1,Onay süreci beklediğimden uzun sürdü,1,,1,Kredimin ödeme planını revize etmek,1.0,Müşteri temsilcisinin yaklaşımı; Ödememin hesaplara gecikmeli yansıması,2,,2,6,3,1,1.0,Kredi avantajı,,,,,3.0,5.0,3.0,Fiyat/teminat dengesi beklentimin altındaydı,İnternet reklamlarından,1,2.0,1,Detractor,11.1,0,0
CSI-CRD-00412,Kredi Kullanan Müşteri,Stenos Auto_2025_CSI_Soru_Formu_v2-Final,2026-03-22,Stenos Samsun İlkadım,Samsun,Karadeniz Bölgesi,Abdülahat Oldağ Korutürk Şafak,Hafif Ticari,Retail,43,Kadın,85.001 - 150.000 TL,2338000,36,6.7,1,2,Satış danışmanının yönlendirmesi,2,Garanti Bankası; Şekerbank; İş Bankası,Araçla birlikte tüm finansal hizmetleri tek noktada sunabilmeleri; Markanın finans kurumu olması; Ulaşım kolaylığı,10,"Süreç hızlı ilerledi, bilgilendirme yeterliydi",,9,Danışman ilgili ve bilgiliydi,,8,10,8,10,,9,10,,1,,1,Sigorta Muvafakatnamesi,8.0,,1,Acente; Stenos Auto Mobil App,1,9,10,10,2.0,,1.0,2.0,,Sigorta şirketi memnuniyetsizliği,,,,,,2,,1,Promoter,100.0,1,1
CSI-CRD-00413,Kredi Kullanan Müşteri,Stenos Auto_2025_CSI_Soru_Formu_v2-Final,2026-05-23,Stenos Bursa Nilüfer,Bursa,Marmara Bölgesi,Uz. Kavurt Duran,Otomobil-Binek,Retail,27,Kadın,150.000 TL üzeri,1867000,36,39.0,1,2,Nakit bütçemi bozmak istemedim,2,Türkiye Finans; Finans Bank,Kredi alımlarında hızlılık; Markanın finans kurumu olması; Faiz oranı,2,Evrak ve geri dönüş süreçlerinde sorun yaşadım,2.0,3,Danışmanın bilgilendirmesi yetersizdi,2.0,2,2,2,2,Taksit seçenekleri ihtiyacıma uymadı,1,2,Onay süreci beklediğimden uzun sürdü,1,,2,,,,2,,1,2,4,3,1.0,Teminat içeriği; Kredi avantajı,,,,,1.0,6.0,4.0,Fiyat/teminat dengesi beklentimin altındaydı,Stenos Auto Finans veya Stenos Auto iletişim hattından,1,1.0,1,Detractor,11.1,0,0
CSI-CRD-00414,Kredi Kullanan Müşteri,Stenos Auto_2025_CSI_Soru_Formu_v2-Final,2026-03-19,Stenos Bursa Nilüfer,Bursa,Marmara Bölgesi,Arş. Gör. Sebattin İvecen Ülker,Otomobil-Binek,Retail,35,Kadın,25.001 - 50.000 TL,333000,36,3.2,1,2,Satış danışmanının yönlendirmesi,2,Başka kuruluş araştırmadım,Daha uzun vade; Sorunların zamanında çözülmesi; Kredi alımlarında hızlılık,10,"Süreç hızlı ilerledi, bilgilendirme yeterliydi",,10,Danışman ilgili ve bilgiliydi,,10,10,8,10,,8,10,,1,,1,Yeni Kredi Başvurusu için,10.0,,2,,3,10,10,9,2.0,,3.0,,,Kendi sigortacısı/tanıdık acente olması,,,,,,2,,1,Promoter,100.0,1,1
CSI-CRD-00415,Kredi Kullanan Müşteri,Stenos Auto_2025_CSI_Soru_Formu_v2-Final,2026-02-02,Stenos Ankara Çankaya,Ankara,İç Anadolu Bölgesi,Benek Permun Bilge Korutürk,Hafif Ticari,Retail,51,Kadın,50.001 - 85.000 TL,698000,36,6.6,1,2,Satış danışmanının yönlendirmesi,1,Başka kuruluş araştırmadım,Ödeme Planında Esneklik; Sigorta hizmetlerinin de olması; Düşük peşinat / peşinatsız kredi imkânı,8,Genel olarak iyiydi ancak bazı aşamalar uzun sürdü,,8,Danışman ilgili ve bilgiliydi,,99,8,99,8,,8,9,,1,,2,,,,2,,1,9,9,7,1.0,Teminat içeriği; Kredi avantajı,,,,,6.0,8.0,9.0,,"Gazete, dergi ilanlarından",2,,1,Promoter,77.8,0,1
CSI-CRD-00416,Kredi Kullanan Müşteri,Stenos Auto_2025_CSI_Soru_Formu_v2-Final,2026-04-12,Stenos Denizli Merkezefendi,Denizli,Ege Bölgesi,Merzuk Adlan Ertaş,Hafif Ticari,Retail,33,Erkek,25.001 - 50.000 TL,546000,48,3.6,1,1,,1,Başka kuruluş araştırmadım,Kredi alımlarında hızlılık; Müşteri ilişkileri; Personelin genel tutum davranışları,10,"Süreç hızlı ilerledi, bilgilendirme yeterliydi",,9,Danışman ilgili ve bilgiliydi,,9,10,10,9,,10,10,,1,,2,,,,2,,3,10,10,8,1.0,Fiyat avantajı; Teminat içeriği,,,,,10.0,10.0,10.0,,"Gazete, dergi ilanlarından",2,,1,Promoter,100.0,1,1
CSI-CRD-00417,Kredi Kullanan Müşteri,Stenos Auto_2025_CSI_Soru_Formu_v2-Final,2025-01-16,Stenos Erzurum Yakutiye,Erzurum,Doğu Anadolu Bölgesi,Gözel Durdu,Otomobil-Binek,Retail,53,Erkek,50.001 - 85.000 TL,1855000,48,13.3,1,2,Peşinat ve vade esnekliği ikna etti,1,AlBaraka; Türkiye Finans; ING,Faiz oranı; Ödeme Planında Esneklik; Kredi alımlarında hızlılık,8,Genel olarak iyiydi ancak bazı aşamalar uzun sürdü,,8,Danışman ilgili ve bilgiliydi,,7,8,8,10,,7,7,,1,,2,,,,2,,3,7,8,8,1.0,Fiyat avantajı,,,,,8.0,8.0,9.0,,Yetkili servisten,2,,1,Passive,77.8,0,0
CSI-CRD-00418,Kredi Kullanan Müşteri,Stenos Auto_2025_CSI_Soru_Formu_v2-Final,2025-04-28,Stenos Diyarbakır Kayapınar,Diyarbakır,Güney Doğu Anadolu Bölgesi,Yrd. Doç. Rana Rümeysa Arslan,Hafif Ticari,Filo,49,Erkek,25.001 - 50.000 TL,715000,24,3.3,1,1,,2,Garanti Bankası,Hizmet kalitesi; Araçla birlikte tüm finansal hizmetleri tek noktada sunabilmeleri; Ulaşım kolaylığı,10,"Süreç hızlı ilerledi, bilgilendirme yeterliydi",,10,Danışman ilgili ve bilgiliydi,,99,9,9,99,,10,9,,2,Erken kapama koşulları açıklanmadı,2,,,,1,Sosyal medya,2,9,10,9,,,,,,,,,,,,2,,2,Promoter,100.0,1,1
CSI-CRD-00419,Kredi Kullanan Müşteri,Stenos Auto_2025_CSI_Soru_Formu_v2-Final,2025-03-07,Stenos İstanbul Maslak,İstanbul,Marmara Bölgesi,Kutay Afer Hayrioğlu Aksu,Otomobil-Binek,Retail,38,Kadın,150.000 TL üzeri,1745000,24,19.6,1,1,,2,Garanti Bankası; TEB (Türk Ekonomi Bankası); Akbank,Araçla birlikte tüm finansal hizmetleri tek noktada sunabilmeleri; Markaya duyulan güven; Düşük peşinat / peşinatsız kredi imkânı,6,Evrak ve geri dönüş süreçlerinde sorun yaşadım,1.0,5,Danışmanın bilgilendirmesi yetersizdi,1.0,3,6,6,6,Taksit seçenekleri ihtiyacıma uymadı,5,6,Onay süreci beklediğimden uzun sürdü,1,,1,Hesap / Borç durumu öğrenme,2.0,Müşteri temsilcisinin yaklaşımı; Rehin kaldırma işleminin uzun zaman alması,1,"Web sitesi; Sosyal medya; Gazete, dergi vb.",1,7,8,8,2.0,,2.0,,,Kendi sigortacısı/tanıdık acente olması; Servis hizmet memnuniyetsizliği,,,,,,1,1.0,1,Passive,55.6,0,0
CSI-CRD-00420,Kredi Kullanan Müşteri,Stenos Auto_2025_CSI_Soru_Formu_v2-Final,2025-10-16,Stenos Malatya Battalgazi,Malatya,Doğu Anadolu Bölgesi,Av. Nevsale Birsan Şafak Akdeniz,Otomobil-Binek,Retail,37,Erkek,85.001 - 150.000 TL,634000,24,5.5,1,2,Kampanya koşulları cazipti,1,Başka kuruluş araştırmadım,Araçla birlikte tüm finansal hizmetleri tek noktada sunabilmeleri; Kredi alımlarında hızlılık; Markaya duyulan güven,10,"Süreç hızlı ilerledi, bilgilendirme yeterliydi",,9,Danışman ilgili ve bilgiliydi,,10,10,10,10,,9,8,,1,,1,Senet İadesi; Kredi Borcunu erken kapama,9.0,,2,,3,10,9,10,1.0,Teminat içeriği; Kredi avantajı,,,,,9.0,10.0,8.0,Fiyat/teminat dengesi beklentimin altındaydı,Stenos Auto Finans veya Stenos Auto internet sayfalarından; Yetkili servisten,2,,2,Promoter,100.0,1,1
CSI-CRD-00421,Kredi Kullanan Müşteri,Stenos Auto_2025_CSI_Soru_Formu_v2-Final,2026-03-11,Stenos Erzurum Yakutiye,Erzurum,Doğu Anadolu Bölgesi,Erbil Merzuk Zengin Gülen,Otomobil-Binek,Filo,41,Kadın,25.000 TL altı,388000,36,4.3,1,1,,2,Türkiye Finans; Akbank,Ulaşım kolaylığı; Düşük peşinat / peşinatsız kredi imkânı; Personelin genel tutum davranışları,10,"Süreç hızlı ilerledi, bilgilendirme yeterliydi",,10,Danışman ilgili ve bilgiliydi,,10,10,10,9,,8,10,,1,,2,,,,2,,2,10,9,10,,,,,,,,,,,,2,,1,Promoter,100.0,1,1
CSI-CRD-00422,Kredi Kullanan Müşteri,Stenos Auto_2025_CSI_Soru_Formu_v2-Final,2026-01-05,Stenos Diyarbakır Kayapınar,Diyarbakır,Güney Doğu Anadolu Bölgesi,Kopan Bilge,Hafif Ticari,Retail,43,Erkek,85.001 - 150.000 TL,413000,24,1.0,1,1,,2,OdeaBank,Kredi alımlarında hızlılık; Sorunların zamanında çözülmesi; Düşük peşinat / peşinatsız kredi imkânı,10,"Süreç hızlı ilerledi, bilgilendirme yeterliydi",,10,Danışman ilgili ve bilgiliydi,,99,10,99,10,,9,10,,1,,2,,,,2,,2,10,9,10,2.0,,2.0,,,Servis hizmet memnuniyetsizliği,,,,,,2,,1,Promoter,100.0,1,1
CSI-CRD-00423,Kredi Kullanan Müşteri,Stenos Auto_2025_CSI_Soru_Formu_v2-Final,2026-04-04,Stenos Gaziantep Şahinbey,Gaziantep,Güney Doğu Anadolu Bölgesi,Nalân Güverçin Şama,Hafif Ticari,Retail,65,Kadın,85.001 - 150.000 TL,1005000,48,9.4,1,2,Nakit bütçemi bozmak istemedim,1,Başka kuruluş araştırmadım,Personelin genel tutum davranışları; Daha uzun vade; Sorunların zamanında çözülmesi,9,"Süreç hızlı ilerledi, bilgilendirme yeterliydi",,8,Danışman ilgili ve bilgiliydi,,10,8,8,9,,9,10,,1,,2,,,,2,,2,9,8,8,1.0,Teminat içeriği,,,,,7.0,8.0,8.0,Fiyat/teminat dengesi beklentimin altındaydı,Acente görselliği sayesinde,2,,2,Passive,88.9,1,1
CSI-CRD-00424,Kredi Kullanan Müşteri,Stenos Auto_2025_CSI_Soru_Formu_v2-Final,2025-03-12,Stenos İstanbul Maslak,İstanbul,Marmara Bölgesi,Dr. Oymak Şener,Otomobil-Binek,Filo,36,Kadın,50.001 - 85.000 TL,1057000,12,6.9,1,1,,1,TEB (Türk Ekonomi Bankası); OdeaBank,Düşük peşinat / peşinatsız kredi imkânı; Daha önce kredi kullanmıştım; Sorunların zamanında çözülmesi,10,"Süreç hızlı ilerledi, bilgilendirme yeterliydi",,10,Danışman ilgili ve bilgiliydi,,10,10,10,9,,10,10,,1,,2,,,,1,Web sitesi; Sosyal medya; Stenos Auto Mobil App,2,10,10,7,,,,,,,,,,,,2,,1,Promoter,100.0,1,1
CSI-CRD-00425,Kredi Kullanan Müşteri,Stenos Auto_2025_CSI_Soru_Formu_v2-Final,2026-02-03,Stenos Gaziantep Şahinbey,Gaziantep,Güney Doğu Anadolu Bölgesi,Ruhsat Oymak Akar Akçay,Otomobil-Binek,Filo,25,Erkek,150.000 TL üzeri,2171000,36,1.9,1,1,,1,Başka kuruluş araştırmadım,Markaya duyulan güven; Düşük peşinat / peşinatsız kredi imkânı; Araçla birlikte tüm finansal hizmetleri tek noktada sunabilmeleri,9,"Süreç hızlı ilerledi, bilgilendirme yeterliydi",,10,Danışman ilgili ve bilgiliydi,,9,8,8,8,,7,8,,1,,1,Sigorta Muvafakatnamesi; Senet İadesi,7.0,,1,Stenos Auto Mobil App,2,9,10,6,,,,,,,,,,,,2,,1,Promoter,88.9,1,1
CSI-CRD-00426,Kredi Kullanan Müşteri,Stenos Auto_2025_CSI_Soru_Formu_v2-Final,2025-04-03,Stenos Malatya Battalgazi,Malatya,Doğu Anadolu Bölgesi,Necva Fadıla Yüksel Sakarya,Hafif Ticari,Filo,57,Kadın,85.001 - 150.000 TL,2455000,36,2.4,1,1,,1,Yapı ve Kredi Bankası,Sorunların zamanında çözülmesi; Ulaşım kolaylığı; Markanın finans kurumu olması,9,"Süreç hızlı ilerledi, bilgilendirme yeterliydi",,10,Danışman ilgili ve bilgiliydi,,8,10,9,10,,7,10,,1,,1,Yeni Kredi Başvurusu için,10.0,,2,,2,9,9,10,,,,,,,,,,,,2,,1,Promoter,88.9,1,1
CSI-CRD-00427,Kredi Kullanan Müşteri,Stenos Auto_2025_CSI_Soru_Formu_v2-Final,2025-05-11,Stenos Erzurum Yakutiye,Erzurum,Doğu Anadolu Bölgesi,Erinçer Akar,Otomobil-Binek,Retail,60,Kadın,25.001 - 50.000 TL,599000,24,5.3,1,1,,2,Denizbank; QNB Fibabank,Personelin genel tutum davranışları; Kampanyaları olması; Markanın finans kurumu olması,10,"Süreç hızlı ilerledi, bilgilendirme yeterliydi",,9,Danışman ilgili ve bilgiliydi,,10,10,10,8,,8,9,,1,,2,,,,2,,2,9,9,10,1.0,Fiyat avantajı; Teminat içeriği,,,,,10.0,10.0,10.0,,Yetkili servisten,2,,1,Promoter,100.0,1,1
CSI-CRD-00428,Kredi Kullanan Müşteri,Stenos Auto_2025_CSI_Soru_Formu_v2-Final,2026-02-06,Stenos Gaziantep Şahinbey,Gaziantep,Güney Doğu Anadolu Bölgesi,Yrd. Doç. Birgit İnönü,Hafif Ticari,Filo,41,Erkek,150.000 TL üzeri,1107000,36,31.4,1,1,,1,Başka kuruluş araştırmadım,Düşük peşinat / peşinatsız kredi imkânı; Sorunların zamanında çözülmesi; Personelin genel tutum davranışları,4,Evrak ve geri dönüş süreçlerinde sorun yaşadım,2.0,3,Danışmanın bilgilendirmesi yetersizdi,1.0,6,4,5,6,Taksit seçenekleri ihtiyacıma uymadı,4,3,Onay süreci beklediğimden uzun sürdü,1,,2,,,,2,,2,7,3,4,,,,,,,,,,,,1,1.0,1,Detractor,33.3,0,0
CSI-CRD-00429,Kredi Kullanan Müşteri,Stenos Auto_2025_CSI_Soru_Formu_v2-Final,2026-06-17,Stenos Denizli Merkezefendi,Denizli,Ege Bölgesi,Cantez Akça,Hafif Ticari,Retail,32,Kadın,150.000 TL üzeri,2342000,36,5.7,1,1,,2,Türkiye Finans,Ödeme Planında Esneklik; Personelin genel tutum davranışları; Faiz oranı,10,"Süreç hızlı ilerledi, bilgilendirme yeterliydi",,10,Danışman ilgili ve bilgiliydi,,10,10,10,99,,9,10,,1,,1,Senet İadesi,10.0,,2,,1,10,9,10,1.0,Kredi avantajı,,,,,10.0,8.0,8.0,Fiyat/teminat dengesi beklentimin altındaydı,Acente satış danışmanı,2,,1,Promoter,100.0,1,1
CSI-CRD-00430,Kredi Kullanan Müşteri,Stenos Auto_2025_CSI_Soru_Formu_v2-Final,2025-12-01,Stenos Antalya Muratpaşa,Antalya,Akdeniz Bölgesi,Öğr. Özdeş İnönü Zengin,Otomobil-Binek,Filo,45,Kadın,150.000 TL üzeri,2161000,24,4.2,1,1,,2,Finans Bank; AlBaraka; Denizbank,Kampanyaları olması; Faiz oranı; Sigorta hizmetlerinin de olması,9,"Süreç hızlı ilerledi, bilgilendirme yeterliydi",,10,Danışman ilgili ve bilgiliydi,,8,10,8,8,,6,9,,1,,3,,,,1,Sosyal medya; Web sitesi,1,7,8,8,,,,,,,,,,,,2,,1,Passive,88.9,1,0
CSI-CRD-00431,Kredi Kullanan Müşteri,Stenos Auto_2025_CSI_Soru_Formu_v2-Final,2025-01-10,Stenos Adana Seyhan,Adana,Akdeniz Bölgesi,Dr. Özge Musaffa Bilge Şener,Otomobil-Binek,Retail,34,Kadın,50.001 - 85.000 TL,952000,24,1.0,1,1,,1,Kuveyt Türk; Vakıflar Bankası; Ziraat Bankası,Daha az döküman/daha az prosedür; Hizmet kalitesi; Markaya duyulan güven,10,"Süreç hızlı ilerledi, bilgilendirme yeterliydi",,10,Danışman ilgili ve bilgiliydi,,10,10,10,9,,10,10,,1,,2,,,,1,"Gazete, dergi vb.; Stenos Auto Mobil App",3,9,10,8,1.0,Kredi avantajı,,,,,9.0,10.0,10.0,,Acente satış danışmanı; Stenos Auto Finans veya Stenos Auto internet sayfalarından,2,,1,Promoter,100.0,1,1
CSI-CRD-00432,Kredi Kullanan Müşteri,Stenos Auto_2025_CSI_Soru_Formu_v2-Final,2025-12-15,Stenos Trabzon Ortahisar,Trabzon,Karadeniz Bölgesi,Fatinur Dumanlı,Hafif Ticari,Retail,21,Kadın,85.001 - 150.000 TL,1628000,24,8.3,1,1,,1,Finans Bank; Ziraat Bankası,Ödeme Planında Esneklik; Markanın finans kurumu olması; Kredi alımlarında hızlılık,9,"Süreç hızlı ilerledi, bilgilendirme yeterliydi",,9,Danışman ilgili ve bilgiliydi,,8,9,10,7,,9,7,,2,Taksit tarihleri net anlatılmadı,2,,,,1,Stenos Auto Mobil App; Sosyal medya,2,8,10,8,1.0,Teminat içeriği; Fiyat avantajı,,,,,10.0,8.0,7.0,Fiyat/teminat dengesi beklentimin altındaydı,Stenos Auto Finans veya Stenos Auto iletişim hattından; Yetkili servisten,1,1.0,1,Promoter,88.9,1,0
CSI-CRD-00433,Kredi Kullanan Müşteri,Stenos Auto_2025_CSI_Soru_Formu_v2-Final,2025-01-30,Stenos Bursa Nilüfer,Bursa,Marmara Bölgesi,Nayil Dumanlı,Hafif Ticari,Filo,42,Kadın,50.001 - 85.000 TL,2047000,36,3.1,1,2,Satış danışmanının yönlendirmesi,2,AlBaraka,Ödeme Planında Esneklik; Sorunların zamanında çözülmesi; Personelin genel tutum davranışları,10,"Süreç hızlı ilerledi, bilgilendirme yeterliydi",,10,Danışman ilgili ve bilgiliydi,,10,10,10,9,,10,8,,1,,1,Sigorta,9.0,,1,"Acente; Gazete, dergi vb.",1,8,10,10,,,,,,,,,,,,2,,1,Promoter,100.0,1,0
CSI-CRD-00434,Kredi Kullanan Müşteri,Stenos Auto_2025_CSI_Soru_Formu_v2-Final,2026-05-20,Stenos İstanbul Maslak,İstanbul,Marmara Bölgesi,Kâzime İslime Yorulmaz,Otomobil-Binek,Filo,30,Erkek,25.001 - 50.000 TL,934000,24,11.4,1,1,,1,Başka kuruluş araştırmadım,Kampanyaları olması; Faiz oranı; Sorunların zamanında çözülmesi,9,"Süreç hızlı ilerledi, bilgilendirme yeterliydi",,9,Danışman ilgili ve bilgiliydi,,8,9,7,10,,8,9,,1,,1,Kredi Devri / Transferi,7.0,,1,Acente; Stenos Auto Mobil App; Sosyal medya,2,10,9,9,,,,,,,,,,,,2,,2,Promoter,88.9,1,1
CSI-CRD-00435,Kredi Kullanan Müşteri,Stenos Auto_2025_CSI_Soru_Formu_v2-Final,2026-02-25,Stenos İstanbul Kadıköy,İstanbul,Marmara Bölgesi,Türknur Beray Hançer Ertaş,Hafif Ticari,Retail,61,Kadın,25.001 - 50.000 TL,654000,24,4.5,1,1,,1,Kuveyt Türk; Halk Bankası; QNB Fibabank,Markanın finans kurumu olması; Kredi alımlarında hızlılık; Kampanyaları olması,8,Genel olarak iyiydi ancak bazı aşamalar uzun sürdü,,9,Danışman ilgili ve bilgiliydi,,9,10,5,8,,7,8,,1,,2,,,,2,,3,5,7,7,2.0,,1.0,1.0,Değer kaybı teminatı,Kendi sigortacısı/tanıdık acente olması,,,,,,1,2.0,1,Passive,77.8,0,0
CSI-CRD-00436,Kredi Kullanan Müşteri,Stenos Auto_2025_CSI_Soru_Formu_v2-Final,2025-03-11,Stenos Erzurum Yakutiye,Erzurum,Doğu Anadolu Bölgesi,Bayan Açılay Nili Karadeniz Arslan,Hafif Ticari,Retail,51,Erkek,85.001 - 150.000 TL,1573000,24,8.1,1,1,,1,Akbank; Alternatifbank,Ödeme Planında Esneklik; Faiz oranı; Müşteri ilişkileri,7,Genel olarak iyiydi ancak bazı aşamalar uzun sürdü,,7,Danışmanın bilgilendirmesi yetersizdi,,9,6,5,4,Taksit seçenekleri ihtiyacıma uymadı,6,8,,2,Taksit tarihleri net anlatılmadı,99,,,,1,Stenos Auto Mobil App,2,8,8,8,1.0,Kredi avantajı,,,,,5.0,8.0,8.0,Fiyat/teminat dengesi beklentimin altındaydı,Stenos Auto Finans veya Stenos Auto internet sayfalarından; Daha önce kredi kullanan tanıdıklarımdan / tavsiye,2,,1,Passive,66.7,0,0
CSI-CRD-00437,Kredi Kullanan Müşteri,Stenos Auto_2025_CSI_Soru_Formu_v2-Final,2025-02-13,Stenos Erzurum Yakutiye,Erzurum,Doğu Anadolu Bölgesi,Tolonbay Bilge,Hafif Ticari,Retail,37,Erkek,50.001 - 85.000 TL,1600000,24,7.6,1,1,,1,Burgan Bank; AlBaraka,Kampanyaları olması; Araçla birlikte tüm finansal hizmetleri tek noktada sunabilmeleri; Personelin genel tutum davranışları,9,"Süreç hızlı ilerledi, bilgilendirme yeterliydi",,10,Danışman ilgili ve bilgiliydi,,7,9,10,99,,9,8,,1,,2,,,,2,,3,10,10,5,1.0,Kredi avantajı,,,,,10.0,8.0,10.0,,Stenos Auto Finans veya Stenos Auto iletişim hattından,2,,2,Promoter,88.9,1,1
CSI-CRD-00438,Kredi Kullanan Müşteri,Stenos Auto_2025_CSI_Soru_Formu_v2-Final,2025-04-13,Stenos Malatya Battalgazi,Malatya,Doğu Anadolu Bölgesi,Tanyolaç Tevetoğlu,Otomobil-Binek,Retail,29,Erkek,150.000 TL üzeri,2371000,36,1.0,1,1,,2,Başka kuruluş araştırmadım,Markaya duyulan güven; Personelin genel tutum davranışları; Faiz oranı,10,"Süreç hızlı ilerledi, bilgilendirme yeterliydi",,9,Danışman ilgili ve bilgiliydi,,10,10,10,9,,7,10,,1,,2,,,,2,,1,10,10,9,2.0,,1.0,2.0,,Kendi sigortacısı/tanıdık acente olması,,,,,,2,,1,Promoter,100.0,1,1
CSI-CRD-00439,Kredi Kullanan Müşteri,Stenos Auto_2025_CSI_Soru_Formu_v2-Final,2026-06-27,Stenos İstanbul Kadıköy,İstanbul,Marmara Bölgesi,Seyhan Zengin Durmuş,Otomobil-Binek,Filo,44,Kadın,25.001 - 50.000 TL,415000,60,1.0,1,2,Acentede sunulan faiz oranı beklediğimden uygundu,1,HSBC Bank; Garanti Bankası,Sigorta hizmetlerinin de olması; Ulaşım kolaylığı; Faiz oranı,10,"Süreç hızlı ilerledi, bilgilendirme yeterliydi",,10,Danışman ilgili ve bilgiliydi,,99,10,10,10,,10,9,,1,,1,Kredimin ödeme planını revize etmek; Yeni Kredi Başvurusu için,9.0,,1,Acente; Stenos Auto Mobil App; Sosyal medya,2,10,9,10,,,,,,,,,,,,2,,1,Promoter,100.0,1,1
CSI-CRD-00440,Kredi Kullanan Müşteri,Stenos Auto_2025_CSI_Soru_Formu_v2-Final,2025-09-29,Stenos Malatya Battalgazi,Malatya,Doğu Anadolu Bölgesi,Muktedir Ünübol Durdu,Otomobil-Binek,Retail,62,Erkek,50.001 - 85.000 TL,1536000,48,2.5,1,1,,2,AlBaraka; Halk Bankası; Anadolubank,Markaya duyulan güven; Kredi alımlarında hızlılık; Personelin genel tutum davranışları,9,"Süreç hızlı ilerledi, bilgilendirme yeterliydi",,10,Danışman ilgili ve bilgiliydi,,8,9,10,9,,9,9,,1,,1,Sigorta,8.0,,1,"Acente; Stenos Auto Mobil App; Gazete, dergi vb.",2,7,8,8,1.0,Kredi avantajı,,,,,10.0,8.0,6.0,Fiyat/teminat dengesi beklentimin altındaydı,Daha önce kredi kullanan tanıdıklarımdan / tavsiye; İnternet reklamlarından,2,,1,Passive,88.9,1,0
CSI-CRD-00441,Kredi Kullanan Müşteri,Stenos Auto_2025_CSI_Soru_Formu_v2-Final,2026-03-30,Stenos Gaziantep Şahinbey,Gaziantep,Güney Doğu Anadolu Bölgesi,Gündüzalp Tevetoğlu,Otomobil-Binek,Retail,31,Erkek,50.001 - 85.000 TL,773000,24,2.1,1,1,,2,Burgan Bank; AlBaraka,Daha az döküman/daha az prosedür; Müşteri ilişkileri; Markanın finans kurumu olması,9,"Süreç hızlı ilerledi, bilgilendirme yeterliydi",,8,Danışman ilgili ve bilgiliydi,,8,9,10,7,,10,10,,1,,2,,,,1,"Gazete, dergi vb.; Sosyal medya; Web sitesi",1,9,10,9,2.0,,1.0,1.0,Yeni değer klozu,Kendi sigortacısı/tanıdık acente olması; Servis hizmet memnuniyetsizliği,,,,,,2,,1,Promoter,88.9,1,1
CSI-CRD-00442,Kredi Kullanan Müşteri,Stenos Auto_2025_CSI_Soru_Formu_v2-Final,2026-01-24,Stenos Denizli Merkezefendi,Denizli,Ege Bölgesi,Arş. Gör. Fatinur Yorulmaz Dumanlı,Otomobil-Binek,Filo,44,Erkek,150.000 TL üzeri,1827000,12,4.9,1,1,,1,Ziraat Bankası,Daha az döküman/daha az prosedür; Personelin genel tutum davranışları; Müşteri ilişkileri,10,"Süreç hızlı ilerledi, bilgilendirme yeterliydi",,10,Danışman ilgili ve bilgiliydi,,10,10,99,9,,7,10,,1,,1,Rehin Kaldırma,9.0,,1,"Gazete, dergi vb.; Stenos Auto Mobil App",2,10,9,9,,,,,,,,,,,,2,,1,Promoter,100.0,1,1
CSI-CRD-00443,Kredi Kullanan Müşteri,Stenos Auto_2025_CSI_Soru_Formu_v2-Final,2025-11-16,Stenos Ankara Çankaya,Ankara,İç Anadolu Bölgesi,Ürfettin Şabettin Şama Demirel,Otomobil-Binek,Retail,43,Erkek,85.001 - 150.000 TL,1749000,48,3.9,1,1,,2,TEB (Türk Ekonomi Bankası); Yapı ve Kredi Bankası,Markaya duyulan güven; Düşük peşinat / peşinatsız kredi imkânı; Faiz oranı,10,"Süreç hızlı ilerledi, bilgilendirme yeterliydi",,10,Danışman ilgili ve bilgiliydi,,9,10,10,10,,99,10,,1,,3,,,,2,,1,10,10,10,1.0,Kredi avantajı,,,,,10.0,10.0,10.0,,Acente satış danışmanı,2,,1,Promoter,100.0,1,1
CSI-CRD-00444,Kredi Kullanan Müşteri,Stenos Auto_2025_CSI_Soru_Formu_v2-Final,2025-03-17,Stenos Bursa Nilüfer,Bursa,Marmara Bölgesi,Onursu Şensoy,Otomobil-Binek,Filo,38,Kadın,85.001 - 150.000 TL,616000,12,2.8,1,1,,2,Başka kuruluş araştırmadım,Hizmet kalitesi; Daha uzun vade; Faiz oranı,10,"Süreç hızlı ilerledi, bilgilendirme yeterliydi",,8,Danışman ilgili ve bilgiliydi,,10,10,99,10,,9,10,,1,,2,,,,2,,3,9,9,10,,,,,,,,,,,,2,,1,Promoter,100.0,1,1
CSI-CRD-00445,Kredi Kullanan Müşteri,Stenos Auto_2025_CSI_Soru_Formu_v2-Final,2026-06-30,Stenos Trabzon Ortahisar,Trabzon,Karadeniz Bölgesi,Bay Erdogan Demirel,Otomobil-Binek,Retail,48,Erkek,50.001 - 85.000 TL,784000,48,28.2,1,1,,2,Burgan Bank,Daha önce kredi kullanmıştım; Ödeme Planında Esneklik; Kampanyaları olması,8,Genel olarak iyiydi ancak bazı aşamalar uzun sürdü,,99,,,8,7,8,7,,99,6,Onay süreci beklediğimden uzun sürdü,1,,2,,,,2,,3,6,7,10,2.0,,3.0,,,Kendi sigortacısı/tanıdık acente olması; Servis hizmet memnuniyetsizliği,,,,,,1,2.0,2,Passive,77.8,0,0
CSI-CRD-00446,Kredi Kullanan Müşteri,Stenos Auto_2025_CSI_Soru_Formu_v2-Final,2025-05-09,Stenos Gaziantep Şahinbey,Gaziantep,Güney Doğu Anadolu Bölgesi,Öğr. Yazgül Yasemen Mansız Aksu,Otomobil-Binek,Retail,26,Kadın,150.000 TL üzeri,1686000,24,4.4,1,2,Acentede sunulan faiz oranı beklediğimden uygundu,2,Başka kuruluş araştırmadım,Araçla birlikte tüm finansal hizmetleri tek noktada sunabilmeleri; Daha az döküman/daha az prosedür; Markaya duyulan güven,10,"Süreç hızlı ilerledi, bilgilendirme yeterliydi",,9,Danışman ilgili ve bilgiliydi,,9,10,9,6,Taksit seçenekleri ihtiyacıma uymadı,9,10,,1,,3,,,,1,"Gazete, dergi vb.; Stenos Auto Mobil App; Sosyal medya",3,10,10,10,1.0,Kredi avantajı,,,,,10.0,10.0,10.0,,Stenos Auto Finans veya Stenos Auto internet sayfalarından,2,,1,Promoter,100.0,1,1
CSI-CRD-00447,Kredi Kullanan Müşteri,Stenos Auto_2025_CSI_Soru_Formu_v2-Final,2025-12-11,Stenos Erzurum Yakutiye,Erzurum,Doğu Anadolu Bölgesi,Nurbanu Limon Kısakürek Seven,Otomobil-Binek,Retail,41,Kadın,150.000 TL üzeri,2419000,60,2.2,1,1,,2,TEB (Türk Ekonomi Bankası),Sorunların zamanında çözülmesi; Markaya duyulan güven; Hizmet kalitesi,10,"Süreç hızlı ilerledi, bilgilendirme yeterliydi",,10,Danışman ilgili ve bilgiliydi,,99,9,8,9,,9,10,,1,,2,,,,1,Web sitesi,3,9,9,10,1.0,Kredi avantajı,,,,,9.0,10.0,9.0,,Yetkili servisten; Acente görselliği sayesinde,1,2.0,1,Promoter,100.0,1,1
CSI-CRD-00448,Kredi Kullanan Müşteri,Stenos Auto_2025_CSI_Soru_Formu_v2-Final,2026-02-26,Stenos Kayseri Melikgazi,Kayseri,İç Anadolu Bölgesi,Şahnuray Yorulmaz,Otomobil-Binek,Retail,53,Erkek,85.001 - 150.000 TL,1627000,12,5.3,1,1,,1,Başka kuruluş araştırmadım,Faiz oranı; Ödeme Planında Esneklik; Kampanyaları olması,4,Evrak ve geri dönüş süreçlerinde sorun yaşadım,2.0,6,Danışmanın bilgilendirmesi yetersizdi,2.0,3,6,4,99,,3,7,,2,Gecikme faizi hakkında bilgi verilmedi,1,Sigorta Muvafakatnamesi; Kredi Borcunu erken kapama,2.0,Talebim onaylanmadı; Dekontların ellerine ulaşmaması,2,,2,2,6,3,2.0,,1.0,2.0,,Sigorta şirketi memnuniyetsizliği,,,,,,2,,1,Detractor,33.3,0,0
CSI-CRD-00449,Kredi Kullanan Müşteri,Stenos Auto_2025_CSI_Soru_Formu_v2-Final,2026-01-12,Stenos Gaziantep Şahinbey,Gaziantep,Güney Doğu Anadolu Bölgesi,Bağdat Şama,Otomobil-Binek,Retail,32,Erkek,50.001 - 85.000 TL,1447000,12,5.4,1,1,,1,Kuveyt Türk,Hizmet kalitesi; Müşteri ilişkileri; Markaya duyulan güven,10,"Süreç hızlı ilerledi, bilgilendirme yeterliydi",,10,Danışman ilgili ve bilgiliydi,,10,10,9,99,,7,10,,1,,1,Adres Değişikliği Bildirme; Senet İadesi,10.0,,2,,1,8,9,10,2.0,,1.0,2.0,,Servis hizmet memnuniyetsizliği; Kendi sigortacısı/tanıdık acente olması,,,,,,2,,1,Promoter,100.0,1,0
CSI-CRD-00450,Kredi Kullanan Müşteri,Stenos Auto_2025_CSI_Soru_Formu_v2-Final,2026-05-08,Stenos Adana Seyhan,Adana,Akdeniz Bölgesi,Sağıt Umman Kısakürek Arslan,Otomobil-Binek,Retail,42,Kadın,85.001 - 150.000 TL,2343000,48,22.4,1,1,,2,Başka kuruluş araştırmadım,Faiz oranı; Araçla birlikte tüm finansal hizmetleri tek noktada sunabilmeleri; Kredi alımlarında hızlılık,6,Evrak ve geri dönüş süreçlerinde sorun yaşadım,99.0,6,Danışmanın bilgilendirmesi yetersizdi,2.0,7,6,4,6,Taksit seçenekleri ihtiyacıma uymadı,7,6,Onay süreci beklediğimden uzun sürdü,1,,2,,,,1,Web sitesi; Stenos Auto Mobil App,1,5,7,6,2.0,,1.0,2.0,,Servis hizmet memnuniyetsizliği; Sigorta şirketi memnuniyetsizliği,,,,,,2,,2,Passive,55.6,0,0
